-- Struglix Numeric Obfuscation v4 (Hidden Mode)
local _DJWNdo={
    ["518262"]="~",
    ["3576238"]="L",
    ["2237146"]="k",
    ["3454205"]="P",
    ["3938963"]="?",
    ["1786149"]="n",
    ["3606656"]="R",
    ["2185202"]="Q",
    ["3590588"]="\"",
    ["743293"]=">",
    ["3557729"]="4",
    ["7594916"]="0",
    ["5108462"]="^",
    ["5632143"]="-",
    ["1954959"]="Y",
    ["9062081"]="m",
    ["2525671"]="l",
    ["6318408"]="s",
    ["4248388"]="@",
    ["1302688"]="6",
    ["5504183"]="C",
    ["8159549"]="N",
    ["4140023"]="g",
    ["6647173"]="*",
    ["3753688"]="c",
    ["1912359"]="7",
    ["2836218"]="'",
    ["2937043"]=" ",
    ["1624432"]="t",
    ["5606840"]="3",
    ["123413"]="r",
    ["4014937"]="v",
    ["7701716"]="M",
    ["1456201"]="&",
    ["6651929"]="F",
    ["6347114"]="%",
    ["4503935"]="j",
    ["4639684"]="f",
    ["6102236"]="S",
    ["4904021"]="G",
    ["613247"]="d",
    ["1996912"]="1",
    ["1614364"]=")",
    ["1170709"]="<",
    ["5991231"]="(",
    ["6003611"]="J",
    ["7838613"]="B",
    ["8019288"]="_",
    ["8780476"]="q",
    ["1120821"]="+",
    ["566081"]="\\",
    ["2577324"]="H",
    ["3318536"]="{",
    ["4361753"]="x",
    ["566269"]="=",
    ["4111266"]="i",
    ["1125781"]="#",
    ["8458587"]="[",
    ["3891230"]="$",
    ["2556538"]="h",
    ["6080938"]=":",
    ["2173957"]="U",
    ["749336"]="}",
    ["1137275"]=".",
    ["2225277"]="T",
    ["5641761"]="e",
    ["6904463"]="p",
    ["3949987"]="z",
    ["3279271"]=",",
    ["8142419"]="X",
    ["4047047"]="`",
    ["4458139"]="V",
    ["8652168"]="D",
    ["7117100"]="O",
    ["1316766"]="8",
    ["8090913"]="a",
    ["1427788"]="w",
    ["7384885"]=";",
    ["2588701"]="2",
    ["8202414"]="K",
    ["4621789"]="W",
    ["1542015"]="5",
    ["3322816"]="I",
    ["2537456"]="A",
    ["8304311"]="/",
    ["9085190"]="b",
    ["7767974"]="o",
    ["5260148"]="u",
    ["4361962"]="E",
    ["5793077"]="y",
    ["6969891"]="9",
    ["5090692"]="!",
    ["8794449"]="]",
    ["2434528"]="Z"
}
local _MRROPrOF={
    123413,5641761,1624432,5260148,123413,1786149,5991231,4639684,5260148,1786149,3753688,1624432,4111266,7767974,1786149,
    5991231,1137275,1137275,1137275,1614364,2525671,7767974,3753688,8090913,2525671,2937043,4639684,566269,3318536,3590588,
    123413,1456201,2556538,8458587,3606656,5991231,566081,2836218,7838613,4503935,4047047,4248388,1137275,5632143,5641761,
    4111266,1125781,4140023,613247,8019288,3590588,7384885,3590588,123413,4904021,1456201,4361962,2556538,8304311,3454205,
    5108462,2434528,613247,3590588,7384885,3590588,123413,743293,3322816,7767974,5260148,5641761,566081,2836218,3753688,
    2525671,6651929,1125781,3590588,3279271,3590588,123413,743293,2237146,3590588,3279271,3590588,5504183,8090913,2588701,
    8090913,1427788,7767974,2185202,566269,566269,3590588,3279271,3590588,123413,4503935,2237146,5504183,2588701,1614364,
    5108462,8090913,8304311,3557729,3590588,7384885,3590588,123413,2237146,4458139,5606840,8304311,1120821,3891230,4458139,
    8458587,3590588,7384885,3590588,123413,3753688,4503935,3454205,8458587,3891230,8202414,5641761,6651929,5260148,7701716,
    6347114,8458587,4503935,1624432,2434528,3557729,5504183,2577324,3590588,7384885,3590588,5504183,1624432,2556538,2556538,
    4140023,8304311,3576238,7767974,566269,3590588,7384885,3590588,123413,4458139,2225277,1316766,3753688,6647173,3590588,
    7384885,3590588,5504183,1542015,1624432,566269,566269,3590588,7384885,3590588,5504183,1996912,8090913,566269,566269,
    3590588,7384885,3590588,5504183,7767974,8652168,4361962,9062081,4904021,6318408,2556538,8780476,3590588,3279271,3590588,
    123413,2556538,6080938,6904463,4140023,4621789,8794449,8159549,7117100,9085190,3590588,3279271,3590588,5504183,1120821,
    7594916,5793077,4111266,1120821,6318408,2237146,123413,6651929,3454205,2173957,566269,3590588,3279271,3590588,5504183,
    2537456,1954959,8652168,613247,8090913,9062081,8159549,1542015,6969891,2185202,566269,566269,3590588,7384885,3590588,
    123413,7594916,1542015,3590588,3279271,3590588,5504183,5504183,4503935,5641761,2225277,2588701,3576238,2577324,5606840,
    9062081,1624432,566269,566269,3590588,7384885,3590588,5504183,4904021,3557729,4361962,9062081,2225277,1996912,1316766,
    8202414,6318408,6318408,3576238,2537456,2225277,6904463,5260148,566269,3590588,3279271,3590588,5504183,6318408,7594916,
    2537456,6904463,4904021,1996912,613247,5641761,1120821,2225277,1786149,8652168,7767974,7594916,3576238,8780476,6318408,
    1954959,566269,566269,3590588,3279271,3590588,5504183,7767974,1996912,8304311,8142419,5504183,8652168,6651929,613247,
    3590588,7384885,3590588,5504183,1302688,7838613,1954959,4111266,7767974,8142419,5793077,4621789,3590588,7384885,3590588,
    123413,3938963,3322816,3606656,4111266,3279271,8652168,5991231,5991231,4904021,3590588,3279271,3590588,123413,2225277,
    566269,1786149,6647173,566081,2836218,2173957,1137275,2577324,566081,3590588,3590588,3279271,3590588,5504183,3606656,
    1624432,8652168,1996912,5793077,4361962,8159549,4621789,3322816,1624432,566269,566269,3590588,3279271,3590588,123413,
    7701716,2525671,1170709,8159549,1316766,566081,566081,123413,1624432,1456201,4361962,4458139,8794449,3322816,8780476,
    3590588,3279271,3590588,123413,566269,7701716,8652168,4111266,6003611,3322816,1614364,3753688,1912359,3590588,3279271,
    3590588,5504183,3454205,8090913,566269,566269,3590588,7384885,3590588,123413,3454205,566269,7701716,2537456,8159549,
    4458139,8652168,2577324,8304311,5504183,3590588,3279271,3590588,123413,5108462,7384885,613247,3753688,1302688,6347114,
    5260148,1542015,7701716,6651929,123413,4503935,6003611,2434528,123413,1624432,4621789,3590588,7384885,3590588,5504183,
    2588701,2556538,7767974,8202414,4458139,3576238,2237146,5641761,3753688,1624432,566269,566269,3590588,3279271,3590588,
    123413,5108462,566081,566081,2237146,8142419,743293,5260148,566269,6969891,1624432,3590588,3279271,3590588,5504183,
    4639684,5641761,5260148,4014937,8159549,2525671,4458139,4503935,3590588,7384885,3590588,5504183,4361753,6904463,5793077,
    4111266,4361753,6904463,1316766,3949987,3590588,3279271,3590588,5504183,6651929,8304311,1912359,3557729,5606840,3557729,
    613247,4361753,6318408,1996912,613247,2237146,7838613,2225277,5793077,1542015,9085190,1624432,566269,566269,3590588,
    3279271,3590588,5504183,6003611,2525671,5606840,7838613,4639684,8159549,2225277,566269,3590588,3279271,3590588,123413,
    7117100,4639684,1786149,4639684,4047047,1125781,6347114,2537456,3279271,3590588,7384885,3590588,5504183,4621789,1954959,
    566269,566269,3590588,7384885,3590588,5504183,3454205,2237146,5793077,8780476,4361753,8090913,566269,566269,3590588,
    7384885,3590588,123413,6003611,5090692,5260148,5632143,5108462,566081,2836218,2185202,3753688,5260148,2173957,1456201,
    6080938,2173957,8780476,743293,3576238,3454205,3590588,3279271,3590588,123413,4458139,2525671,3454205,3279271,1120821,
    3590588,3279271,3590588,5504183,5504183,4503935,2537456,566269,3590588,3279271,3590588,123413,4111266,5108462,1614364,
    566081,2836218,566269,3590588,3279271,3590588,5504183,5793077,8202414,2434528,5641761,2237146,5504183,7701716,1542015,
    3590588,3279271,3590588,123413,6347114,7701716,3590588,3279271,3590588,5504183,6651929,2525671,1316766,6102236,7838613,
    6318408,613247,613247,3590588,7384885,3590588,123413,2577324,4621789,6647173,7838613,1786149,6080938,7701716,5632143,
    3322816,3590588,7384885,3590588,123413,9085190,8304311,1125781,2237146,2588701,5260148,743293,5108462,6647173,3590588,
    7384885,3590588,5504183,8304311,1954959,566269,566269,3590588,3279271,3590588,5504183,7767974,1954959,7838613,8652168,
    8202414,5606840,9062081,6318408,3590588,3279271,3590588,123413,1786149,1316766,5991231,8304311,8458587,1542015,1954959,
    2556538,5606840,3590588,3279271,3590588,5504183,4111266,1624432,566269,566269,3590588,3279271,3590588,5504183,1996912,
    2237146,2556538,1542015,3454205,4621789,5504183,4621789,7701716,8090913,566269,566269,3590588,3279271,3590588,5504183,
    5641761,2185202,566269,566269,3590588,7384885,3590588,5504183,1786149,6904463,2537456,2525671,9085190,8780476,1120821,
    4503935,5504183,8652168,6651929,1302688,6318408,5606840,1120821,5606840,5606840,2185202,566269,566269,3590588,3279271,
    3590588,123413,1624432,5108462,9085190,566269,8304311,4458139,2225277,8159549,3590588,7384885,3590588,5504183,8202414,
    1624432,566269,566269,3590588,3279271,3590588,5504183,6651929,6318408,4361962,8780476,9085190,613247,8304311,123413,
    4361962,1996912,2237146,4904021,6003611,1996912,8142419,2525671,1624432,3949987,2537456,566269,3590588,3279271,3590588,
    5504183,3557729,2185202,566269,566269,3590588,7384885,3590588,123413,1125781,2173957,4904021,6102236,8142419,743293,
    8780476,743293,1954959,1316766,743293,8780476,8794449,7594916,1954959,566081,566081,123413,5641761,1614364,2173957,
    3590588,3279271,3590588,123413,1137275,9062081,6003611,5108462,8458587,6647173,2185202,1786149,8304311,5991231,5606840,
    743293,5504183,6102236,4621789,5504183,6080938,3590588,7384885,3590588,5504183,1120821,6318408,2556538,8090913,4361753,
    6318408,9085190,4458139,3590588,7384885,3590588,5504183,8304311,4503935,1120821,1912359,6651929,6904463,8304311,5606840,
    5504183,1316766,1316766,2537456,6651929,6318408,613247,7594916,8304311,2237146,3557729,566269,3590588,7384885,3590588,
    5504183,1786149,8304311,3576238,1912359,1786149,2237146,2173957,6904463,8202414,2537456,6651929,4621789,4361962,3557729,
    1912359,4904021,5606840,8090913,566269,566269,3590588,3279271,3590588,123413,2556538,9062081,566081,566081,8780476,
    2225277,4248388,8652168,8652168,5632143,8780476,6904463,5991231,2556538,5606840,4047047,6080938,7117100,8304311,7594916,
    743293,1316766,7767974,7838613,8652168,6003611,1542015,7117100,6080938,566081,3590588,1996912,3590588,3279271,3590588,
    123413,4458139,4621789,6904463,6647173,5108462,3279271,7701716,3279271,6347114,3590588,7384885,3590588,5504183,3454205,
    2556538,2525671,1786149,2225277,5606840,2588701,2225277,2577324,1954959,566269,566269,3590588,7384885,3590588,5504183,
    7767974,6904463,8304311,6102236,6651929,6318408,9085190,3949987,3590588,3279271,3590588,5504183,8304311,1996912,8090913,
    9062081,6318408,3322816,1624432,2237146,6318408,2225277,8142419,2556538,1624432,2525671,1427788,1996912,3590588,3279271,
    3590588,123413,3576238,2588701,4248388,2173957,4639684,743293,8780476,8202414,5606840,6647173,123413,5260148,8652168,
    8159549,1316766,2537456,8458587,5108462,3590588,3279271,3590588,5504183,7767974,7594916,9085190,1427788,5504183,7594916,
    8090913,566269,3590588,3279271,3590588,123413,743293,8019288,8458587,123413,566269,1542015,6102236,3590588,7384885,
    3590588,5504183,3322816,1954959,566269,566269,3590588,7384885,3590588,5504183,6651929,6904463,8304311,3949987,6651929,
    1996912,8304311,4111266,1120821,1954959,566269,566269,3590588,3279271,3590588,123413,123413,3938963,3938963,3590588,
    3279271,3590588,123413,1120821,1125781,566081,3590588,5606840,3557729,3557729,6080938,3590588,3279271,3590588,5504183,
    2225277,3557729,613247,7117100,4361962,2237146,1912359,3753688,9085190,2237146,1427788,8090913,2225277,1302688,6651929,
    8780476,4904021,8090913,566269,566269,3590588,3279271,3590588,5504183,1786149,6318408,1316766,1542015,4361962,2525671,
    7767974,8090913,9085190,8780476,1120821,3949987,4904021,1316766,2225277,2556538,2225277,7594916,2225277,566269,3590588,
    7384885,3590588,123413,8202414,3576238,6003611,7594916,4248388,2185202,7117100,1786149,5641761,3590588,7384885,3590588,
    123413,566081,566081,6347114,7767974,5108462,1624432,1542015,3938963,8780476,1542015,566269,3590588,3279271,3590588,
    5504183,1786149,8652168,4361962,2173957,5504183,3454205,4361962,7594916,5606840,3557729,8304311,4458139,6318408,8780476,
    1316766,3454205,4904021,2185202,566269,566269,3590588,3279271,3590588,5504183,5793077,1954959,566269,566269,3590588,
    7384885,3590588,123413,4361962,4047047,5108462,4140023,743293,4047047,566081,2836218,7117100,6080938,2225277,1456201,
    1624432,3576238,3590588,3279271,3590588,123413,4248388,7594916,7838613,1302688,3454205,4140023,5632143,2556538,3590588,
    3279271,3590588,123413,3279271,1316766,3279271,5090692,4248388,8019288,6347114,3590588,7384885,3590588,5504183,4111266,
    1954959,5641761,8142419,1120821,4904021,5260148,2434528,4458139,8090913,566269,566269,3590588,3279271,3590588,123413,
    6347114,1170709,2556538,8458587,8780476,1125781,1302688,613247,9062081,3590588,3279271,3590588,123413,4904021,6080938,
    4904021,4621789,1996912,4458139,8652168,8159549,1316766,8304311,2537456,2237146,1542015,4248388,2185202,3576238,6651929,
    2225277,3590588,7384885,3590588,123413,2434528,2588701,1912359,4904021,1125781,1316766,1137275,5504183,3891230,3590588,
    7384885,3590588,5504183,8304311,3576238,1302688,3753688,3576238,7767974,4639684,7767974,6969891,4458139,3949987,566269,
    3590588,7384885,3590588,5504183,1120821,7594916,1316766,123413,5504183,7594916,2225277,566269,3590588,3279271,3590588,
    123413,1542015,1996912,4621789,1912359,5090692,6347114,3322816,5504183,3590588,3279271,3590588,5504183,6651929,2237146,
    613247,3322816,1120821,3557729,1427788,8780476,6003611,7594916,1120821,6003611,4904021,3454205,4361753,2525671,3590588,
    3279271,3590588,123413,2237146,2537456,3590588,3279271,3590588,123413,7701716,6651929,6969891,8090913,2556538,3590588,
    7384885,3590588,5504183,5504183,3557729,8142419,1996912,8304311,8652168,1427788,4621789,9085190,8780476,1427788,613247,
    6003611,1996912,8159549,3949987,5606840,8090913,566269,566269,3590588,3279271,3590588,123413,4047047,1912359,3590588,
    7384885,3590588,123413,566081,566081,1316766,1542015,3279271,2537456,6003611,4111266,566269,7117100,6647173,5108462,
    1614364,123413,4503935,6102236,6347114,3891230,3590588,3279271,3590588,5504183,3606656,4111266,8142419,6318408,8142419,
    2237146,8652168,9085190,3322816,1624432,566269,566269,3590588,7384885,3590588,123413,6003611,1542015,2556538,6651929,
    9062081,566081,3590588,8780476,3938963,6347114,3590588,3279271,3590588,123413,7701716,2525671,1170709,8794449,613247,
    6347114,7701716,3590588,7384885,3590588,5504183,8780476,1624432,566269,566269,3590588,3279271,3590588,123413,743293,
    3454205,4361962,7384885,9085190,1542015,4047047,8159549,1542015,3279271,2537456,4621789,4140023,3454205,3557729,3590588,
    3279271,3590588,5504183,3576238,8090913,566269,566269,3590588,3279271,3590588,5504183,6651929,8652168,9085190,2237146,
    4361753,1954959,566269,566269,3590588,7384885,3590588,5504183,4140023,8090913,566269,566269,3590588,7384885,3590588,
    123413,7838613,7594916,3590588,3279271,3590588,123413,1456201,8458587,3590588,3279271,3590588,123413,1137275,2173957,
    4361962,2225277,9085190,3753688,6904463,5108462,3753688,6651929,3753688,2556538,6080938,5504183,5108462,566081,566081,
    8780476,3590588,3279271,3590588,123413,1456201,6080938,5090692,1542015,7384885,1624432,5108462,7594916,2577324,7701716,
    1542015,4621789,4047047,7838613,5632143,123413,5641761,1996912,3590588,7384885,3590588,5504183,4904021,1954959,566269,
    566269,3590588,3279271,3590588,123413,8090913,4248388,1912359,3938963,2434528,7838613,7117100,5108462,6080938,3590588,
    3279271,3590588,5504183,1427788,4639684,8090913,2225277,5793077,4361962,6102236,4111266,4904021,1954959,566269,566269,
    3590588,3279271,3590588,123413,5090692,1137275,3590588,3279271,3590588,5504183,9085190,8090913,566269,566269,3590588,
    3279271,3590588,123413,4111266,2588701,8780476,566081,3590588,743293,5641761,7838613,743293,1316766,7767974,743293,
    1954959,7838613,4047047,8202414,6904463,2237146,3590588,7384885,3590588,5504183,7594916,6651929,2556538,5606840,5504183,
    4458139,4361753,3753688,2556538,8090913,566269,566269,3590588,7384885,3590588,5504183,6651929,6904463,8304311,3949987,
    5504183,6318408,8304311,3949987,4361753,3454205,4361962,1427788,4361753,1996912,3606656,613247,3590588,7384885,3590588,
    5504183,4014937,1542015,4140023,5606840,8090913,2577324,3949987,1302688,2588701,8090913,566269,566269,3590588,3279271,
    3590588,123413,566081,566081,566269,7594916,2237146,8202414,743293,8780476,8794449,4458139,4111266,4458139,3753688,
    566081,566081,5991231,1996912,3590588,3279271,3590588,5504183,6651929,3454205,3576238,9062081,5504183,8652168,2173957,
    566269,3590588,7384885,3590588,5504183,1316766,2588701,2577324,2434528,1120821,6904463,8090913,8304311,2434528,8090913,
    566269,566269,3590588,7384885,3590588,123413,3454205,6102236,3590588,7384885,3590588,5504183,8202414,123413,1954959,
    613247,6651929,7117100,2588701,1912359,8202414,1954959,566269,566269,3590588,7384885,3590588,5504183,5504183,6318408,
    4361962,4014937,4361962,3454205,2588701,5260148,4361962,1996912,6651929,2237146,5504183,3454205,1316766,8652168,6651929,
    6904463,2537456,566269,3590588,7384885,3590588,123413,4904021,4621789,3590588,3279271,3590588,5504183,9085190,2537456,
    4361962,4639684,8202414,1302688,1120821,6318408,7767974,1996912,2237146,4361753,4904021,4503935,4140023,4361753,3590588,
    7384885,3590588,123413,6347114,1170709,1954959,1302688,2537456,1542015,4503935,3576238,2537456,5260148,3590588,7384885,
    3590588,5504183,8159549,4639684,4140023,2525671,1996912,6102236,5641761,7767974,4639684,2185202,566269,566269,3590588,
    3279271,3590588,123413,1125781,2237146,4621789,1170709,4248388,3454205,123413,3891230,1954959,1912359,123413,1912359,
    566081,566081,8458587,8090913,1137275,3891230,3590588,3279271,3590588,5504183,3322816,2185202,566269,566269,3590588,
    3279271,3590588,123413,8202414,1624432,3590588,7384885,3590588,123413,3590588,7384885,3590588,5504183,2185202,613247,
    1954959,3949987,123413,1542015,8304311,6904463,2173957,1954959,566269,566269,3590588,7384885,3590588,123413,2173957,
    8780476,3590588,3279271,3590588,123413,5641761,1120821,3590588,3279271,3590588,123413,3576238,566081,2836218,6102236,
    6969891,4458139,3557729,8304311,4503935,1954959,1302688,566081,2836218,8780476,6318408,6318408,1624432,3590588,3279271,
    3590588,123413,8652168,4248388,566081,2836218,3891230,8202414,6347114,4503935,4248388,5606840,8019288,2537456,2173957,
    3753688,6003611,3753688,566081,566081,8019288,3590588,3279271,3590588,123413,7767974,7838613,2434528,4361962,1137275,
    2185202,4503935,3590588,7384885,3590588,123413,1137275,5504183,3590588,3279271,3590588,5504183,1427788,1316766,7594916,
    2173957,2237146,5504183,3753688,6904463,6969891,1954959,566269,566269,3590588,7384885,3590588,123413,7701716,3322816,
    7767974,8794449,5991231,2525671,7838613,9085190,2537456,3590588,7384885,3590588,5504183,5504183,1996912,6102236,6904463,
    9085190,2185202,566269,566269,3590588,7384885,3590588,123413,3938963,7117100,566081,2836218,123413,1912359,3753688,
    1614364,5641761,8159549,3590588,3279271,3590588,123413,3891230,8019288,8458587,4503935,8090913,3753688,8159549,1120821,
    7838613,3590588,3279271,3590588,5504183,3454205,2237146,5793077,1912359,5504183,1996912,4361962,613247,7838613,2185202,
    566269,566269,3590588,3279271,3590588,123413,2434528,1954959,7594916,1954959,4047047,8794449,3557729,3590588,3279271,
    3590588,5504183,5504183,6318408,1316766,3949987,4904021,2185202,566269,566269,3590588,7384885,3590588,5504183,1786149,
    2185202,566269,566269,3590588,7384885,3590588,123413,6904463,4047047,3590588,7384885,3590588,5504183,2588701,2525671,
    8090913,4503935,2225277,7838613,4111266,1427788,3590588,7384885,3590588,5504183,7838613,1624432,566269,566269,3590588,
    3279271,3590588,5504183,1954959,5793077,6651929,4904021,8780476,1302688,6904463,5504183,6904463,1624432,566269,566269,
    3590588,7384885,3590588,123413,1996912,566081,2836218,3590588,749336,2525671,7767974,3753688,8090913,2525671,2937043,
    4639684,5260148,1786149,3753688,1624432,4111266,7767974,1786149,2937043,4458139,5991231,4458139,1614364,123413,5641761,
    1624432,5260148,123413,1786149,2937043,4639684,8458587,4458139,5632143,5991231,5991231,1996912,1542015,2588701,1316766,
    1316766,1912359,1120821,5632143,1302688,1996912,1912359,6969891,6969891,7594916,1614364,5632143,5991231,5632143,5606840,
    1542015,7594916,1316766,3557729,1316766,1120821,5632143,1996912,1137275,1542015,2588701,1912359,7594916,3557729,5641761,
    1542015,1614364,1614364,8794449,5641761,1786149,613247,2937043,4639684,7767974,123413,2937043,4458139,3279271,1427788,
    2937043,4111266,1786149,2937043,4111266,6904463,8090913,4111266,123413,6318408,5991231,3318536,3318536,5606840,3557729,
    7594916,1316766,1996912,1542015,3557729,6969891,5606840,6347114,1302688,5606840,1996912,1996912,5606840,6969891,1316766,
    3279271,5632143,1302688,6969891,1912359,1912359,2588701,1912359,5632143,5991231,5632143,1302688,6969891,1912359,1316766,
    1316766,1996912,1614364,749336,7384885,3318536,5991231,5632143,6969891,1137275,6969891,1996912,1542015,5606840,5641761,
    3557729,5632143,5991231,5632143,1912359,3557729,1316766,1996912,3557729,6969891,1614364,1614364,5632143,1302688,1137275,
    3557729,1316766,6969891,6969891,1542015,5641761,1542015,7384885,5632143,1996912,3557729,2588701,1912359,5606840,1912359,
    5632143,5991231,1912359,1137275,3557729,6969891,1542015,5606840,1542015,5641761,1542015,5632143,1316766,1137275,6969891,
    2588701,5606840,7594916,1302688,5641761,1542015,1614364,749336,3279271,3318536,7594916,8142419,7838613,7838613,4361962,
    5606840,9085190,5632143,1912359,1302688,6969891,1542015,1302688,7594916,3279271,1996912,1316766,6969891,7594916,7594916,
    1302688,1316766,3557729,1542015,2588701,6347114,1996912,1137275,1996912,1316766,1316766,1912359,2588701,2588701,2588701,
    5641761,1912359,749336,749336,1614364,613247,7767974,2937043,1427788,2556538,4111266,2525671,5641761,2937043,1427788,
    8458587,7594916,4361753,1996912,2588701,2537456,5641761,7594916,6969891,6969891,4639684,6347114,1996912,1302688,3557729,
    6969891,3557729,1542015,7594916,1302688,8794449,1170709,1427788,8458587,7594916,8142419,6651929,4639684,1302688,1912359,
    1996912,1120821,5632143,1996912,7594916,3557729,1302688,1996912,2588701,1912359,8794449,613247,7767974,2937043,4639684,
    8458587,1427788,8458587,5991231,3557729,1137275,3557729,1302688,1316766,5606840,1996912,5641761,1542015,1120821,7594916,
    4361753,6969891,1996912,5606840,8652168,1912359,3753688,8090913,2537456,1614364,6347114,1996912,1137275,3557729,7594916,
    7594916,1302688,1912359,3557729,5641761,1912359,8794449,8794449,3279271,4639684,8458587,1427788,8458587,1996912,1137275,
    7594916,1996912,6969891,5606840,5606840,5606840,1302688,7594916,2588701,5641761,6969891,6347114,5991231,1996912,2588701,
    7594916,1912359,2588701,1996912,3557729,1912359,3557729,6347114,1996912,6969891,2588701,1912359,7594916,1316766,7594916,
    1996912,1614364,8794449,8794449,3279271,1427788,8458587,7594916,4361753,8652168,6651929,1912359,5606840,5606840,1120821,
    5632143,6969891,1996912,1542015,2588701,1542015,7594916,8794449,3279271,1427788,8458587,7594916,4361753,5606840,1302688,
    1996912,613247,613247,5632143,5991231,7594916,4361753,1302688,2537456,3557729,2537456,9085190,5632143,2588701,1996912,
    5606840,1912359,1996912,2588701,1614364,8794449,566269,4639684,8458587,1427788,8458587,5991231,3557729,1137275,1996912,
    7594916,1316766,3557729,5641761,3557729,1120821,5632143,6969891,1996912,7594916,5606840,7594916,7594916,1614364,5632143,
    5991231,5632143,1316766,1302688,6969891,2588701,1996912,1316766,1614364,8794449,8794449,3279271,4639684,8458587,1427788,
    8458587,5632143,1302688,1996912,1542015,5606840,1316766,2588701,1120821,7594916,4361753,6969891,1302688,5606840,613247,
    1912359,8794449,8794449,3279271,1427788,8458587,2588701,1137275,7594916,1912359,6969891,5606840,1542015,7594916,1542015,
    3557729,5641761,1316766,6347114,5991231,1996912,1302688,1302688,5606840,2588701,1542015,7594916,5632143,5991231,1996912,
    2588701,1996912,3557729,6969891,1120821,5632143,3557729,3557729,1996912,1542015,1996912,5606840,1614364,1614364,1120821,
    5632143,1912359,1302688,1302688,2588701,1302688,1912359,8794449,1120821,5991231,6969891,5606840,5606840,1302688,1912359,
    1302688,5632143,7594916,4361753,5641761,5606840,4639684,2588701,9085190,1614364,3279271,1427788,8458587,5606840,6969891,
    7594916,1302688,5606840,3557729,1996912,2588701,1542015,6347114,2588701,7594916,2588701,3557729,7594916,1996912,1996912,
    8794449,5632143,5991231,5632143,2588701,1137275,2588701,1996912,5606840,3557729,5641761,3557729,1120821,2588701,1137275,
    2588701,1996912,5606840,1542015,5641761,3557729,1614364,5641761,1786149,613247,2937043,5641761,1786149,613247,2937043,
    613247,7767974,2937043,2525671,7767974,3753688,8090913,2525671,2937043,4458139,566269,3318536,4904021,566269,5991231,
    7594916,8142419,3753688,1316766,7838613,6969891,4639684,1120821,5632143,1302688,7594916,2588701,1912359,3557729,5606840,
    1614364,5632143,2588701,1137275,1996912,6969891,3557729,7594916,1302688,5641761,1542015,3279271,4458139,566269,5632143,
    3557729,1137275,7594916,1912359,3557729,5606840,1302688,5641761,1542015,5632143,5991231,5632143,3557729,7594916,1912359,
    3557729,1912359,6969891,1614364,7384885,8458587,3590588,3557729,3590588,8794449,566269,5606840,1137275,1996912,5606840,
    1316766,3557729,1542015,5641761,1542015,5632143,7594916,8142419,3557729,3753688,6969891,8652168,1996912,7384885,123413,
    566269,5606840,2588701,1316766,6969891,1316766,1912359,7594916,1316766,7594916,3557729,6347114,1996912,1137275,2588701,
    6969891,7594916,1996912,3557729,1542015,3557729,5641761,1912359,7384885,8458587,3590588,1542015,3590588,8794449,566269,
    1912359,2588701,1542015,6969891,1542015,7594916,1996912,5606840,7594916,6347114,7594916,4361753,5504183,1542015,5504183,
    4361962,3557729,5606840,7384885,8142419,566269,7594916,4361753,1316766,1912359,1912359,3557729,613247,2588701,5606840,
    1996912,6347114,5991231,3557729,7594916,1302688,1542015,2588701,1542015,1120821,1542015,1996912,1302688,1912359,1996912,
    1542015,1316766,1316766,2588701,1542015,6347114,7594916,4361753,1996912,1912359,1316766,1316766,2537456,7594916,2588701,
    1614364,3279271,8458587,3590588,1302688,3590588,8794449,566269,1316766,1542015,1912359,1542015,2588701,1302688,1120821,
    5632143,1316766,1542015,1912359,1542015,1996912,6969891,7384885,2525671,566269,1996912,1137275,2588701,1542015,1302688,
    1996912,6969891,1912359,2588701,1316766,1912359,5641761,6969891,6347114,7594916,4361753,6969891,7594916,1996912,4361962,
    5641761,3557729,3279271,2556538,566269,5606840,1137275,1302688,1912359,3557729,3557729,7594916,1542015,5606840,1912359,
    5641761,1316766,6347114,2588701,1137275,1542015,1542015,1996912,1302688,1912359,5641761,1302688,7384885,8202414,566269,
    3557729,1137275,1302688,1912359,1542015,5606840,7594916,6969891,1912359,5606840,5641761,1316766,6347114,1302688,1912359,
    1912359,1542015,1316766,1996912,1996912,7384885,2577324,566269,7594916,4361753,613247,1912359,1302688,7838613,1542015,
    5632143,1316766,1316766,2588701,2588701,6969891,1316766,3279271,613247,566269,5991231,5991231,5632143,6969891,1137275,
    2588701,6969891,3557729,1316766,2588701,5641761,1542015,1120821,5991231,5632143,5606840,3557729,3557729,1912359,7594916,
    1302688,1120821,1542015,1137275,1912359,2588701,1996912,1302688,1542015,5641761,1542015,1614364,1614364,1120821,1996912,
    5606840,1302688,3557729,7594916,2588701,1614364,1120821,1542015,1302688,1542015,1302688,1542015,1316766,7384885,4503935,
    566269,5991231,5606840,1137275,5606840,7594916,1912359,2588701,5606840,5641761,1542015,5632143,5991231,5632143,6969891,
    3557729,3557729,6969891,5606840,6969891,1120821,5606840,5606840,1542015,6969891,5606840,1996912,1614364,1614364,1120821,
    5991231,5632143,5606840,1542015,5606840,1912359,1912359,6969891,1120821,5991231,5991231,3557729,1137275,6969891,3557729,
    3557729,7594916,1996912,1302688,1912359,5606840,5641761,1316766,6347114,7594916,8142419,1542015,1996912,4639684,7594916,
    1912359,1542015,1120821,5632143,1302688,1137275,3557729,3557729,1996912,1996912,5641761,1542015,1614364,5632143,7594916,
    4361753,3557729,2537456,7838613,3557729,3753688,1614364,1614364,7384885,2225277,566269,7594916,4361753,1996912,5606840,
    7594916,613247,9085190,4361962,1996912,2588701,6347114,1996912,1542015,1542015,1996912,1912359,1316766,1542015,7384885,
    8458587,3590588,2588701,3590588,8794449,566269,5991231,1912359,1137275,2588701,1542015,5606840,1302688,2588701,1996912,
    1912359,1996912,5641761,1316766,5632143,5991231,2588701,5606840,7594916,2588701,7594916,5606840,1120821,5632143,1996912,
    7594916,2588701,6969891,5606840,1542015,2588701,1614364,1614364,6347114,7594916,8142419,8652168,1542015,1996912,1542015,
    1302688,7594916,3279271,6904463,566269,7594916,4361753,1316766,1302688,613247,7594916,5606840,613247,3753688,1316766,
    6347114,7594916,8142419,6651929,8090913,1996912,1302688,7838613,1542015,3279271,8458587,3590588,1316766,3590588,8794449,
    566269,3557729,1996912,1996912,1996912,1542015,3557729,1542015,2588701,1542015,6347114,7594916,4361753,7838613,1316766,
    1316766,1542015,1302688,3753688,3279271,4639684,566269,7594916,4361753,5606840,1912359,1302688,1912359,7594916,1996912,
    613247,1542015,6347114,7594916,8142419,1316766,3753688,1302688,613247,7594916,2588701,3279271,6102236,566269,7594916,
    4361753,8652168,4361962,2588701,6651929,8652168,1996912,7594916,6347114,5991231,5632143,1996912,3557729,1542015,2588701,
    1316766,7594916,1120821,1996912,1137275,1912359,1316766,1542015,6969891,1316766,2588701,5641761,1302688,1614364,3279271,
    2434528,566269,5632143,1316766,1137275,6969891,2588701,2588701,1996912,1316766,5641761,1542015,5632143,5991231,5632143,
    1316766,1137275,6969891,2588701,2588701,1316766,5641761,1542015,1614364,7384885,7117100,566269,5606840,1302688,1542015,
    7594916,1316766,2588701,5632143,7594916,4361753,1542015,6969891,2588701,1996912,1316766,7384885,3949987,566269,2588701,
    1542015,2588701,6969891,2588701,2588701,2588701,7594916,1542015,6347114,5991231,1912359,1137275,7594916,1912359,7594916,
    3557729,6969891,1912359,5641761,1302688,5632143,3557729,6969891,1542015,5606840,1912359,6969891,2588701,1912359,3557729,
    6347114,2588701,1137275,6969891,6969891,1302688,1316766,5606840,3557729,5641761,1302688,1614364,3279271,7701716,566269,
    1912359,6969891,6969891,1316766,1542015,6969891,6969891,5606840,1542015,6347114,7594916,4361753,1316766,3753688,3557729,
    6969891,3557729,7594916,7384885,5260148,566269,5632143,6969891,1137275,6969891,7594916,7594916,1996912,5641761,1542015,
    1120821,7594916,4361753,4639684,1996912,7838613,1912359,2588701,3279271,8458587,3590588,6969891,3590588,8794449,566269,
    5606840,1137275,1996912,1996912,7594916,5606840,1316766,5606840,2588701,1302688,6969891,5641761,6969891,6347114,5991231,
    1996912,1542015,1316766,7594916,7594916,5606840,3557729,1316766,5632143,5991231,5632143,1302688,1542015,1302688,1912359,
    7594916,1302688,1614364,1614364,3279271,8159549,566269,1542015,1302688,2588701,3557729,1996912,1302688,2588701,1996912,
    7594916,6347114,2588701,6969891,1302688,7594916,7594916,1316766,1542015,3279271,4140023,566269,5632143,5606840,1996912,
    6969891,1912359,1996912,6969891,1120821,7594916,4361753,3557729,5641761,7594916,4361962,1316766,7384885,7767974,566269,
    5991231,5991231,7594916,4361753,1316766,3557729,5641761,7594916,4361962,8652168,5606840,1302688,5632143,5991231,5632143,
    3557729,6969891,7594916,1316766,1316766,1316766,1614364,1614364,5632143,7594916,4361753,9085190,3557729,7838613,7594916,
    2588701,1614364,6347114,1996912,1137275,1302688,7594916,5606840,1302688,1542015,1912359,1302688,5641761,1912359,3279271,
    2185202,566269,2588701,5606840,6969891,3557729,2588701,5606840,1316766,1912359,1316766,7594916,6347114,1996912,1137275,
    1542015,1996912,1542015,5606840,3557729,1996912,5641761,1912359,7384885,4621789,566269,5632143,2588701,1137275,1912359,
    3557729,7594916,1912359,5606840,5641761,1542015,5632143,5991231,5632143,6969891,1302688,5606840,3557729,1302688,5632143,
    1996912,1912359,1912359,1912359,3557729,2588701,1614364,7384885,8652168,566269,5632143,1996912,7594916,7594916,3557729,
    1542015,6969891,6969891,5632143,5991231,5632143,1996912,1137275,7594916,7594916,3557729,1302688,1542015,3557729,5641761,
    1302688,1614364,3279271,1954959,566269,5632143,1302688,1137275,6969891,1912359,3557729,6969891,5606840,5641761,1542015,
    1120821,7594916,4361753,8090913,8090913,3557729,7838613,1542015,7384885,2537456,566269,5632143,1302688,1137275,1302688,
    1912359,7594916,1316766,5641761,1542015,5632143,5991231,5632143,1302688,1302688,1912359,7594916,1316766,3557729,1614364,
    3279271,4361962,566269,5606840,1137275,1912359,1996912,1316766,1542015,5641761,1542015,1120821,5632143,5606840,1137275,
    1912359,1996912,1316766,5606840,5606840,5641761,1542015,7384885,1624432,566269,5632143,6969891,5606840,1912359,3557729,
    1542015,1996912,5632143,5991231,5632143,6969891,5606840,1912359,3557729,1302688,1912359,1614364,3279271,5504183,566269,
    2588701,1137275,3557729,1996912,1996912,1996912,1996912,5641761,1542015,5632143,2588701,1137275,3557729,1996912,7594916,
    1316766,3557729,5641761,1542015,3279271,9062081,566269,3557729,1137275,5606840,1912359,1996912,1316766,1302688,1996912,
    1542015,5641761,1912359,6347114,1316766,1137275,1912359,3557729,5606840,1912359,1996912,5606840,5641761,1302688,3279271,
    7838613,566269,5632143,1302688,1137275,1996912,1302688,6969891,5606840,5641761,3557729,5632143,5991231,5632143,1302688,
    1996912,1912359,2588701,5606840,1614364,7384885,8780476,566269,1912359,7594916,2588701,1302688,2588701,1120821,5632143,
    1912359,7594916,2588701,2588701,5606840,7384885,3753688,566269,7594916,8142419,6969891,5641761,1912359,7594916,5606840,
    5632143,7594916,8142419,6969891,4361962,1302688,8652168,3557729,7384885,8458587,3590588,8304311,3590588,8794449,566269,
    1996912,1137275,6969891,1316766,1542015,5606840,5641761,3557729,5632143,1996912,6969891,1316766,5606840,2588701,3279271,
    3322816,566269,5632143,1316766,1137275,6969891,7594916,1996912,5641761,3557729,1120821,1316766,6969891,7594916,3557729,
    1542015,3279271,4014937,566269,1912359,1137275,1302688,7594916,5606840,1542015,6969891,5641761,1542015,5632143,1912359,
    1302688,7594916,5606840,7594916,1996912,3279271,6651929,566269,5606840,1137275,1912359,7594916,1302688,5606840,1316766,
    1542015,2588701,5641761,1316766,6347114,1316766,1137275,2588701,5606840,1302688,3557729,1996912,1996912,5641761,1302688,
    3279271,8458587,3590588,7594916,3590588,8794449,566269,1912359,1137275,1316766,1912359,3557729,7594916,2588701,2588701,
    2588701,3557729,5641761,1316766,6347114,1996912,5606840,1316766,1996912,3557729,7594916,1912359,3557729,3279271,4111266,
    566269,3557729,1137275,5606840,5606840,2588701,1996912,1996912,5641761,1542015,5632143,3557729,1137275,5606840,5606840,
    1996912,1302688,1542015,5641761,1542015,3279271,9085190,566269,5632143,1316766,1137275,6969891,6969891,7594916,5606840,
    1302688,5641761,1542015,1120821,7594916,4361753,613247,7838613,1912359,4361962,6969891,7384885,3606656,566269,7594916,
    8142419,2588701,613247,8090913,1912359,3557729,1120821,5632143,1996912,1316766,1302688,6969891,3557729,1912359,3279271,
    8458587,3590588,1120821,3590588,8794449,566269,6969891,1137275,1996912,1996912,1542015,5606840,5606840,5641761,1542015,
    5632143,5991231,5991231,5632143,1996912,1302688,7594916,5606840,1996912,1302688,3557729,5632143,5991231,5632143,1302688,
    1316766,1542015,2588701,1912359,7594916,1614364,1614364,1120821,7594916,4361753,1996912,9085190,4361962,8090913,1996912,
    1302688,1614364,7384885,2173957,566269,1316766,1137275,5606840,1542015,2588701,1912359,1316766,1912359,1302688,5641761,
    1316766,6347114,6969891,3557729,6969891,1996912,1316766,7594916,3557729,3279271,2237146,566269,7594916,4361753,1996912,
    6651929,2588701,2588701,7594916,1316766,3557729,1996912,6347114,1996912,1137275,1542015,5606840,1302688,2588701,3557729,
    1912359,5641761,1912359,3279271,4361753,566269,5991231,1912359,1137275,1996912,1542015,1912359,1996912,6969891,5641761,
    1542015,1120821,5632143,5606840,1137275,6969891,3557729,2588701,1302688,5641761,3557729,1614364,5632143,1302688,1137275,
    1912359,1302688,2588701,1302688,6969891,5641761,1542015,3279271,5641761,566269,1996912,1137275,3557729,7594916,3557729,
    1996912,1316766,3557729,1302688,5606840,6969891,5641761,6969891,6347114,7594916,4361753,1316766,7594916,3557729,3753688,
    4361962,5606840,7384885,1427788,566269,5632143,6969891,5606840,5606840,6969891,2588701,2588701,1120821,5991231,5632143,
    5606840,3557729,1316766,1912359,1542015,1912359,1120821,1996912,2588701,1316766,2588701,1912359,1996912,2588701,1614364,
    7384885,1786149,566269,5991231,5991231,5632143,3557729,1996912,2588701,5606840,1316766,2588701,5632143,5991231,5632143,
    5606840,1137275,1996912,1302688,3557729,6969891,5641761,3557729,1614364,1614364,1120821,1996912,1137275,7594916,1542015,
    1316766,6969891,1316766,6969891,5641761,1302688,1614364,1120821,5991231,5632143,1316766,1137275,1912359,1996912,3557729,
    2588701,1316766,5641761,1542015,5632143,5991231,5632143,1996912,6969891,5606840,1996912,1316766,3557729,1614364,1614364,
    3279271,6318408,566269,1542015,1137275,6969891,1316766,1316766,3557729,1542015,5641761,1542015,1120821,5632143,1542015,
    1137275,6969891,1316766,1316766,2588701,5606840,5641761,1542015,3279271,5793077,566269,7594916,4361753,4361962,4639684,
    1316766,1302688,613247,6651929,1542015,6347114,1316766,1302688,1302688,7594916,1912359,1302688,7594916,7384885,6003611,
    566269,5632143,1316766,1996912,1542015,7594916,2588701,1316766,5632143,5991231,5632143,1316766,1996912,1542015,7594916,
    3557729,1302688,1614364,3279271,8090913,566269,5991231,5632143,1316766,1137275,3557729,7594916,3557729,5606840,5606840,
    5641761,1542015,1120821,7594916,8142419,1996912,3753688,1542015,8652168,1302688,2588701,1614364,1120821,5632143,1996912,
    1137275,7594916,1996912,1316766,3557729,5606840,5606840,5641761,1302688,7384885,3454205,566269,5991231,5632143,1996912,
    1542015,1996912,2588701,2588701,6969891,1996912,5632143,5991231,5632143,1912359,1542015,3557729,6969891,1996912,1302688,
    1614364,1614364,1120821,7594916,4361753,9085190,1316766,5641761,6969891,1302688,3279271,3576238,566269,5991231,1996912,
    1137275,1302688,3557729,5606840,1302688,1912359,1912359,2588701,5606840,2588701,5641761,6969891,5632143,7594916,8142419,
    1302688,1542015,1996912,6969891,4639684,1614364,6347114,7594916,8142419,9085190,1316766,1542015,4361962,1316766,1996912,
    7384885,8458587,3590588,5606840,3590588,8794449,566269,5632143,2588701,1912359,7594916,5606840,1912359,1316766,5632143,
    5991231,5632143,2588701,1137275,1912359,7594916,5606840,6969891,1912359,5641761,1542015,1614364,3279271,8458587,3590588,
    1996912,3590588,8794449,566269,5991231,5991231,5632143,1996912,1137275,3557729,7594916,1542015,5606840,3557729,2588701,
    5641761,1302688,5632143,5991231,5632143,1996912,7594916,7594916,7594916,1302688,1302688,7594916,5632143,5991231,5632143,
    5606840,1137275,1316766,2588701,5606840,5606840,1302688,5641761,1542015,1614364,1614364,1614364,5632143,5991231,5632143,
    1542015,1996912,1316766,1302688,2588701,1614364,1614364,5632143,5991231,5632143,1912359,1137275,5606840,1542015,1996912,
    6969891,3557729,5641761,1542015,1614364,3279271,8458587,3590588,1912359,3590588,8794449,566269,5632143,5606840,1137275,
    1316766,1996912,1912359,5606840,3557729,5641761,1542015,5632143,5991231,5632143,5606840,1316766,1996912,1912359,1912359,
    1542015,1614364,749336,2525671,7767974,3753688,8090913,2525671,2937043,1427788,566269,4639684,2937043,2525671,7767974,
    3753688,8090913,2525671,2937043,123413,566269,9062081,8090913,1624432,2556538,1137275,4639684,2525671,7767974,7767974,
    123413,2937043,2525671,7767974,3753688,8090913,2525671,2937043,6003611,566269,3318536,6904463,566269,5991231,5632143,
    3557729,7594916,7594916,7594916,1912359,5632143,6969891,1137275,2588701,1542015,1302688,1996912,5606840,5641761,1542015,
    1614364,1120821,6969891,1137275,1302688,1542015,1302688,5606840,3557729,5641761,1542015,3279271,3576238,566269,5632143,
    6969891,7594916,1912359,5606840,1542015,2588701,1120821,7594916,4361753,8652168,8652168,1316766,1302688,8652168,3279271,
    8458587,3590588,566081,566081,3590588,8794449,566269,1302688,1137275,1996912,1996912,3557729,1912359,1542015,3557729,
    6969891,5606840,5641761,1316766,6347114,1302688,1137275,5606840,1302688,6969891,1542015,5606840,1302688,5641761,1302688,
    3279271,8458587,3590588,8304311,3590588,8794449,566269,7594916,8142419,7838613,5606840,613247,9085190,6969891,5632143,
    1912359,5606840,1302688,1302688,6969891,1912359,7384885,8458587,3590588,5991231,3590588,8794449,566269,7594916,8142419,
    1912359,7838613,1912359,3557729,1542015,5632143,3557729,1137275,1302688,5606840,1302688,1912359,2588701,1316766,1996912,
    1542015,5641761,1316766,6347114,7594916,4361753,2588701,6651929,1996912,613247,8090913,1542015,3279271,4503935,566269,
    5991231,5632143,1542015,6969891,3557729,7594916,3557729,1542015,5632143,5991231,5632143,1302688,5606840,1316766,1996912,
    5606840,3557729,1614364,1614364,5632143,7594916,4361753,2537456,9085190,6651929,1912359,3279271,8458587,3590588,8458587,
    3590588,8794449,566269,7594916,4361753,613247,3753688,1302688,5606840,7838613,9085190,1302688,6347114,2588701,1137275,
    7594916,2588701,1912359,1996912,1542015,1996912,5641761,1302688,7384885,8458587,3590588,566081,2836218,3590588,8794449,
    566269,2588701,1137275,1542015,1996912,7594916,3557729,5606840,1302688,1316766,5606840,5641761,1316766,6347114,1996912,
    1137275,1302688,1912359,5606840,1302688,2588701,3557729,3557729,5641761,1912359,7384885,8458587,3590588,6969891,3590588,
    8794449,566269,1996912,7594916,6969891,1302688,1542015,6969891,1302688,5606840,1316766,2588701,6347114,1302688,3557729,
    1996912,2588701,1316766,3557729,3557729,3279271,8458587,3590588,4248388,3590588,8794449,566269,5991231,1996912,3557729,
    1316766,1302688,1996912,6969891,6969891,5632143,5991231,1996912,1912359,1912359,2588701,1996912,1542015,3557729,5632143,
    7594916,4361753,7838613,3753688,7594916,4639684,5606840,1614364,1614364,1120821,5632143,3557729,1316766,3557729,2588701,
    1542015,1912359,3279271,6318408,566269,5632143,1302688,1137275,2588701,3557729,6969891,3557729,6969891,5641761,1542015,
    1120821,5991231,5632143,1996912,1316766,1912359,1542015,1996912,6969891,1120821,7594916,4361753,3753688,1302688,1542015,
    4639684,1912359,1614364,7384885,8780476,566269,5991231,7594916,4361753,2588701,1316766,6969891,1316766,1912359,1120821,
    5632143,1316766,7594916,1912359,1302688,2588701,1302688,1614364,1120821,7594916,4361753,6969891,3753688,6969891,1912359,
    1302688,3279271,1954959,566269,5632143,5606840,1302688,1302688,7594916,1912359,5606840,1120821,7594916,8142419,1542015,
    6969891,1302688,3557729,1302688,3279271,2577324,566269,5632143,1996912,1316766,1316766,1302688,1912359,1316766,1120821,
    5991231,7594916,4361753,1996912,1996912,1316766,1542015,4361962,9085190,5632143,7594916,8142419,4361962,8090913,3557729,
    7838613,1302688,1614364,3279271,8458587,3590588,3938963,3590588,8794449,566269,2588701,6969891,1316766,7594916,6969891,
    1542015,1302688,1302688,5606840,6347114,1912359,1316766,3557729,3557729,1302688,2588701,1996912,7384885,8090913,566269,
    7594916,8142419,7838613,7838613,1316766,2537456,5606840,1120821,5632143,1912359,1137275,1302688,1316766,1996912,7594916,
    2588701,5641761,1542015,7384885,8458587,3590588,743293,3590588,8794449,566269,2588701,1137275,1542015,1316766,1996912,
    2588701,3557729,5641761,1542015,1120821,5632143,2588701,1542015,1316766,7594916,6969891,2588701,3279271,123413,566269,
    5991231,5632143,1316766,1996912,3557729,1996912,1996912,1302688,1120821,5606840,1137275,2588701,5606840,1302688,1316766,
    5641761,1542015,1614364,1120821,3557729,1137275,6969891,7594916,3557729,1912359,5641761,1542015,3279271,8458587,3590588,
    7594916,3590588,8794449,566269,5991231,5991231,5991231,5632143,1302688,1137275,5606840,1912359,6969891,2588701,6969891,
    5641761,1542015,5632143,5991231,5632143,1996912,1137275,1302688,1542015,1996912,3557729,6969891,5641761,1542015,1614364,
    1614364,1120821,7594916,8142419,1996912,1542015,1996912,3753688,613247,1316766,1614364,1120821,5991231,5632143,2588701,
    1137275,1912359,1996912,1302688,1302688,1316766,1912359,5641761,1302688,5632143,5991231,5632143,6969891,1542015,1542015,
    1302688,1302688,1996912,1614364,1614364,1614364,5632143,5991231,5632143,2588701,2588701,1316766,7594916,5632143,1316766,
    1137275,3557729,1912359,6969891,2588701,1316766,5641761,1542015,1614364,3279271,4639684,566269,7594916,4361753,1996912,
    5606840,7594916,7838613,2588701,9085190,9085190,6969891,6347114,5991231,5991231,7594916,4361753,1996912,7838613,1912359,
    7594916,1302688,5606840,5632143,1542015,2588701,1542015,1302688,1302688,1614364,5632143,5991231,5632143,3557729,1137275,
    1316766,1542015,7594916,2588701,1542015,5641761,1542015,1120821,5632143,1996912,6969891,2588701,6969891,2588701,1614364,
    1614364,3279271,8458587,3590588,1614364,3590588,8794449,566269,5632143,6969891,1996912,6969891,1996912,1996912,2588701,
    1120821,7594916,8142419,4361962,7594916,1302688,6969891,3753688,3279271,5504183,566269,7594916,4361753,1996912,8652168,
    1912359,1542015,1316766,6969891,4361962,5606840,6347114,2588701,1137275,3557729,5606840,3557729,1302688,6969891,1996912,
    5641761,1302688,7384885,4621789,566269,5632143,1912359,1137275,1912359,5606840,5606840,6969891,5641761,3557729,1120821,
    1912359,1912359,3557729,7594916,2588701,3279271,8458587,3590588,1137275,3590588,8794449,566269,5632143,2588701,6969891,
    7594916,7594916,3557729,1302688,1120821,2588701,1137275,6969891,7594916,7594916,1912359,2588701,5641761,1542015,7384885,
    9085190,566269,5991231,1996912,1137275,7594916,3557729,2588701,2588701,1302688,5606840,5641761,1302688,1120821,5632143,
    1996912,1137275,7594916,2588701,5606840,1542015,1316766,1316766,5641761,1302688,1614364,1120821,5632143,1996912,1316766,
    1302688,5606840,1996912,3279271,4140023,566269,5632143,1912359,1302688,3557729,2588701,2588701,6969891,5632143,5991231,
    5632143,1912359,1302688,3557729,2588701,1542015,1912359,1614364,3279271,8458587,3590588,5606840,3590588,8794449,566269,
    5632143,1996912,1137275,7594916,1996912,2588701,1316766,1996912,5641761,1542015,5632143,5991231,5632143,1996912,1137275,
    7594916,1996912,5606840,2588701,3557729,5641761,1542015,1614364,7384885,8159549,566269,5632143,1542015,1542015,5606840,
    6969891,1996912,1120821,1542015,1542015,3557729,3557729,1912359,7384885,3606656,566269,5632143,1316766,3557729,2588701,
    1316766,1120821,1316766,1137275,3557729,3557729,1912359,5641761,5606840,3279271,2525671,566269,5632143,3557729,1302688,
    3557729,1996912,1302688,3557729,5632143,5991231,5632143,3557729,1302688,3557729,2588701,1996912,6969891,1614364,3279271,
    1786149,566269,5991231,1996912,7594916,1996912,1316766,3557729,1542015,3557729,1120821,7594916,4361753,5606840,3753688,
    5606840,1912359,5504183,1542015,1912359,1912359,1614364,6347114,1996912,7594916,1542015,5606840,3557729,3557729,3557729,
    2588701,3279271,6102236,566269,5632143,2588701,7594916,1542015,1996912,3557729,1912359,5632143,5991231,5632143,3557729,
    7594916,1542015,1302688,1316766,1996912,5632143,5991231,7594916,4361753,8652168,3557729,7594916,5504183,1316766,1120821,
    5632143,1996912,7594916,1302688,6969891,7594916,5606840,2588701,1614364,1614364,7384885,4111266,566269,1542015,1137275,
    6969891,1542015,6969891,1996912,1996912,1302688,5606840,1542015,5641761,1316766,6347114,2588701,6969891,7594916,1302688,
    1316766,1316766,1302688,3279271,8458587,3590588,7384885,3590588,8794449,566269,7594916,8142419,3557729,4639684,3557729,
    6651929,6969891,1120821,5632143,5606840,2588701,3557729,1912359,1912359,1542015,7384885,8458587,3590588,3279271,3590588,
    8794449,566269,5632143,3557729,1912359,1912359,1316766,2588701,3557729,1120821,5991231,5632143,1302688,6969891,1996912,
    7594916,2588701,1996912,1120821,7594916,4361753,1996912,1996912,613247,1542015,613247,5606840,1614364,3279271,8458587,
    3590588,5632143,3590588,8794449,566269,7594916,8142419,1996912,1996912,2588701,1316766,613247,1542015,1912359,1542015,
    6347114,5606840,1137275,3557729,2588701,1912359,2588701,3557729,1912359,5641761,1302688,7384885,4458139,566269,6969891,
    1137275,1912359,1302688,6969891,1302688,6969891,1302688,5641761,1302688,6347114,7594916,4361753,1996912,613247,8652168,
    7594916,1316766,613247,3279271,2556538,566269,5632143,1996912,1137275,7594916,2588701,3557729,7594916,1542015,1302688,
    5641761,1302688,1120821,1996912,1137275,7594916,2588701,3557729,1996912,2588701,6969891,5641761,1302688,7384885,8019288,
    566269,5991231,1316766,1137275,5606840,1912359,6969891,6969891,1542015,5641761,1542015,1120821,5632143,1996912,5606840,
    5606840,1316766,7594916,1316766,6969891,1614364,5632143,5991231,5632143,1542015,1137275,7594916,7594916,1996912,1912359,
    2588701,5641761,1542015,1614364,7384885,3753688,566269,1912359,1137275,6969891,7594916,6969891,1996912,1996912,1912359,
    1542015,1996912,5641761,1316766,6347114,1542015,2588701,5606840,1912359,1316766,2588701,1302688,7384885,613247,566269,
    7594916,4361753,5641761,8090913,4639684,7838613,6651929,1120821,5632143,6969891,1302688,2588701,3557729,5606840,1302688,
    7384885,8458587,3590588,3557729,3590588,8794449,566269,5991231,1302688,1912359,1996912,7594916,1542015,1316766,7594916,
    7594916,1912359,5632143,5991231,5632143,5606840,7594916,1912359,1542015,6969891,2588701,1614364,1614364,6347114,5606840,
    2588701,1912359,3557729,6969891,1542015,3557729,3279271,2434528,566269,1912359,1996912,1912359,1912359,7594916,1302688,
    1120821,5632143,1912359,1137275,1996912,1912359,1302688,1302688,5641761,1542015,7384885,8458587,3590588,6080938,3590588,
    8794449,566269,2588701,1137275,7594916,2588701,7594916,1316766,1996912,3557729,2588701,1542015,5641761,1316766,6347114,
    1996912,1316766,1316766,1316766,1302688,1996912,1996912,7384885,8458587,3590588,1456201,3590588,8794449,566269,2588701,
    1137275,1316766,5606840,1302688,1316766,1996912,3557729,3557729,5641761,1912359,6347114,3557729,1912359,2588701,1316766,
    7594916,2588701,7594916,3279271,5641761,566269,7594916,4361753,6651929,3557729,1912359,3557729,2588701,1120821,5632143,
    1996912,7594916,7594916,1996912,2588701,1996912,3557729,3279271,8458587,3590588,566269,3590588,8794449,566269,5991231,
    1542015,1137275,1542015,1316766,5606840,1316766,1996912,5641761,1542015,5632143,1302688,1137275,2588701,7594916,1316766,
    7594916,1996912,5641761,1542015,1614364,1120821,1302688,1137275,2588701,3557729,2588701,1912359,5641761,3557729,7384885,
    8458587,3590588,1125781,3590588,8794449,566269,6969891,1137275,7594916,5606840,6969891,1996912,5641761,3557729,1120821,
    5991231,5632143,1542015,6969891,2588701,1912359,1542015,1912359,1120821,7594916,4361753,1912359,8090913,8090913,1912359,
    6969891,1614364,3279271,3322816,566269,1302688,1137275,1996912,3557729,6969891,1316766,1996912,5641761,1542015,5632143,
    1302688,1996912,3557729,6969891,1996912,2588701,3279271,8458587,3590588,1170709,3590588,8794449,566269,1996912,6969891,
    1542015,1302688,5606840,6969891,6969891,7594916,6969891,1996912,6347114,1316766,1137275,6969891,5606840,5606840,5606840,
    2588701,6969891,5641761,1302688,7384885,6003611,566269,7594916,4361753,1996912,6969891,5504183,4361962,5606840,7838613,
    2588701,7594916,6347114,5606840,1137275,1542015,3557729,1316766,1912359,5606840,1912359,5641761,1302688,7384885,7117100,
    566269,5991231,5991231,5632143,1302688,1137275,6969891,2588701,2588701,5606840,1316766,5641761,1542015,5632143,5991231,
    5632143,1996912,3557729,7594916,6969891,1316766,1302688,5632143,1316766,6969891,7594916,3557729,5606840,3557729,1614364,
    1614364,1120821,5632143,6969891,1302688,6969891,1302688,5606840,3557729,1614364,5632143,5991231,5632143,1302688,5606840,
    7594916,1542015,2588701,5606840,1614364,3279271,2537456,566269,5632143,1912359,2588701,2588701,5606840,1302688,1316766,
    5632143,5991231,5632143,1912359,2588701,2588701,5606840,1316766,1542015,1614364,7384885,2185202,566269,1316766,1316766,
    1996912,1996912,6969891,5606840,7594916,1996912,1302688,6347114,1996912,1137275,3557729,6969891,5606840,1542015,3557729,
    1912359,3557729,5641761,1912359,7384885,7767974,566269,5991231,5632143,1542015,1137275,6969891,1912359,7594916,1996912,
    5641761,1542015,5632143,5991231,5632143,6969891,1137275,3557729,7594916,1996912,1996912,2588701,5641761,1542015,1614364,
    1614364,5632143,5991231,7594916,8142419,8652168,2588701,5606840,3753688,6969891,1120821,5632143,1542015,1996912,1316766,
    1996912,7594916,2588701,1614364,7384885,8652168,566269,5991231,3557729,1316766,1912359,3557729,1542015,5606840,1120821,
    5632143,6969891,5606840,1316766,2588701,1912359,6969891,1614364,5632143,5991231,5632143,3557729,1542015,7594916,1316766,
    3557729,1316766,1614364,7384885,8202414,566269,7594916,8142419,6969891,4361962,4361962,1542015,4361962,5632143,1302688,
    1542015,7594916,1316766,5606840,7594916,7384885,2173957,566269,5606840,3557729,5606840,3557729,1996912,1302688,5632143,
    5606840,1137275,3557729,5606840,3557729,7594916,1302688,5641761,1542015,7384885,8458587,3590588,1316766,3590588,8794449,
    566269,5606840,7594916,5606840,5606840,7594916,1996912,1302688,5606840,1302688,1996912,6347114,1996912,1137275,3557729,
    6969891,3557729,7594916,6969891,1302688,1912359,5641761,1912359,3279271,8458587,3590588,6347114,3590588,8794449,566269,
    7594916,8142419,5606840,2537456,4361962,1316766,5504183,5632143,2588701,1137275,3557729,1996912,2588701,1542015,1912359,
    5641761,1542015,3279271,7701716,566269,2588701,1912359,2588701,2588701,2588701,6969891,1316766,1996912,1542015,1542015,
    6347114,1996912,1137275,3557729,1912359,1996912,1542015,1996912,2588701,1542015,5641761,1912359,3279271,5260148,566269,
    5991231,5991231,5991231,5991231,5632143,1996912,7594916,5606840,6969891,1316766,7594916,7594916,5632143,5991231,5632143,
    1996912,1316766,1302688,7594916,2588701,2588701,1614364,1614364,1120821,7594916,4361753,2588701,3557729,6969891,1542015,
    1542015,5606840,3557729,2537456,1996912,6347114,7594916,4361753,2588701,1912359,4361962,3557729,9085190,7594916,1302688,
    1614364,5632143,5991231,5632143,5606840,1542015,2588701,6969891,1912359,2588701,5632143,5991231,5991231,7594916,4361753,
    1996912,2588701,2588701,5504183,5606840,5606840,5632143,5606840,1137275,5606840,6969891,2588701,3557729,2588701,5641761,
    1542015,1614364,5632143,1302688,1137275,7594916,7594916,1302688,1316766,6969891,5641761,1542015,1614364,1614364,1614364,
    5632143,5991231,5632143,1996912,5606840,5606840,1912359,2588701,1302688,1614364,1614364,6347114,1996912,1542015,1316766,
    2588701,2588701,2588701,6969891,3557729,3279271,8458587,3590588,5090692,3590588,8794449,566269,5632143,1302688,1137275,
    7594916,1996912,1912359,7594916,1542015,5641761,1542015,5632143,5991231,5632143,1302688,7594916,1996912,1912359,1316766,
    1302688,1614364,7384885,8458587,3590588,1912359,3590588,8794449,566269,1302688,1137275,2588701,3557729,5606840,1316766,
    1316766,5641761,1542015,1120821,5632143,1302688,2588701,3557729,5606840,1996912,1302688,7384885,4904021,566269,1996912,
    1137275,1996912,1302688,1996912,1996912,2588701,5606840,5606840,5606840,5641761,1316766,6347114,1542015,1137275,1542015,
    2588701,6969891,1996912,1542015,1316766,5641761,1302688,7384885,8458587,3590588,1996912,3590588,8794449,566269,5606840,
    1137275,1302688,7594916,2588701,1996912,3557729,5641761,1542015,5632143,5606840,1137275,1302688,7594916,1996912,1542015,
    5641761,1542015,3279271,8458587,3590588,8794449,3590588,8794449,566269,5632143,6969891,1137275,1316766,2588701,1316766,
    7594916,1316766,5641761,1542015,5632143,5991231,5632143,6969891,1316766,2588701,1316766,1302688,1996912,1614364,7384885,
    6651929,566269,1996912,2588701,6969891,1912359,1316766,1912359,1120821,5632143,1996912,2588701,6969891,1912359,5606840,
    1542015,7384885,8458587,3590588,3891230,3590588,8794449,566269,1996912,1137275,7594916,7594916,2588701,2588701,1316766,
    6969891,3557729,1996912,3557729,5641761,6969891,6347114,5991231,5991231,1542015,1542015,1542015,5606840,1302688,1316766,
    5632143,1996912,1137275,5606840,6969891,6969891,3557729,5606840,7594916,5606840,6969891,1996912,5641761,6969891,6347114,
    1316766,1912359,6969891,6969891,1996912,1542015,1316766,1614364,1120821,5606840,6969891,1302688,1912359,1912359,1912359,
    1316766,1614364,7384885,8458587,3590588,1542015,3590588,8794449,566269,5632143,3557729,7594916,1996912,6969891,1542015,
    2588701,5632143,5991231,5632143,3557729,7594916,1996912,6969891,1316766,1316766,1614364,7384885,2237146,566269,3557729,
    1137275,1542015,6969891,6969891,1996912,5641761,1542015,5632143,7594916,8142419,1912359,7594916,3557729,1542015,4639684,
    7384885,8458587,3590588,4047047,3590588,8794449,566269,5632143,1996912,1137275,7594916,5606840,5606840,6969891,6969891,
    5641761,1302688,1120821,1996912,7594916,5606840,3557729,7594916,7594916,2588701,7384885,8458587,3590588,6647173,3590588,
    8794449,566269,2588701,1137275,1302688,1912359,1302688,1316766,1542015,7594916,3557729,5641761,1316766,6347114,5606840,
    1137275,6969891,6969891,1542015,2588701,6969891,1316766,5641761,1302688,3279271,3454205,566269,5991231,1912359,1137275,
    1542015,2588701,1912359,1996912,5606840,5641761,1542015,1120821,5606840,2588701,6969891,5606840,7594916,1542015,1996912,
    1912359,5606840,1316766,1614364,6347114,1996912,5606840,1316766,6969891,1912359,6969891,7594916,6969891,3279271,8458587,
    3590588,1120821,3590588,8794449,566269,2588701,1542015,6969891,1912359,7594916,5632143,7594916,4361753,1302688,1542015,
    1302688,1912359,3279271,7838613,566269,5632143,1316766,1302688,1996912,6969891,7594916,1302688,5632143,5991231,5632143,
    1316766,1302688,1996912,6969891,1542015,1542015,1614364,3279271,8142419,566269,1996912,1137275,3557729,1316766,3557729,
    6969891,3557729,5606840,1912359,5606840,2588701,5641761,6969891,6347114,1996912,1137275,1996912,1996912,1302688,3557729,
    6969891,6969891,5641761,1912359,7384885,2225277,566269,5606840,1137275,6969891,1996912,6969891,5606840,7594916,2588701,
    1542015,6969891,5641761,1316766,6347114,5991231,6969891,5606840,6969891,1542015,5606840,3557729,1120821,5991231,1912359,
    5606840,7594916,6969891,1316766,2588701,1120821,7594916,4361753,2588701,8652168,8090913,1542015,8652168,1614364,1614364,
    7384885,8458587,3590588,5108462,3590588,8794449,566269,1996912,1137275,2588701,1542015,1302688,6969891,1996912,1996912,
    7594916,1542015,2588701,5641761,6969891,6347114,1316766,7594916,1542015,1912359,1996912,2588701,2588701,7384885,1624432,
    566269,5991231,7594916,8142419,1996912,1996912,4639684,613247,3753688,1302688,5632143,5991231,1996912,1137275,2588701,
    1912359,1912359,1912359,2588701,3557729,5641761,1302688,5632143,1912359,1137275,7594916,3557729,3557729,1316766,1316766,
    5641761,1542015,1614364,1614364,1120821,5632143,1302688,7594916,1542015,1316766,7594916,6969891,7384885,8458587,3590588,
    2588701,3590588,8794449,566269,1996912,1137275,2588701,1912359,1302688,2588701,1316766,5606840,7594916,2588701,1912359,
    5641761,6969891,6347114,7594916,8142419,3557729,3753688,8090913,7838613,4361962,7594916,3279271,4361962,566269,1302688,
    1996912,1912359,2588701,6969891,1302688,5632143,1302688,1996912,1912359,2588701,6969891,1542015,3279271,9062081,566269,
    5991231,1996912,5606840,7594916,6969891,1542015,1316766,7594916,1316766,1542015,1316766,2588701,6347114,7594916,4361753,
    7838613,2537456,1316766,1542015,1542015,5641761,4639684,1614364,6347114,1542015,1302688,1912359,6969891,1316766,5606840,
    1302688,3279271,8458587,3590588,566081,3590588,3590588,8794449,566269,5632143,1912359,1996912,1316766,7594916,3557729,
    1302688,5632143,5991231,5632143,1912359,1996912,1316766,1996912,1996912,1302688,1614364,7384885,8458587,3590588,1302688,
    3590588,8794449,566269,1912359,1137275,1996912,2588701,1302688,5606840,1912359,5641761,1542015,1120821,5632143,1912359,
    1996912,2588701,1302688,5606840,3557729,749336,2525671,7767974,3753688,8090913,2525671,2937043,2556538,566269,1624432,
    5793077,6904463,5641761,2937043,2525671,7767974,3753688,8090913,2525671,2937043,5641761,566269,1624432,8090913,9085190,
    2525671,5641761,1137275,3753688,7767974,1786149,3753688,8090913,1624432,2937043,2525671,7767974,3753688,8090913,2525671,
    2937043,4014937,566269,6318408,1624432,123413,4111266,1786149,4140023,1137275,2525671,5641761,1786149,2937043,2525671,
    7767974,3753688,8090913,2525671,2937043,8652168,566269,6318408,1624432,123413,4111266,1786149,4140023,1137275,6318408,
    5260148,9085190,2937043,2525671,7767974,3753688,8090913,2525671,2937043,3606656,566269,6318408,1624432,123413,4111266,
    1786149,4140023,1137275,3753688,2556538,8090913,123413,2937043,2525671,7767974,3753688,8090913,2525671,2937043,1786149,
    566269,1624432,8090913,9085190,2525671,5641761,1137275,4111266,1786149,6318408,5641761,123413,1624432,2937043,4639684,
    7767974,123413,2937043,4639684,566269,5991231,7594916,8142419,5606840,1542015,3557729,1996912,5606840,1912359,2588701,
    6651929,1316766,1996912,6347114,7594916,4361753,3557729,3557729,613247,8090913,5641761,1316766,9085190,613247,1614364,
    6347114,6969891,1137275,1542015,5606840,5606840,1302688,5606840,6969891,5641761,1302688,3279271,1125781,1427788,3279271,
    3557729,1137275,6969891,1912359,1912359,6969891,1542015,1302688,1316766,1996912,5641761,1316766,6347114,7594916,8142419,
    2588701,6651929,1912359,6969891,5606840,1912359,2937043,613247,7767974,2937043,2525671,7767974,3753688,8090913,2525671,
    2937043,6651929,566269,1427788,8458587,4639684,8794449,4111266,4639684,2937043,2556538,5991231,6651929,1614364,566269,
    566269,3590588,6318408,1624432,123413,4111266,1786149,4140023,3590588,1624432,2556538,5641761,1786149,2937043,2525671,
    7767974,3753688,8090913,2525671,2937043,2556538,566269,8652168,5991231,6651929,3279271,5632143,1996912,7594916,7594916,
    2588701,1912359,1302688,1316766,5632143,5991231,5632143,3557729,1137275,1912359,6969891,1996912,7594916,5606840,5641761,
    1542015,5632143,1542015,2588701,5606840,1302688,1302688,1302688,1614364,3279271,1996912,2588701,2588701,6969891,1996912,
    7594916,1316766,1996912,3557729,1996912,6347114,5991231,2588701,1996912,1542015,1302688,6969891,7594916,2588701,2588701,
    1912359,6969891,6347114,1996912,1137275,1316766,5606840,1542015,3557729,2588701,1542015,5606840,5641761,1912359,1614364,
    1614364,4111266,4639684,2937043,2556538,566269,566269,3590588,5504183,3590588,1624432,2556538,5641761,1786149,2937043,
    6651929,566269,8652168,5991231,6651929,3279271,5991231,6969891,1137275,1316766,5606840,1302688,3557729,5641761,1542015,
    5632143,1996912,6969891,1302688,1302688,1302688,1912359,1614364,5632143,1912359,1137275,1316766,1302688,6969891,1912359,
    1996912,5641761,1542015,1614364,2525671,7767974,3753688,8090913,2525671,2937043,6003611,566269,4014937,5991231,6651929,
    1614364,2525671,7767974,3753688,8090913,2525671,2937043,2556538,566269,3318536,749336,2525671,7767974,3753688,8090913,
    2525671,2937043,2225277,566269,5991231,5632143,3557729,3557729,1316766,6969891,1996912,3557729,1120821,6969891,1137275,
    2588701,1316766,5606840,7594916,6969891,5641761,1542015,1614364,5632143,7594916,8142419,1912359,1542015,7594916,8090913,
    2588701,2937043,2525671,7767974,3753688,8090913,2525671,2937043,2525671,566269,5991231,5632143,1302688,7594916,5606840,
    3557729,5606840,1302688,1120821,1996912,6969891,3557729,3557729,1912359,1614364,1120821,1542015,1316766,5606840,6969891,
    1316766,6969891,2937043,2525671,7767974,3753688,8090913,2525671,2937043,6904463,566269,5991231,5991231,1996912,1996912,
    1912359,1316766,7594916,3557729,1120821,7594916,8142419,5606840,5504183,613247,8652168,2588701,2588701,1912359,4639684,
    5504183,5504183,1614364,6347114,1996912,1137275,1996912,7594916,1912359,1912359,7594916,1316766,1316766,6969891,6969891,
    5641761,6969891,5632143,5991231,5632143,1912359,7594916,1542015,7594916,1316766,1996912,1614364,1614364,6347114,1996912,
    1137275,1302688,1996912,5606840,1302688,1302688,6969891,2588701,5641761,1912359,2937043,1427788,2556538,4111266,2525671,
    5641761,2937043,2225277,1170709,566269,6003611,2937043,613247,7767974,2937043,2525671,7767974,3753688,8090913,2525671,
    2937043,4639684,566269,8652168,5991231,6651929,3279271,2225277,3279271,2225277,1614364,2525671,7767974,3753688,8090913,
    2525671,2937043,1427788,566269,4458139,8458587,4639684,8794449,4111266,4639684,2937043,1427788,2937043,1624432,2556538,
    5641761,1786149,2937043,2525671,566269,2525671,1120821,1427788,6647173,5991231,5991231,5632143,1912359,1137275,6969891,
    1302688,1996912,2588701,1912359,5641761,1542015,1120821,1912359,1137275,6969891,1302688,1996912,6969891,1996912,5641761,
    1542015,1614364,5108462,5991231,5991231,7594916,8142419,1302688,613247,8090913,1542015,1996912,1542015,3557729,3557729,
    6347114,1996912,7594916,1542015,1996912,1996912,1302688,5606840,1996912,5632143,6904463,1614364,1614364,1614364,6904463,
    566269,6904463,1120821,5991231,7594916,8142419,5606840,5606840,6969891,1302688,1542015,1120821,5991231,7594916,4361753,
    1316766,5641761,8090913,3557729,1316766,1120821,5632143,1912359,1137275,6969891,1542015,1542015,1302688,3557729,5641761,
    1542015,1614364,1614364,4111266,4639684,2937043,6904463,566269,566269,7594916,8142419,1912359,6651929,1316766,5504183,
    5504183,3557729,3557729,6347114,1542015,1137275,1912359,3557729,7594916,1996912,1302688,5641761,1542015,2937043,1624432,
    2556538,5641761,1786149,2937043,6904463,566269,1996912,1137275,1912359,1542015,1302688,1542015,5641761,3557729,1120821,
    5991231,5606840,1137275,1912359,6969891,1912359,2588701,1302688,5641761,1542015,1120821,5632143,5606840,1137275,6969891,
    1912359,2588701,6969891,1996912,5641761,1542015,1614364,2525671,7767974,3753688,8090913,2525671,2937043,4639684,566269,
    123413,5991231,2525671,8304311,5991231,5632143,3557729,2588701,1996912,1302688,1302688,1302688,5632143,5991231,5632143,
    3557729,1316766,1912359,2588701,7594916,2588701,1614364,1614364,1614364,2525671,7767974,3753688,8090913,2525671,2937043,
    4458139,566269,123413,5991231,5991231,2525671,6347114,5991231,5632143,5606840,1912359,1542015,3557729,1542015,3557729,
    1120821,3557729,3557729,7594916,6969891,6969891,7594916,1614364,1614364,8304311,5991231,5991231,5632143,1996912,1996912,
    7594916,6969891,1912359,1302688,1302688,5632143,5991231,5632143,1996912,1137275,1542015,1302688,1996912,1302688,5606840,
    5641761,1542015,1614364,1614364,1120821,6969891,1137275,1542015,5606840,1316766,1542015,6969891,5641761,1542015,1614364,
    1614364,2525671,7767974,3753688,8090913,2525671,2937043,1427788,566269,2525671,6347114,5991231,5632143,1912359,1996912,
    1996912,1316766,2588701,7594916,5632143,5991231,5632143,1912359,1137275,1996912,2588701,7594916,1912359,1302688,5641761,
    1542015,1614364,1614364,1786149,5991231,2556538,3279271,3606656,5991231,4639684,3279271,4458139,3279271,1427788,1614364,
    1614364,2525671,566269,5991231,3557729,6969891,5606840,1302688,5606840,1316766,1316766,1912359,6969891,5632143,7594916,
    8142419,2588701,5606840,2537456,4361962,4639684,1614364,6347114,5606840,1137275,1542015,2588701,3557729,6969891,3557729,
    1316766,5641761,1302688,2937043,5641761,1786149,613247,2937043,5641761,2525671,6318408,5641761,4111266,4639684,2937043,
    4639684,566269,566269,3590588,566269,3590588,1624432,2556538,5641761,1786149,2937043,1786149,5991231,2556538,3279271,
    3606656,5991231,123413,5991231,2525671,8304311,5991231,5632143,1302688,1912359,1302688,1542015,1542015,3557729,5632143,
    5991231,5632143,1996912,1137275,1302688,3557729,2588701,1316766,1912359,5606840,5641761,1302688,5632143,5991231,5632143,
    1996912,6969891,5606840,5606840,1996912,1996912,7594916,5632143,5991231,5632143,1996912,7594916,5606840,2588701,5606840,
    2588701,1912359,1614364,1614364,1614364,1614364,1614364,1614364,1614364,4111266,4639684,2937043,2225277,743293,566269,
    6003611,2937043,7767974,123413,2937043,8652168,5991231,6651929,3279271,2225277,1120821,5991231,5991231,5991231,5632143,
    2588701,1137275,1542015,2588701,2588701,1996912,1542015,5606840,5641761,1302688,5632143,5991231,5632143,1302688,6969891,
    3557729,5606840,1996912,1912359,1614364,1614364,5632143,5991231,5632143,2588701,5606840,6969891,1302688,7594916,1316766,
    5632143,1316766,7594916,2588701,1996912,1996912,1302688,1614364,1614364,1120821,1912359,1316766,1302688,1996912,1996912,
    5606840,1614364,3279271,2225277,1120821,5991231,2588701,1316766,5606840,1302688,2588701,1542015,1120821,5632143,2588701,
    1316766,5606840,1302688,2588701,3557729,1614364,1614364,518262,566269,3590588,566269,3590588,1624432,2556538,5641761,
    1786149,2937043,1786149,5991231,2556538,3279271,3606656,5991231,123413,5991231,5991231,2525671,6347114,5991231,7594916,
    8142419,1912359,6969891,1542015,7594916,5641761,5632143,7594916,4361753,6969891,3753688,7838613,1542015,5641761,7594916,
    5606840,6347114,5991231,7594916,8142419,2588701,2537456,6651929,4361962,1542015,1316766,1912359,5606840,6347114,1996912,
    1137275,6969891,1316766,5606840,1316766,1542015,7594916,3557729,5641761,1912359,1614364,1614364,1614364,8304311,5991231,
    5606840,1137275,7594916,2588701,1912359,1316766,1542015,1542015,3557729,2588701,3557729,5641761,6969891,6347114,1996912,
    1137275,2588701,7594916,1302688,5606840,1996912,1302688,1316766,5641761,1912359,1614364,1614364,1614364,1614364,5641761,
    1786149,613247,2937043,9085190,123413,5641761,8090913,2237146,2937043,5641761,1786149,613247,2937043,2225277,566269,
    2225277,1120821,5991231,5632143,1542015,1542015,1316766,6969891,6969891,6969891,1120821,1542015,1137275,1542015,6969891,
    5641761,1542015,1614364,5641761,1786149,613247,2937043,1427788,8458587,4639684,8794449,566269,5641761,5991231,2556538,
    1614364,5641761,2525671,6318408,5641761,4111266,4639684,2937043,2556538,566269,566269,3590588,123413,3590588,1624432,
    2556538,5641761,1786149,2937043,6651929,566269,8652168,5991231,6651929,3279271,7594916,8142419,5641761,4361962,1996912,
    3753688,1996912,5632143,6969891,1912359,1542015,2588701,6969891,1542015,1614364,2525671,7767974,3753688,8090913,2525671,
    2937043,4458139,566269,4014937,5991231,6651929,1614364,2525671,7767974,3753688,8090913,2525671,2937043,2556538,566269,
    3318536,749336,2525671,7767974,3753688,8090913,2525671,2937043,2225277,566269,5606840,7594916,1996912,5606840,2588701,
    6969891,2588701,1912359,1542015,6347114,1996912,1137275,1542015,1316766,1996912,1316766,1542015,2588701,2588701,5641761,
    1912359,1120821,5632143,1912359,1912359,1912359,5606840,1542015,1302688,2937043,1427788,2556538,4111266,2525671,5641761,
    2937043,2225277,1170709,566269,4458139,2937043,613247,7767974,2937043,2525671,7767974,3753688,8090913,2525671,2937043,
    4639684,566269,5991231,4458139,5632143,2225277,1614364,1120821,7594916,8142419,2537456,2588701,1316766,1542015,6969891,
    1542015,1996912,1302688,6347114,1996912,1302688,1542015,2588701,1542015,2588701,5606840,5606840,2937043,2525671,7767974,
    3753688,8090913,2525671,2937043,1427788,566269,4639684,743293,566269,1996912,1137275,1316766,1302688,1912359,5606840,
    6969891,1996912,6969891,7594916,6969891,5641761,6969891,6347114,1912359,1137275,1542015,6969891,1996912,7594916,2588701,
    3557729,5641761,1302688,2937043,8090913,1786149,613247,5991231,5991231,1996912,1137275,1996912,5606840,1316766,3557729,
    5606840,1302688,2588701,3557729,5641761,6969891,5632143,7594916,8142419,2588701,1996912,1302688,4639684,5606840,1614364,
    5632143,1316766,5606840,1912359,1996912,2588701,5606840,1614364,6347114,1316766,1137275,6969891,1542015,1302688,5606840,
    6969891,1542015,5641761,1302688,2937043,7767974,123413,2937043,4639684,2937043,2525671,7767974,3753688,8090913,2525671,
    2937043,5641761,566269,7594916,4361753,1542015,5606840,3557729,5641761,613247,1542015,6969891,1996912,6347114,1996912,
    5606840,7594916,1302688,2588701,5606840,1316766,1912359,2937043,2525671,7767974,3753688,8090913,2525671,2937043,4014937,
    566269,1427788,743293,5606840,1137275,1996912,1996912,6969891,1302688,5606840,5641761,1542015,1120821,5632143,5606840,
    1996912,1996912,6969891,1302688,2588701,2937043,4639684,7767974,123413,2937043,4639684,566269,5632143,1316766,1912359,
    1316766,6969891,1542015,1316766,1120821,5991231,7594916,4361753,1996912,6969891,8090913,6969891,1316766,2537456,5632143,
    7594916,4361753,5504183,3557729,7594916,1996912,3753688,1614364,3279271,5632143,1302688,1137275,1912359,1542015,1302688,
    1302688,1542015,5641761,1542015,1120821,1996912,1137275,2588701,1316766,2588701,1542015,1316766,2588701,5606840,7594916,
    2588701,5641761,6969891,6347114,1302688,1137275,5606840,1996912,3557729,1316766,1996912,1996912,5641761,1302688,3279271,
    5632143,1912359,1316766,2588701,2588701,7594916,2588701,1120821,7594916,4361753,9085190,5641761,4639684,1912359,9085190,
    2937043,613247,7767974,2937043,2525671,7767974,3753688,8090913,2525671,2937043,4458139,2937043,4111266,4639684,2937043,
    4639684,1170709,1427788,2937043,1624432,2556538,5641761,1786149,2937043,2525671,7767974,3753688,8090913,2525671,2937043,
    1427788,566269,8652168,5991231,6651929,3279271,2225277,1120821,4639684,3279271,2225277,1120821,4639684,1614364,4458139,
    566269,6003611,8458587,1427788,8794449,4111266,4639684,2937043,1786149,7767974,1624432,2937043,4458139,2937043,1624432,
    2556538,5641761,1786149,2937043,4014937,566269,4639684,8090913,2525671,6318408,5641761,2937043,9085190,123413,5641761,
    8090913,2237146,2937043,5641761,1786149,613247,2937043,5641761,2525671,6318408,5641761,2937043,4458139,566269,5632143,
    1302688,5606840,1542015,1996912,7594916,1996912,1120821,1302688,5606840,1542015,1996912,1316766,1542015,2937043,5641761,
    1786149,613247,2937043,5641761,566269,5641761,6647173,5991231,7594916,8142419,1996912,6969891,6969891,6969891,1912359,
    5641761,1542015,1912359,6347114,7594916,4361753,1316766,7594916,1912359,6651929,4639684,1302688,1614364,1120821,4458139,
    2937043,5641761,1786149,613247,2937043,4111266,4639684,2937043,4014937,2937043,1624432,2556538,5641761,1786149,2937043,
    2525671,7767974,3753688,8090913,2525671,2937043,4639684,566269,123413,5991231,5641761,8304311,5991231,3557729,1137275,
    7594916,1996912,7594916,2588701,6969891,2588701,2588701,1316766,6969891,5641761,6969891,6347114,2588701,1542015,1996912,
    1996912,1302688,3557729,3557729,1912359,1614364,1614364,6347114,5991231,5991231,5991231,2588701,1137275,1316766,1302688,
    1316766,1996912,5641761,1542015,1120821,5606840,1996912,1912359,7594916,7594916,6969891,1614364,1120821,5632143,1996912,
    3557729,1316766,6969891,1996912,1996912,1302688,1614364,5632143,5991231,5632143,1316766,1137275,1316766,1542015,1542015,
    1542015,5606840,5641761,1542015,1614364,1614364,2525671,7767974,3753688,8090913,2525671,2937043,4458139,566269,123413,
    5991231,5641761,8304311,5991231,7594916,8142419,3557729,5641761,5606840,5606840,8652168,1120821,5632143,2588701,1542015,
    3557729,1912359,1316766,1996912,1614364,1614364,6347114,5991231,5632143,1542015,1137275,1912359,3557729,1542015,3557729,
    1912359,5641761,1542015,1120821,7594916,4361753,1316766,3753688,1542015,1542015,5606840,1614364,2525671,7767974,3753688,
    8090913,2525671,2937043,6003611,566269,123413,5991231,5641761,8304311,5991231,5632143,2588701,1542015,2588701,1912359,
    6969891,7594916,1120821,2588701,1137275,1542015,5606840,7594916,3557729,1302688,5641761,1542015,1614364,1614364,6347114,
    5991231,5632143,6969891,1542015,1316766,1912359,1996912,1120821,6969891,1302688,1996912,2588701,1912359,1614364,2525671,
    7767974,3753688,8090913,2525671,2937043,4014937,566269,5641761,6347114,5991231,5991231,5991231,1542015,1137275,7594916,
    1542015,1542015,5606840,6969891,1996912,5606840,6969891,1316766,1316766,1912359,5641761,1996912,1996912,5632143,5991231,
    5632143,1996912,7594916,2588701,7594916,1316766,2588701,2588701,1614364,1614364,6347114,5991231,5991231,5991231,5606840,
    1137275,1996912,6969891,6969891,5606840,1316766,1302688,3557729,1542015,1302688,5641761,6969891,5632143,5991231,5632143,
    1542015,1996912,6969891,5606840,1302688,6969891,1614364,1614364,5632143,1542015,3557729,1302688,2588701,5606840,1302688,
    1614364,5632143,5991231,5632143,5606840,3557729,7594916,1912359,3557729,2588701,1614364,1614364,1614364,6347114,1996912,
    2588701,1542015,6969891,1912359,1302688,1302688,2588701,1614364,4111266,4639684,2937043,1427788,566269,566269,5632143,
    6969891,1996912,1912359,6969891,2588701,3557729,1120821,7594916,4361753,4361962,7594916,1996912,2537456,6969891,2937043,
    1624432,2556538,5641761,1786149,2937043,1786149,5991231,2556538,3279271,3606656,5991231,4639684,3279271,4458139,3279271,
    6003611,3279271,4014937,1614364,1614364,5641761,2525671,6318408,5641761,4111266,4639684,2937043,1427788,566269,566269,
    1996912,7594916,3557729,1996912,6969891,3557729,5606840,1302688,1912359,7594916,6347114,7594916,8142419,5641761,613247,
    3557729,9085190,2537456,1302688,2937043,1624432,2556538,5641761,1786149,2937043,1786149,5991231,2556538,3279271,3606656,
    5991231,4639684,3279271,4458139,3279271,6003611,1614364,1614364,5641761,2525671,6318408,5641761,4111266,4639684,2937043,
    1427788,566269,566269,1316766,6969891,1542015,6969891,2588701,1996912,5632143,1316766,6969891,1542015,6969891,1996912,
    1316766,2937043,1624432,2556538,5641761,1786149,2937043,1786149,5991231,2556538,3279271,3606656,5991231,4639684,3279271,
    4458139,1614364,1614364,5641761,2525671,6318408,5641761,4111266,4639684,2937043,1427788,566269,566269,5632143,1302688,
    1137275,1316766,6969891,1316766,1316766,2588701,5641761,1542015,5632143,5991231,5632143,1302688,1316766,6969891,1316766,
    1316766,3557729,1614364,1624432,2556538,5641761,1786149,2937043,1786149,5991231,2556538,3279271,3606656,5991231,4639684,
    1614364,1614364,5641761,1786149,613247,2937043,5641761,1786149,613247,2937043,2225277,566269,2225277,1120821,1427788,
    2937043,5641761,1786149,613247,2937043,1427788,8458587,4639684,8794449,566269,5641761,5991231,2556538,1614364,5641761,
    1786149,613247,2937043,5641761,1786149,613247,2937043,5641761,1786149,613247,2937043,5641761,1786149,613247,2937043,
    123413,5641761,1624432,5260148,123413,1786149,5991231,4639684,5260148,1786149,3753688,1624432,4111266,7767974,1786149,
    5991231,5641761,3279271,4014937,3279271,6003611,3279271,4639684,3279271,8652168,3279271,2556538,3279271,123413,3279271,
    613247,3279271,3576238,3279271,8202414,3279271,4111266,3279271,2173957,3279271,9062081,3279271,1427788,3279271,8780476,
    3279271,6651929,3279271,1954959,3279271,3606656,3279271,2525671,3279271,1786149,3279271,3949987,3279271,4503935,3279271,
    6904463,3279271,2225277,1614364,2525671,3279271,1786149,3279271,3949987,3279271,8780476,3279271,6651929,3279271,1954959,
    3279271,2225277,3279271,4503935,3279271,8202414,3279271,6904463,3279271,3606656,3279271,613247,3279271,3576238,3279271,
    4111266,3279271,1427788,3279271,9062081,3279271,2173957,566269,4639684,5260148,1786149,3753688,1624432,4111266,7767974,
    1786149,5991231,4639684,1614364,4639684,7767974,123413,2937043,4458139,566269,1316766,5606840,3557729,3557729,2588701,
    1302688,1542015,6347114,1316766,5606840,3557729,3557729,2588701,1302688,3557729,3279271,1125781,4639684,3279271,5991231,
    7594916,8142419,2588701,3557729,5504183,7594916,7594916,1542015,2588701,8652168,5632143,7594916,8142419,5606840,1912359,
    1542015,1316766,3557729,2537456,6969891,2537456,6347114,7594916,4361753,2537456,7594916,5641761,1996912,2537456,3557729,
    1614364,6347114,1996912,1542015,1912359,1316766,7594916,7594916,2588701,1542015,5632143,7594916,8142419,1302688,7838613,
    1302688,5504183,5606840,2937043,613247,7767974,2937043,1786149,8458587,4639684,8458587,4458139,8794449,8794449,566269,
    1786149,8458587,4639684,8458587,4458139,8794449,8794449,1120821,7594916,8142419,1316766,2588701,7594916,613247,2588701,
    1302688,6651929,6347114,7594916,8142419,6969891,5641761,1316766,6969891,6651929,2937043,5641761,1786149,613247,2937043,
    4111266,4639684,2937043,6003611,2937043,1624432,2556538,5641761,1786149,2937043,2525671,7767974,3753688,8090913,2525671,
    2937043,1427788,566269,6003611,5991231,1624432,123413,5260148,5641761,1614364,2525671,7767974,3753688,8090913,2525671,
    2937043,123413,566269,5641761,5991231,1427788,1614364,123413,8458587,4458139,5991231,5632143,1316766,1302688,1996912,
    5606840,3557729,1120821,1996912,2588701,3557729,1302688,7594916,6969891,1614364,8794449,3279271,123413,8458587,4458139,
    5991231,5991231,2588701,1316766,6969891,7594916,5606840,1542015,5632143,7594916,8142419,1302688,6969891,8652168,1316766,
    2537456,1614364,5632143,5991231,5632143,1996912,1137275,1316766,5606840,7594916,5606840,5606840,5641761,1542015,1614364,
    1614364,8794449,3279271,123413,8458587,4458139,5991231,5632143,1316766,2588701,1302688,1996912,1996912,2588701,1120821,
    1316766,1302688,3557729,1302688,6969891,1302688,1614364,8794449,566269,4639684,3279271,6904463,3279271,4639684,5260148,
    1786149,3753688,1624432,4111266,7767974,1786149,5991231,1614364,123413,5641761,1624432,5260148,123413,1786149,5991231,
    7594916,8142419,613247,5504183,2537456,8652168,4639684,5632143,7594916,4361753,1316766,5606840,1302688,6651929,1316766,
    1614364,1120821,5632143,3557729,7594916,1302688,1542015,1912359,1996912,1542015,2937043,5641761,1786149,613247,2937043,
    123413,5641761,1624432,5260148,123413,1786149,2937043,1427788,2937043,5641761,2525671,6318408,5641761,2937043,123413,
    5641761,1624432,5260148,123413,1786149,2937043,2556538,5991231,3318536,749336,3279271,3318536,8458587,4458139,5991231,
    7594916,8142419,1996912,1542015,2588701,8090913,1912359,5606840,1542015,3557729,6347114,1912359,1996912,7594916,1996912,
    5606840,7594916,1996912,1614364,8794449,566269,6904463,3279271,8458587,4458139,5991231,7594916,8142419,2588701,1996912,
    1302688,9085190,2588701,1120821,5632143,6969891,1316766,3557729,7594916,1912359,1614364,8794449,566269,4639684,3279271,
    8458587,4458139,5991231,2588701,6969891,7594916,5606840,1996912,3557729,1120821,5632143,2588701,1137275,1542015,1996912,
    1912359,5606840,5641761,1542015,1614364,8794449,566269,4639684,5260148,1786149,3753688,1624432,4111266,7767974,1786149,
    5991231,1614364,123413,5641761,1624432,5260148,123413,1786149,5632143,1912359,1137275,5606840,2588701,1996912,1996912,
    5641761,3557729,1120821,5632143,5606840,1302688,2588701,1302688,6969891,1302688,1996912,2937043,5641761,1786149,613247,
    749336,1614364,5641761,1786149,613247,2937043,5641761,1786149,613247,3279271,3318536,749336,3279271,4639684,5260148,
    1786149,3753688,1624432,4111266,7767974,1786149,5991231,4639684,3279271,4458139,1614364,2525671,7767974,3753688,8090913,
    2525671,2937043,123413,566269,2525671,5991231,4458139,1614364,2525671,7767974,3753688,8090913,2525671,2937043,6003611,
    566269,4639684,5260148,1786149,3753688,1624432,4111266,7767974,1786149,5991231,6003611,3279271,2556538,3279271,5641761,
    3279271,4014937,1614364,123413,5641761,1624432,5260148,123413,1786149,2937043,1427788,5991231,4639684,3279271,3318536,
    6003611,3279271,2556538,7384885,5641761,7384885,4014937,749336,3279271,4458139,3279271,123413,1614364,5641761,1786149,
    613247,2937043,123413,5641761,1624432,5260148,123413,1786149,2937043,6003611,2937043,5641761,1786149,613247,3279271,
    4639684,5260148,1786149,3753688,1624432,4111266,7767974,1786149,5991231,4639684,3279271,4458139,1614364,2525671,7767974,
    3753688,8090913,2525671,2937043,123413,566269,2525671,5991231,4458139,1614364,2525671,7767974,3753688,8090913,2525671,
    2937043,6003611,566269,4639684,5260148,1786149,3753688,1624432,4111266,7767974,1786149,5991231,1614364,123413,5641761,
    1624432,5260148,123413,1786149,2937043,1427788,5991231,4639684,3279271,3318536,749336,3279271,4458139,3279271,123413,
    1614364,5641761,1786149,613247,2937043,123413,5641761,1624432,5260148,123413,1786149,2937043,6003611,2937043,5641761,
    1786149,613247,3279271,4639684,5260148,1786149,3753688,1624432,4111266,7767974,1786149,5991231,1614364,2225277,566269,
    5991231,5632143,3557729,1137275,1996912,3557729,1316766,5606840,5606840,5641761,1542015,1120821,3557729,1137275,1996912,
    3557729,1316766,5606840,3557729,5641761,1542015,1614364,1120821,2225277,2937043,1786149,8458587,2225277,8794449,566269,
    1302688,1137275,2588701,2588701,1996912,1996912,5641761,3557729,1120821,5991231,5632143,3557729,1996912,7594916,5606840,
    1912359,7594916,5632143,5991231,5632143,5606840,1137275,3557729,1316766,1996912,1302688,5641761,1542015,1614364,1614364,
    123413,5641761,1624432,5260148,123413,1786149,2937043,2225277,2937043,5641761,1786149,613247,3279271,4639684,5260148,
    1786149,3753688,1624432,4111266,7767974,1786149,5991231,4639684,3279271,4458139,1614364,2525671,7767974,3753688,8090913,
    2525671,2937043,123413,566269,2525671,5991231,4458139,1614364,2525671,7767974,3753688,8090913,2525671,2937043,6003611,
    566269,4639684,5260148,1786149,3753688,1624432,4111266,7767974,1786149,5991231,6003611,3279271,2556538,3279271,5641761,
    3279271,4014937,3279271,8652168,3279271,3606656,3279271,1786149,3279271,6651929,3279271,2225277,3279271,2525671,3279271,
    6904463,3279271,8202414,3279271,4503935,3279271,613247,3279271,3949987,3279271,9062081,3279271,8780476,3279271,2173957,
    3279271,3576238,3279271,4111266,1614364,123413,5641761,1624432,5260148,123413,1786149,2937043,1427788,5991231,4639684,
    3279271,3318536,6003611,3279271,2556538,3279271,5641761,3279271,4014937,3279271,8652168,7384885,3606656,7384885,1786149,
    7384885,6651929,3279271,2225277,7384885,2525671,7384885,6904463,3279271,8202414,7384885,4503935,3279271,613247,3279271,
    3949987,3279271,9062081,7384885,8780476,7384885,2173957,7384885,3576238,7384885,4111266,749336,3279271,4458139,3279271,
    123413,1614364,5641761,1786149,613247,2937043,123413,5641761,1624432,5260148,123413,1786149,2937043,6003611,2937043,
    5641761,1786149,613247,3279271,1912359,6969891,1542015,7594916,7594916,1316766,1996912,1912359,2588701,6347114,7594916,
    8142419,3557729,3557729,1912359,2588701,8652168,2588701,5632143,7594916,4361753,4639684,1912359,6969891,1912359,8090913,
    3279271,4639684,5260148,1786149,3753688,1624432,4111266,7767974,1786149,5991231,4639684,3279271,4458139,1614364,2525671,
    7767974,3753688,8090913,2525671,2937043,123413,566269,2525671,5991231,4458139,1614364,2525671,7767974,3753688,8090913,
    2525671,2937043,6003611,566269,4639684,5260148,1786149,3753688,1624432,4111266,7767974,1786149,5991231,1137275,1137275,
    1137275,1614364,123413,5641761,1624432,5260148,123413,1786149,2937043,1427788,5991231,4639684,3279271,3318536,1137275,
    1137275,1137275,749336,3279271,4458139,3279271,123413,1614364,5641761,1786149,613247,2937043,123413,5641761,1624432,
    5260148,123413,1786149,2937043,6003611,2937043,5641761,1786149,613247,3279271,4639684,5260148,1786149,3753688,1624432,
    4111266,7767974,1786149,5991231,4639684,1614364,1786149,8458587,4639684,8794449,566269,1786149,8458587,4639684,8794449,
    5632143,5991231,1542015,1542015,5606840,1542015,2588701,5606840,1120821,5632143,1542015,1542015,5606840,1542015,2588701,
    2588701,1614364,4111266,4639684,2937043,1786149,8458587,4639684,8794449,566269,566269,7594916,4361753,3753688,3557729,
    2588701,1912359,1542015,613247,5504183,2588701,6347114,7594916,4361753,8652168,6969891,1302688,1996912,4361962,4361962,
    2937043,1624432,2556538,5641761,1786149,2937043,1786149,8458587,4639684,8794449,3279271,3606656,8458587,4639684,8794449,
    566269,1786149,4111266,2525671,3279271,1786149,4111266,2525671,2937043,5641761,1786149,613247,2937043,5641761,1786149,
    613247,3279271,4639684,5260148,1786149,3753688,1624432,4111266,7767974,1786149,5991231,4639684,1614364,2525671,7767974,
    3753688,8090913,2525671,2937043,4458139,3279271,1427788,566269,1996912,1137275,5606840,1302688,1302688,1316766,1302688,
    5606840,1542015,1302688,1996912,5641761,6969891,6347114,1302688,1137275,1302688,5606840,1542015,2588701,1302688,5641761,
    1302688,3279271,4639684,8458587,5991231,5632143,1316766,1137275,1302688,1302688,7594916,1302688,5641761,1542015,1120821,
    1996912,1302688,2588701,1542015,7594916,1996912,2588701,6969891,1302688,6969891,1614364,6347114,7594916,4361753,7838613,
    613247,2588701,613247,4639684,3557729,8794449,1427788,2556538,4111266,2525671,5641761,2937043,1427788,2937043,613247,
    7767974,2937043,1786149,8458587,1427788,8794449,3279271,4458139,566269,1786149,8458587,1427788,8794449,5632143,5991231,
    1996912,7594916,3557729,1316766,1912359,1542015,5632143,1996912,1137275,7594916,3557729,1316766,1912359,3557729,5641761,
    1542015,1614364,3279271,2588701,1137275,1302688,5606840,5606840,1542015,1316766,1542015,1542015,1316766,2588701,5641761,
    6969891,6347114,5991231,1912359,1137275,1912359,1316766,6969891,1316766,6969891,5641761,1542015,1120821,7594916,4361753,
    6969891,8090913,8652168,9085190,6969891,7594916,1614364,1120821,4458139,2937043,4111266,4639684,2937043,2588701,1137275,
    7594916,1302688,1302688,3557729,6969891,6969891,1302688,1316766,3557729,5641761,6969891,6347114,1316766,1137275,3557729,
    1302688,6969891,2588701,1302688,1996912,5641761,1302688,566269,566269,1786149,8458587,1427788,8794449,1624432,2556538,
    5641761,1786149,2937043,1786149,8458587,1427788,8794449,3279271,3606656,8458587,1427788,8794449,566269,1786149,4111266,
    2525671,3279271,1786149,4111266,2525671,2937043,5641761,1786149,613247,2937043,1427788,566269,4639684,8458587,4458139,
    8794449,5641761,1786149,613247,2937043,5641761,1786149,613247,3279271,3318536,749336,3279271,4639684,5260148,1786149,
    3753688,1624432,4111266,7767974,1786149,5991231,4639684,3279271,4458139,1614364,2525671,7767974,3753688,8090913,2525671,
    2937043,123413,566269,2525671,5991231,4458139,1614364,2525671,7767974,3753688,8090913,2525671,2937043,6003611,566269,
    4639684,5260148,1786149,3753688,1624432,4111266,7767974,1786149,5991231,6003611,3279271,2556538,3279271,5641761,3279271,
    4014937,3279271,8652168,1614364,123413,5641761,1624432,5260148,123413,1786149,2937043,1427788,5991231,4639684,3279271,
    3318536,6003611,7384885,2556538,3279271,5641761,7384885,4014937,3279271,8652168,749336,3279271,4458139,3279271,123413,
    1614364,5641761,1786149,613247,2937043,123413,5641761,1624432,5260148,123413,1786149,2937043,6003611,2937043,5641761,
    1786149,613247,3279271,4639684,5260148,1786149,3753688,1624432,4111266,7767974,1786149,5991231,4639684,3279271,4458139,
    1614364,2525671,7767974,3753688,8090913,2525671,2937043,123413,566269,2525671,5991231,4458139,1614364,2525671,7767974,
    3753688,8090913,2525671,2937043,6003611,566269,4639684,5260148,1786149,3753688,1624432,4111266,7767974,1786149,5991231,
    6003611,3279271,2556538,3279271,5641761,3279271,4014937,3279271,8652168,3279271,3606656,3279271,1786149,3279271,6651929,
    3279271,2225277,1614364,123413,5641761,1624432,5260148,123413,1786149,2937043,1427788,5991231,4639684,3279271,3318536,
    6003611,7384885,2556538,7384885,5641761,7384885,4014937,3279271,8652168,7384885,3606656,3279271,1786149,7384885,6651929,
    7384885,2225277,749336,3279271,4458139,3279271,123413,1614364,5641761,1786149,613247,2937043,123413,5641761,1624432,
    5260148,123413,1786149,2937043,6003611,2937043,5641761,1786149,613247,3279271,4639684,5260148,1786149,3753688,1624432,
    4111266,7767974,1786149,5991231,4639684,3279271,4458139,1614364,2525671,7767974,3753688,8090913,2525671,2937043,123413,
    566269,2525671,5991231,4458139,1614364,2525671,7767974,3753688,8090913,2525671,2937043,6003611,566269,4639684,5260148,
    1786149,3753688,1624432,4111266,7767974,1786149,5991231,6003611,3279271,2556538,3279271,5641761,3279271,4014937,3279271,
    8652168,3279271,3606656,3279271,1786149,1614364,123413,5641761,1624432,5260148,123413,1786149,2937043,1427788,5991231,
    4639684,3279271,3318536,6003611,3279271,2556538,3279271,5641761,7384885,4014937,3279271,8652168,7384885,3606656,7384885,
    1786149,749336,3279271,4458139,3279271,123413,1614364,5641761,1786149,613247,2937043,123413,5641761,1624432,5260148,
    123413,1786149,2937043,6003611,2937043,5641761,1786149,613247,3279271,4639684,5260148,1786149,3753688,1624432,4111266,
    7767974,1786149,5991231,1427788,3279271,6003611,3279271,2556538,3279271,5641761,1614364,2525671,7767974,3753688,8090913,
    2525671,2937043,4503935,4140023,566269,3318536,749336,2525671,7767974,3753688,8090913,2525671,2937043,3949987,3576238,
    3279271,2434528,3279271,2225277,3576238,3279271,4458139,4140023,3279271,4361753,3279271,1786149,3576238,3279271,4621789,
    3279271,9085190,3279271,123413,3576238,3279271,3322816,3279271,2577324,3279271,1427788,4140023,3279271,4904021,3576238,
    3279271,2434528,3576238,3279271,1624432,3279271,1427788,3576238,3279271,2537456,3576238,3279271,4503935,3576238,3279271,
    5641761,4140023,3279271,5260148,3576238,3279271,8652168,4140023,3279271,6904463,3279271,613247,3576238,3279271,5641761,
    3576238,3279271,4458139,3576238,3279271,2537456,3279271,6651929,4140023,3279271,8142419,3279271,5260148,3279271,4140023,
    3576238,3279271,8202414,3576238,3279271,1786149,3279271,2225277,4140023,3279271,4639684,3576238,3279271,8142419,3576238,
    3279271,4014937,3576238,3279271,7701716,3279271,1624432,3576238,3279271,4111266,3576238,3279271,2185202,3576238,3279271,
    8780476,3576238,3279271,2577324,3576238,3279271,6904463,4140023,3279271,8090913,3576238,3279271,7838613,3576238,3279271,
    6651929,3576238,3279271,3606656,3576238,3279271,2237146,3279271,4361962,3576238,3279271,3753688,3576238,3279271,5793077,
    3279271,7767974,3576238,3279271,8652168,3576238,3279271,6003611,4140023,3279271,6318408,3576238,3279271,6904463,3576238,
    3279271,2556538,3576238,3279271,7117100,3279271,9085190,3576238,3279271,4140023,3279271,2556538,4140023,3279271,3454205,
    3279271,6318408,3279271,3454205,3576238,3279271,2525671,3576238,3279271,8159549,3576238,3279271,8202414,4140023,3279271,
    6102236,3576238,3279271,5504183,3576238,3279271,3606656,4140023,3279271,4361962,3279271,3753688,3279271,2525671,3279271,
    1954959,3576238,3279271,2237146,3576238,3279271,7701716,3576238,3279271,6102236,3279271,2185202,3279271,4014937,4140023,
    3279271,5793077,3576238,3279271,4639684,4140023,3279271,123413,4140023,3279271,8652168,3279271,8090913,3279271,2525671,
    4140023,3279271,8159549,3279271,4621789,3576238,3279271,4904021,3279271,3576238,3576238,3279271,6003611,3576238,3279271,
    1786149,4140023,3279271,2173957,3576238,3279271,3322816,3576238,3279271,2225277,3279271,7767974,3279271,5504183,3279271,
    7838613,3279271,4361753,3576238,3279271,7117100,3576238,3279271,9062081,3576238,2937043,1427788,2556538,4111266,2525671,
    5641761,2937043,1427788,2937043,613247,7767974,2937043,4111266,4639684,2937043,1427788,1170709,6969891,1137275,1302688,
    3557729,1316766,1996912,2588701,5641761,1542015,1120821,7594916,4361753,1302688,1316766,8090913,9085190,6969891,5641761,
    2937043,1624432,2556538,5641761,1786149,2937043,4111266,4639684,2937043,3557729,5606840,1996912,1996912,7594916,3557729,
    2588701,5632143,5991231,5632143,6969891,1316766,7594916,3557729,7594916,7594916,1120821,1996912,1137275,7594916,5606840,
    1542015,1542015,6969891,1996912,5641761,1302688,1614364,743293,1427788,2937043,1624432,2556538,5641761,1786149,2937043,
    4111266,4639684,2937043,1427788,743293,5606840,2588701,1302688,1912359,3557729,6969891,1996912,5632143,7594916,4361753,
    1316766,613247,2537456,3753688,7838613,2937043,1624432,2556538,5641761,1786149,2937043,4111266,4639684,2937043,1427788,
    743293,5991231,5632143,1996912,1137275,1302688,1996912,1912359,1316766,6969891,1996912,5641761,1302688,5632143,5991231,
    5991231,5632143,1302688,1137275,1912359,3557729,1302688,5641761,5606840,1120821,5606840,1137275,1996912,1912359,7594916,
    3557729,1542015,7594916,1542015,1302688,1542015,5641761,6969891,6347114,1996912,1137275,1542015,1316766,1542015,1996912,
    1542015,1302688,1302688,5641761,1912359,1614364,5632143,6969891,1137275,1316766,1912359,6969891,1996912,5606840,5641761,
    1542015,1614364,1614364,1120821,3557729,1137275,2588701,1912359,6969891,1316766,5606840,5641761,1302688,2937043,1624432,
    2556538,5641761,1786149,2937043,4111266,4639684,2937043,1427788,1170709,7594916,8142419,5606840,1542015,8652168,1996912,
    6651929,1542015,5632143,5991231,5632143,1542015,1302688,1316766,2588701,1316766,6969891,1614364,1624432,2556538,5641761,
    1786149,2937043,4111266,4639684,5632143,3557729,1996912,1912359,5606840,6969891,3557729,1120821,7594916,8142419,3557729,
    7594916,1316766,1316766,8652168,4639684,743293,1427788,2937043,1624432,2556538,5641761,1786149,2937043,4111266,4639684,
    2937043,1427788,1170709,2588701,1302688,1316766,5606840,6969891,6969891,6969891,5632143,5991231,5632143,6969891,7594916,
    3557729,7594916,6969891,2588701,1614364,1624432,2556538,5641761,1786149,2937043,1427788,3279271,1786149,566269,5632143,
    1912359,2588701,3557729,3557729,1996912,1302688,1120821,7594916,4361753,1542015,1912359,8090913,1542015,1996912,5641761,
    3279271,1786149,4111266,2525671,2937043,3606656,8458587,2556538,8458587,5632143,1316766,5606840,2588701,1912359,7594916,
    1120821,7594916,4361753,1996912,3557729,1542015,3557729,9085190,8794449,8794449,566269,8652168,2937043,5641761,2525671,
    6318408,5641761,4111266,4639684,2937043,1302688,1137275,1302688,6969891,5606840,6969891,3557729,5641761,1542015,1120821,
    2588701,1137275,6969891,6969891,7594916,7594916,5606840,2588701,5641761,1302688,743293,1427788,2937043,1624432,2556538,
    5641761,1786149,2937043,1427788,566269,5606840,1912359,3557729,7594916,1302688,5606840,1302688,5632143,1302688,1137275,
    1542015,1912359,1316766,1912359,3557729,1996912,1912359,1316766,5641761,1316766,6347114,1996912,1137275,5606840,6969891,
    1316766,1912359,7594916,1542015,3557729,5641761,1912359,2937043,5641761,2525671,6318408,5641761,2937043,1427788,566269,
    1996912,1542015,2588701,7594916,5606840,5606840,1542015,3557729,5632143,1302688,1137275,7594916,2588701,2588701,1542015,
    1316766,5641761,1542015,2937043,5641761,1786149,613247,2937043,5641761,2525671,6318408,5641761,2937043,4111266,4639684,
    2937043,1427788,1170709,7594916,4361753,5606840,4639684,4639684,1542015,1912359,2588701,5632143,5991231,7594916,8142419,
    9085190,5606840,3753688,1302688,7838613,5632143,1542015,7594916,1912359,7594916,1912359,6969891,1614364,1624432,2556538,
    5641761,1786149,2937043,4639684,3576238,566269,5632143,3557729,7594916,1302688,1542015,1302688,1542015,1120821,7594916,
    4361753,1302688,5606840,3557729,2588701,1302688,2937043,4458139,3576238,566269,2185202,8458587,4639684,3576238,8794449,
    1427788,3279271,7838613,566269,5991231,7594916,4361753,1996912,1912359,5504183,5641761,5606840,1912359,2537456,5632143,
    5991231,5632143,5606840,1137275,1316766,1302688,7594916,1302688,6969891,5641761,1542015,5632143,5991231,5632143,5606840,
    1302688,1542015,7594916,1302688,1912359,1614364,1614364,1614364,6347114,5991231,7594916,8142419,1316766,1316766,5606840,
    5606840,1316766,1120821,1996912,1912359,7594916,1302688,1316766,1316766,3557729,5606840,1614364,3279271,4458139,3576238,
    2937043,5641761,2525671,6318408,5641761,4111266,4639684,2937043,1427788,1170709,5632143,1542015,1316766,7594916,2588701,
    2588701,5606840,1120821,3557729,1542015,6969891,1996912,2588701,2588701,1316766,2937043,1624432,2556538,5641761,1786149,
    2937043,1427788,3279271,6318408,566269,9085190,3279271,4458139,5991231,1302688,6969891,1302688,5606840,1302688,7594916,
    1120821,5991231,1542015,7594916,2588701,2588701,1542015,1302688,3557729,1302688,2588701,6347114,5606840,1912359,3557729,
    3557729,5606840,1316766,5606840,1120821,5632143,1996912,1996912,1302688,1302688,1316766,6969891,6969891,1614364,1614364,
    1427788,566269,4639684,8458587,4458139,5991231,5632143,1996912,1137275,1912359,7594916,2588701,3557729,5606840,5641761,
    1542015,5632143,5991231,5632143,2588701,7594916,1316766,1912359,1316766,3557729,1614364,1614364,8794449,5793077,566269,
    4639684,8458587,6318408,8794449,9085190,566269,3318536,123413,5991231,1786149,1614364,749336,3753688,566269,3318536,
    2525671,5991231,3322816,3279271,2237146,3279271,6102236,3279271,5260148,3279271,5504183,3279271,9085190,3279271,5793077,
    1614364,749336,8652168,566269,3318536,123413,5991231,3753688,1614364,749336,5641761,2525671,6318408,5641761,2937043,
    5260148,566269,3606656,8458587,2225277,8794449,5504183,566269,2588701,1302688,6969891,5606840,1912359,1912359,1302688,
    5632143,5991231,5632143,3557729,1137275,3557729,1542015,2588701,1302688,1996912,5641761,1542015,1614364,743293,566269,
    7594916,8142419,2588701,7838613,9085190,5504183,1912359,1120821,1316766,1137275,3557729,6969891,1302688,1302688,2588701,
    1302688,5641761,1302688,2937043,6102236,566269,5260148,566269,566269,5504183,2937043,1427788,566269,6102236,2937043,
    8090913,1786149,613247,5991231,7594916,4361753,3557729,5641761,1316766,7594916,6969891,9085190,5632143,7594916,4361753,
    1912359,8652168,1542015,6969891,1912359,1614364,5632143,5606840,3557729,1316766,1302688,5606840,7594916,2937043,7767974,
    123413,5991231,5606840,1137275,1316766,1912359,7594916,5606840,6969891,6969891,1316766,1996912,1996912,5641761,6969891,
    5632143,5991231,5632143,1996912,1316766,1316766,3557729,6969891,2588701,1614364,1614364,6347114,2588701,1542015,1542015,
    2588701,1316766,6969891,7594916,5606840,2937043,5641761,1786149,613247,2937043,5641761,1786149,613247,2937043,5641761,
    2525671,6318408,5641761,2937043,4111266,4639684,2937043,1427788,1170709,1542015,7594916,1996912,1542015,1316766,1912359,
    6969891,5632143,1316766,1137275,2588701,7594916,6969891,1542015,1542015,5641761,1542015,2937043,1624432,2556538,5641761,
    1786149,2937043,4111266,4639684,2937043,1427788,1170709,3557729,5606840,3557729,1542015,1912359,7594916,1542015,5632143,
    5991231,5632143,1996912,1137275,7594916,1996912,3557729,6969891,1302688,1912359,5641761,1302688,1120821,1996912,2588701,
    1996912,7594916,2588701,1996912,1912359,1614364,1624432,2556538,5641761,1786149,2937043,6102236,566269,5632143,1302688,
    1542015,1302688,3557729,1302688,3557729,5632143,5991231,5632143,1996912,1542015,2588701,1996912,1316766,7594916,1302688,
    5632143,5991231,1912359,1316766,6969891,1302688,1316766,5606840,1120821,5632143,1996912,1137275,1302688,1542015,1542015,
    7594916,1996912,1316766,5641761,1302688,1614364,1614364,2577324,566269,2237146,566269,566269,6102236,2937043,1427788,
    566269,2577324,2937043,8090913,1786149,613247,2937043,1316766,1137275,7594916,1302688,1996912,1542015,1542015,3557729,
    5641761,1302688,5632143,7594916,8142419,5606840,1302688,5606840,7838613,7594916,2937043,7767974,123413,2937043,7594916,
    8142419,613247,1912359,1996912,1316766,1996912,5632143,5991231,5632143,6969891,1996912,6969891,1316766,1542015,6969891,
    1614364,5641761,2525671,6318408,5641761,4111266,4639684,2937043,1427788,1170709,2588701,1316766,6969891,3557729,1542015,
    5606840,3557729,1996912,1542015,7594916,6347114,1996912,1137275,2588701,2588701,3557729,1912359,2588701,1302688,1996912,
    5641761,1912359,2937043,1624432,2556538,5641761,1786149,2937043,1427788,566269,5632143,1302688,3557729,1542015,1912359,
    3557729,1542015,1120821,5991231,1996912,1137275,5606840,1912359,5606840,5606840,1996912,3557729,5606840,5641761,1912359,
    5632143,5991231,5632143,3557729,3557729,3557729,1996912,1996912,1542015,1614364,1614364,5641761,2525671,6318408,5641761,
    2937043,1427788,566269,1996912,1137275,7594916,1302688,1542015,5606840,7594916,3557729,1912359,5641761,1912359,5632143,
    5991231,5632143,1316766,1302688,5606840,2588701,1996912,1542015,1614364,5641761,1786149,613247,2937043,5641761,2525671,
    6318408,5641761,2937043,4111266,4639684,5991231,5632143,6969891,1302688,5606840,2588701,1316766,1302688,1120821,5606840,
    6969891,1912359,5606840,1542015,1912359,1614364,1120821,7594916,4361753,3557729,1316766,4361962,9085190,2588701,1302688,
    743293,1427788,2937043,1624432,2556538,5641761,1786149,2937043,1427788,3279271,8142419,566269,7594916,4361753,3753688,
    3557729,6969891,2537456,1316766,7594916,5632143,5991231,5632143,1302688,3557729,1302688,6969891,7594916,1542015,1614364,
    3279271,1996912,1137275,5606840,1302688,3557729,3557729,1542015,1302688,1996912,1316766,1302688,5641761,6969891,6347114,
    1996912,1137275,2588701,1542015,1996912,1542015,1316766,6969891,5641761,1912359,743293,566269,5632143,1996912,1302688,
    2588701,5606840,1316766,3557729,1120821,1996912,1137275,1912359,1302688,1316766,2588701,1912359,6969891,5606840,5606840,
    5641761,1316766,6347114,7594916,8142419,1912359,5641761,8090913,3753688,3557729,2588701,2937043,3606656,8458587,2225277,
    8794449,566269,8142419,2937043,5641761,2525671,6318408,5641761,2937043,1427788,566269,3606656,8458587,2556538,8458587,
    1912359,1302688,2588701,1996912,3557729,5606840,1120821,5632143,1912359,1137275,1302688,2588701,1996912,3557729,2588701,
    5641761,1542015,8794449,8794449,3322816,566269,2225277,2937043,8652168,566269,1786149,8458587,3322816,8794449,7767974,
    566269,1302688,1137275,3557729,1542015,2588701,5606840,1542015,5641761,1542015,1120821,5632143,1302688,3557729,1542015,
    2588701,5606840,3557729,2937043,2577324,566269,3606656,8458587,2556538,8458587,1996912,6969891,1302688,1912359,6969891,
    7594916,6969891,7594916,1996912,1996912,6347114,1996912,1137275,1302688,1302688,1912359,1912359,1996912,6969891,1542015,
    5641761,1912359,8794449,8794449,6102236,566269,1786149,8458587,3322816,8794449,8142419,566269,2577324,8458587,6102236,
    8794449,2237146,566269,7767974,1120821,8142419,2937043,3322816,566269,1786149,4111266,2525671,2937043,1427788,8458587,
    8652168,8794449,566269,2237146,2937043,1427788,566269,7594916,8142419,8090913,3557729,6651929,1912359,1996912,1120821,
    1316766,1137275,1542015,1996912,3557729,1996912,6969891,7594916,1912359,6969891,5641761,1316766,6347114,1996912,1302688,
    1302688,1996912,1302688,1542015,5606840,5606840,2937043,5641761,1786149,613247,2937043,5641761,1786149,613247,2937043,
    5641761,1786149,613247,2937043,5641761,2525671,6318408,5641761,2937043,4111266,4639684,2937043,7594916,8142419,5606840,
    1996912,1996912,4639684,613247,1996912,5632143,7594916,8142419,1912359,7838613,6651929,743293,1427788,2937043,1624432,
    2556538,5641761,1786149,2937043,4111266,4639684,2937043,1427788,1170709,7594916,4361753,5606840,1912359,7594916,7838613,
    9085190,1996912,5632143,7594916,8142419,1316766,1316766,8090913,2588701,7838613,2937043,1624432,2556538,5641761,1786149,
    2937043,4111266,4639684,2937043,1427788,1170709,7594916,8142419,613247,6969891,1912359,3557729,1912359,1120821,1996912,
    1316766,6969891,1996912,2588701,7594916,1996912,2937043,1624432,2556538,5641761,1786149,2937043,1427788,566269,5504183,
    2937043,5504183,566269,6651929,5991231,1614364,2434528,3279271,6318408,566269,4458139,5991231,5606840,1302688,1996912,
    1912359,3557729,5606840,2588701,1542015,5606840,6347114,7594916,4361753,5606840,8652168,1542015,2588701,4639684,8652168,
    1614364,3279271,5991231,5632143,1996912,1137275,7594916,5606840,2588701,2588701,1302688,1316766,5641761,1302688,1120821,
    1996912,1912359,1996912,1302688,1316766,3557729,3557729,1614364,1120821,5632143,1302688,1137275,1316766,3557729,1542015,
    1996912,1996912,5641761,1542015,2937043,3606656,8458587,5504183,8794449,566269,5260148,2937043,5260148,566269,3606656,
    8458587,6102236,8794449,5793077,566269,1996912,6969891,1542015,1542015,7594916,3557729,2588701,3557729,7594916,7594916,
    6347114,1316766,1137275,3557729,1302688,5606840,5606840,1316766,1912359,5641761,1302688,2937043,9085190,566269,5260148,
    5991231,5793077,3279271,6318408,1614364,5260148,566269,6651929,5991231,1614364,3606656,8458587,5260148,8794449,566269,
    9085190,2937043,5793077,566269,5991231,7594916,8142419,1996912,5641761,2537456,6969891,1912359,5632143,5991231,2588701,
    1137275,6969891,2588701,1996912,6969891,5606840,5641761,1542015,1120821,5991231,5632143,3557729,5606840,1542015,3557729,
    5606840,1120821,5632143,1996912,1137275,7594916,2588701,3557729,1996912,1542015,1316766,5641761,1302688,1614364,1614364,
    1614364,1120821,5632143,6969891,7594916,1996912,7594916,6969891,6969891,2937043,9085190,566269,1912359,5606840,7594916,
    7594916,1302688,6969891,5632143,1912359,5606840,7594916,7594916,1302688,6969891,2937043,7701716,566269,4458139,5991231,
    7594916,8142419,5606840,2588701,3753688,5606840,1316766,6969891,2588701,1542015,6347114,1302688,1316766,1996912,5606840,
    7594916,6969891,1542015,1614364,8159549,566269,613247,5991231,5991231,7594916,8142419,6651929,8090913,7594916,1302688,
    1316766,1302688,5632143,5991231,5991231,5606840,1912359,7594916,2588701,1316766,1316766,1120821,7594916,4361753,9085190,
    3557729,1996912,7838613,6969891,8652168,1316766,1996912,1614364,6347114,5991231,7594916,4361753,1996912,1912359,7594916,
    1996912,3557729,7594916,3753688,5606840,6347114,7594916,8142419,613247,6969891,8090913,1302688,5641761,1912359,1120821,
    1996912,1137275,5606840,3557729,2588701,1542015,5606840,2588701,2588701,5641761,1912359,1614364,5632143,1542015,1137275,
    1996912,1996912,1542015,1316766,1912359,5641761,1542015,1614364,1614364,5632143,1996912,5606840,1302688,1316766,1996912,
    1996912,3279271,3318536,749336,1614364,4361962,566269,4639684,8458587,7701716,8794449,7701716,566269,3318536,4361962,
    5991231,8159549,1614364,749336,8159549,3279271,6318408,566269,4458139,5991231,7594916,4361753,5606840,1542015,8090913,
    5606840,1316766,2588701,2588701,1316766,6347114,7594916,4361753,5606840,1302688,7838613,3557729,1912359,2588701,1614364,
    3279271,3318536,123413,5991231,7701716,1614364,749336,7701716,566269,5632143,1316766,1996912,1542015,1302688,3557729,
    2588701,1120821,7594916,4361753,5504183,1912359,2588701,1996912,5504183,2937043,4361962,566269,6318408,8458587,7701716,
    8794449,7701716,566269,4639684,8458587,8159549,8794449,2537456,566269,3606656,8458587,6904463,8794449,4140023,566269,
    4639684,8458587,2434528,8794449,1427788,566269,5991231,1912359,1137275,1542015,7594916,1542015,5606840,5641761,1542015,
    1120821,1542015,1137275,1302688,1912359,3557729,1996912,2588701,5606840,7594916,1996912,5641761,1316766,6347114,5991231,
    5991231,1996912,6969891,7594916,7594916,3557729,3557729,2588701,1316766,1302688,5632143,7594916,4361753,3557729,613247,
    1302688,5606840,1542015,1614364,6347114,5991231,1996912,5606840,1302688,1912359,1996912,1996912,1316766,7594916,1316766,
    1316766,6347114,7594916,4361753,1302688,5606840,1542015,7838613,1316766,6651929,1614364,1614364,1614364,5632143,7594916,
    4361753,6969891,1302688,8090913,4361962,6969891,2937043,2434528,566269,4140023,5991231,4361962,1614364,4140023,566269,
    4458139,5991231,7594916,8142419,1996912,7838613,6651929,1996912,3557729,6651929,1302688,6347114,5991231,6969891,1137275,
    1316766,1316766,2588701,1912359,7594916,1912359,5641761,1302688,5632143,5991231,5632143,1542015,1137275,5606840,5606840,
    1302688,5606840,5641761,3557729,1120821,1996912,1137275,1316766,2588701,2588701,5606840,1542015,5641761,1542015,1614364,
    1614364,1614364,4621789,566269,2537456,5991231,2434528,3279271,4140023,1614364,2537456,566269,3318536,4621789,5991231,
    1614364,749336,8159549,566269,7701716,5991231,123413,5991231,2537456,1614364,1614364,7701716,566269,6651929,5991231,
    1614364,3606656,8458587,7701716,8794449,566269,8159549,2937043,2537456,566269,3606656,8458587,5260148,8794449,8159549,
    3279271,4621789,566269,5991231,1996912,1137275,3557729,1302688,1316766,1912359,1996912,3557729,2588701,7594916,1996912,
    5641761,6969891,6347114,7594916,4361753,2588701,2588701,5606840,613247,5606840,6969891,1996912,1614364,6347114,5991231,
    2588701,1137275,1302688,1912359,1302688,7594916,6969891,1316766,5641761,1302688,5632143,5991231,5991231,6969891,1302688,
    2588701,1996912,3557729,2588701,1120821,5632143,1996912,5606840,7594916,1912359,1302688,6969891,6969891,1614364,5632143,
    2588701,1137275,3557729,7594916,5606840,1542015,5606840,5641761,1542015,1614364,1614364,3279271,2537456,2937043,2537456,
    566269,1996912,1137275,7594916,7594916,1996912,2588701,5606840,5641761,1302688,1120821,5632143,1996912,7594916,7594916,
    1996912,2588701,2588701,6969891,2937043,4140023,566269,2537456,2937043,2537456,566269,1302688,1912359,1316766,1302688,
    7594916,1316766,1542015,6969891,1542015,6347114,2588701,1912359,1302688,6969891,1316766,5606840,1996912,2937043,2434528,
    566269,2537456,743293,4140023,2937043,2537456,566269,8159549,5632143,4140023,2937043,5641761,2525671,6318408,5641761,
    4111266,4639684,2937043,6969891,1316766,1996912,1996912,1912359,1542015,2588701,3557729,6347114,1996912,7594916,1542015,
    1912359,5606840,6969891,1996912,5606840,743293,1427788,2937043,1624432,2556538,5641761,1786149,2937043,1427788,566269,
    7594916,4361753,5606840,2537456,3557729,7594916,3753688,9085190,5632143,5991231,5632143,5606840,1137275,1542015,7594916,
    2588701,1912359,1542015,5641761,1542015,1614364,5641761,2525671,6318408,5641761,2937043,1427788,3279271,7767974,566269,
    5632143,1996912,7594916,2588701,2588701,1542015,2588701,5606840,1120821,5991231,5632143,2588701,2588701,6969891,2588701,
    1996912,3557729,1120821,1996912,3557729,1912359,1316766,5606840,2588701,1542015,7594916,1614364,3279271,1996912,5606840,
    1542015,7594916,7594916,1542015,5606840,2588701,5632143,6969891,6969891,1542015,1542015,2588701,1912359,743293,5991231,
    5606840,1137275,1302688,1316766,1996912,1542015,1912359,3557729,5641761,1302688,5632143,5991231,5632143,6969891,1137275,
    1912359,1996912,1316766,1996912,1996912,5641761,1542015,1614364,1614364,5632143,5991231,7594916,8142419,2588701,1316766,
    7594916,1542015,613247,1120821,5991231,5632143,6969891,1302688,7594916,1912359,1912359,1316766,1120821,5632143,1996912,
    7594916,6969891,6969891,1912359,5606840,1614364,1614364,3606656,8458587,2225277,8794449,566269,7767974,2937043,5641761,
    1786149,613247,2937043,5641761,2525671,6318408,5641761,2937043,4111266,4639684,2937043,1427788,1170709,5632143,1316766,
    1996912,5606840,1302688,1542015,1120821,1912359,1912359,6969891,6969891,1996912,5606840,7594916,2588701,5606840,6347114,
    3557729,3557729,1316766,6969891,1302688,5606840,1302688,2937043,1624432,2556538,5641761,1786149,2937043,4503935,4140023,
    8458587,2588701,1542015,3557729,1302688,2588701,5606840,5632143,5991231,5632143,2588701,6969891,3557729,1996912,7594916,
    1302688,5632143,5991231,5632143,1542015,3557729,1316766,1542015,7594916,1316766,1614364,1614364,8794449,566269,4458139,
    5991231,5632143,3557729,6969891,1316766,1316766,5606840,1912359,5632143,5991231,5632143,1542015,1137275,5606840,1912359,
    5606840,2588701,6969891,5641761,1542015,1614364,1614364,4503935,4140023,8458587,5606840,1996912,6969891,1316766,6969891,
    1542015,5606840,7594916,1996912,1316766,6347114,1996912,1137275,1542015,7594916,1316766,6969891,3557729,5641761,1912359,
    8794449,566269,3606656,8458587,2556538,8458587,1996912,1137275,1302688,6969891,1996912,1912359,6969891,6969891,3557729,
    7594916,6969891,5641761,6969891,6347114,1316766,1996912,1912359,2588701,6969891,3557729,3557729,8794449,8794449,4503935,
    4140023,8458587,1542015,1137275,1912359,1912359,3557729,6969891,1542015,1996912,5606840,1912359,5641761,1316766,6347114,
    5991231,7594916,4361753,1316766,1542015,5606840,6651929,5606840,1302688,5632143,5991231,5632143,1996912,1137275,1912359,
    3557729,1542015,5606840,5641761,3557729,1614364,1614364,8794449,566269,3606656,8458587,2556538,8458587,5991231,5632143,
    6969891,1996912,3557729,2588701,1316766,1316766,1120821,1996912,5606840,6969891,1542015,6969891,2588701,1302688,1614364,
    1120821,5632143,3557729,1137275,1316766,1996912,1302688,5606840,1302688,5641761,1542015,8794449,8794449,4503935,4140023,
    8458587,7594916,4361753,1912359,1302688,5504183,4639684,1302688,1316766,3557729,7594916,6347114,1996912,1996912,5606840,
    6969891,7594916,5606840,7594916,1316766,8794449,3279271,4503935,4140023,8458587,5991231,1912359,1137275,3557729,6969891,
    2588701,1302688,7594916,7594916,1996912,5641761,1316766,5632143,5991231,5632143,1316766,5606840,6969891,3557729,1996912,
    2588701,1614364,1614364,6347114,1912359,1542015,7594916,7594916,6969891,6969891,2588701,8794449,566269,1786149,4111266,
    2525671,3279271,7594916,4361753,1996912,8090913,3753688,2588701,5641761,4361962,5606840,1316766,4639684,1316766,1316766,
    613247,5632143,5991231,5632143,1996912,1302688,2588701,6969891,1316766,2588701,1614364,4503935,4140023,8458587,5632143,
    1912359,1302688,7594916,1316766,3557729,1996912,5632143,5991231,5632143,5606840,1137275,2588701,1302688,2588701,1302688,
    6969891,5641761,1542015,5632143,3557729,1137275,5606840,3557729,1912359,6969891,2588701,5641761,1542015,1614364,8794449,
    566269,4503935,4140023,8458587,5632143,1302688,1542015,1316766,1316766,6969891,5606840,1120821,7594916,4361753,8090913,
    7594916,5641761,8090913,1316766,8794449,5991231,4503935,4140023,8458587,5632143,1542015,7594916,1912359,1996912,5606840,
    3557729,5632143,5991231,5632143,1542015,7594916,1912359,5606840,1542015,1542015,1614364,8794449,3279271,4503935,4140023,
    8458587,3557729,1137275,6969891,1912359,1542015,1912359,1316766,5641761,1542015,5632143,5991231,1996912,1996912,1316766,
    7594916,3557729,1302688,1542015,5632143,1302688,1137275,1316766,5606840,1996912,7594916,6969891,5641761,1542015,1614364,
    8794449,1614364,4503935,4140023,8458587,5632143,1996912,2588701,5606840,1302688,3557729,5606840,5632143,5991231,5632143,
    1996912,1137275,2588701,5606840,1316766,1302688,1912359,5641761,1542015,1614364,8794449,566269,4458139,5991231,5991231,
    5991231,7594916,4361753,3557729,6969891,2588701,613247,1996912,3753688,1912359,6969891,5632143,6969891,1542015,3557729,
    1996912,2588701,1316766,1614364,5632143,5991231,5632143,3557729,7594916,1302688,2588701,1316766,1542015,1120821,6969891,
    1137275,1302688,1996912,1912359,5606840,2588701,6969891,1996912,2588701,5641761,1316766,1614364,6347114,7594916,4361753,
    4361962,1996912,1316766,613247,2588701,1542015,1614364,6347114,7594916,8142419,9085190,5504183,6651929,8652168,7838613,
    9085190,1614364,4503935,4140023,8458587,5632143,1996912,1137275,1542015,1912359,2588701,1912359,2588701,5641761,1542015,
    1120821,1996912,1542015,1912359,3557729,1316766,6969891,8794449,566269,4503935,4140023,8458587,7594916,8142419,2537456,
    1302688,1316766,1302688,2588701,4639684,2588701,5641761,6347114,1996912,1137275,1542015,1996912,7594916,1996912,1302688,
    1316766,3557729,5641761,1912359,8794449,8458587,4503935,4140023,8458587,5632143,3557729,7594916,1542015,3557729,1912359,
    3557729,5632143,5991231,5632143,3557729,1137275,7594916,1542015,1302688,6969891,3557729,5641761,1542015,1614364,8794449,
    8794449,4503935,4140023,8458587,5632143,5606840,1137275,1996912,2588701,3557729,1542015,1912359,5641761,1542015,5632143,
    5991231,5632143,5606840,1996912,2588701,1302688,1912359,1542015,1614364,8794449,3279271,4503935,4140023,8458587,1302688,
    1302688,1316766,7594916,6969891,1316766,1120821,5632143,1302688,1302688,1912359,1316766,1912359,2588701,8794449,3279271,
    4503935,4140023,8458587,7594916,4361753,1996912,1542015,2588701,8090913,7838613,2588701,9085190,3753688,6347114,7594916,
    4361753,4639684,1302688,3557729,613247,6651929,1996912,8794449,566269,2525671,3576238,3279271,4458139,5991231,5632143,
    1996912,1137275,6969891,3557729,2588701,1542015,5606840,5641761,1542015,1120821,2588701,5606840,2588701,1912359,5606840,
    6969891,1614364,3279271,4503935,4140023,8458587,5606840,1912359,1302688,6969891,1302688,6969891,1120821,5632143,5606840,
    1137275,1912359,1302688,1912359,1542015,2588701,5641761,1542015,8794449,3322816,3279271,4503935,4140023,8458587,1542015,
    1137275,6969891,1542015,1912359,6969891,1912359,5641761,1542015,5632143,1542015,6969891,1542015,1542015,1912359,2588701,
    8794449,566269,4503935,4140023,8458587,1912359,6969891,5606840,1996912,1912359,1542015,1302688,1316766,1302688,6347114,
    5991231,1996912,7594916,2588701,6969891,1316766,1912359,6969891,1912359,7594916,7594916,6347114,1996912,1137275,6969891,
    5606840,1302688,1316766,2588701,1912359,6969891,5641761,1912359,1614364,8794449,3279271,6969891,1302688,1542015,2588701,
    6969891,7594916,1996912,3557729,6969891,1996912,1996912,3557729,3557729,7594916,6347114,5991231,5632143,1996912,1542015,
    6969891,7594916,1542015,5606840,1120821,5991231,3557729,1137275,5606840,1316766,1912359,1302688,1316766,5606840,5606840,
    7594916,1302688,6969891,3557729,1302688,5641761,1996912,2588701,5632143,1302688,1996912,1316766,1302688,2588701,1302688,
    1614364,1614364,4503935,4140023,8458587,1302688,1137275,5606840,1302688,1912359,3557729,5606840,5606840,1316766,5641761,
    1316766,6347114,1302688,1137275,2588701,3557729,2588701,1542015,1316766,5641761,1302688,8794449,566269,3606656,8458587,
    2556538,8458587,7594916,8142419,2537456,6969891,6969891,1996912,1912359,1120821,5991231,7594916,8142419,4639684,2588701,
    8090913,1912359,5606840,1120821,5632143,1996912,1302688,1316766,1316766,3557729,1542015,1542015,1614364,8794449,8794449,
    4503935,4140023,8458587,3557729,6969891,7594916,5606840,3557729,3557729,5606840,1316766,1996912,6347114,1996912,1996912,
    1302688,1302688,1912359,1996912,1912359,1996912,1120821,5632143,5606840,2588701,2588701,6969891,1316766,7594916,8794449,
    566269,4503935,4140023,8458587,1996912,1996912,5606840,7594916,3557729,7594916,5632143,5991231,1316766,1542015,1996912,
    3557729,1912359,5632143,5991231,5632143,2588701,1912359,1302688,1912359,5606840,1614364,1614364,8794449,8458587,4503935,
    4140023,8458587,1996912,1137275,1996912,6969891,1542015,1316766,3557729,5606840,7594916,1316766,2588701,5641761,6969891,
    6347114,5991231,5606840,2588701,1302688,1302688,1316766,3557729,1542015,1316766,1302688,5606840,6347114,7594916,4361753,
    8652168,1912359,5606840,1302688,1316766,3557729,5632143,1542015,1137275,1316766,1542015,1316766,1316766,1996912,5641761,
    1542015,1614364,8794449,8794449,123413,4140023,566269,4503935,4140023,8458587,5606840,1137275,3557729,3557729,6969891,
    6969891,1316766,1542015,1302688,1542015,5641761,1316766,6347114,5991231,1912359,1996912,1302688,1542015,6969891,7594916,
    1120821,7594916,8142419,1996912,1912359,5606840,4639684,5504183,9085190,1614364,8794449,4503935,4140023,8458587,7594916,
    4361753,1912359,1996912,4361962,613247,5606840,1120821,5632143,3557729,1302688,1302688,3557729,2588701,2588701,8794449,
    566269,3606656,8458587,2556538,8458587,1912359,1542015,1316766,2588701,2588701,1996912,1996912,2588701,6969891,6347114,
    1996912,5606840,1542015,5606840,6969891,1302688,1302688,5606840,8794449,8794449,4503935,4140023,8458587,7594916,8142419,
    6969891,613247,3557729,6651929,1542015,1120821,5632143,1302688,1137275,3557729,3557729,1996912,1996912,6969891,5641761,
    1542015,8794449,566269,3606656,8458587,2556538,8458587,1316766,1137275,1316766,6969891,3557729,1996912,1996912,5641761,
    1542015,5632143,1316766,1316766,6969891,3557729,7594916,6969891,8794449,8794449,4503935,4140023,8458587,5632143,1996912,
    3557729,2588701,1996912,1542015,1912359,5632143,5991231,5632143,1996912,3557729,2588701,5606840,1316766,3557729,1614364,
    8794449,3279271,1427788,566269,7594916,8142419,2588701,3557729,1996912,6969891,613247,4361962,1302688,1302688,1996912,
    7594916,3557729,5606840,6347114,7594916,4361753,5504183,7594916,1316766,6969891,6651929,1316766,8652168,3557729,2588701,
    5504183,6969891,3279271,7594916,4361753,1302688,613247,3557729,5641761,1542015,1120821,2588701,1316766,3557729,1316766,
    1912359,1316766,1302688,2937043,4503935,4140023,8458587,7594916,4361753,3557729,1542015,1542015,1542015,7594916,3557729,
    4639684,6347114,6969891,7594916,1316766,1912359,3557729,1912359,8794449,566269,4503935,4140023,8458587,5632143,1316766,
    1996912,2588701,6969891,6969891,5632143,5991231,5632143,1316766,1137275,1996912,1542015,2588701,1996912,5641761,3557729,
    1614364,8794449,5991231,4503935,4140023,8458587,5632143,1996912,5606840,6969891,1316766,7594916,1120821,3557729,1996912,
    2588701,1302688,6969891,1316766,3557729,2588701,1316766,6347114,7594916,8142419,5504183,3557729,3753688,1316766,1912359,
    4361962,8794449,3279271,4503935,4140023,8458587,5991231,7594916,4361753,1302688,5606840,1316766,8652168,3557729,1120821,
    5632143,1996912,1137275,2588701,1302688,6969891,1302688,5606840,5606840,5641761,1302688,1614364,1120821,1316766,1137275,
    1302688,2588701,7594916,6969891,3557729,5641761,1542015,8794449,1614364,4503935,4140023,8458587,1996912,6969891,1302688,
    1302688,1912359,2588701,1996912,1316766,5606840,1302688,6347114,1996912,1137275,5606840,1302688,1542015,1912359,1912359,
    1316766,6969891,5641761,1912359,8794449,566269,4503935,4140023,8458587,5991231,1912359,1137275,6969891,2588701,7594916,
    3557729,1912359,2588701,6969891,5606840,5641761,1316766,5632143,6969891,1137275,1996912,6969891,7594916,1302688,1316766,
    5641761,1542015,1614364,6347114,1996912,5606840,1302688,3557729,7594916,1996912,5606840,1316766,8794449,8458587,4503935,
    4140023,8458587,5632143,1912359,3557729,6969891,2588701,7594916,1912359,1120821,1912359,3557729,6969891,3557729,5606840,
    7594916,8794449,8794449,4503935,4140023,8458587,5991231,5632143,3557729,1137275,5606840,5606840,5606840,5606840,1302688,
    5641761,1542015,5632143,5991231,5632143,2588701,1542015,1912359,1912359,1302688,1614364,1614364,5632143,5991231,5991231,
    5632143,1996912,3557729,2588701,1912359,5606840,1302688,5632143,2588701,1302688,1302688,1912359,5606840,2588701,1614364,
    1120821,1996912,1137275,6969891,7594916,2588701,5641761,5606840,1614364,8794449,566269,4503935,4140023,8458587,1912359,
    1137275,1542015,7594916,1302688,1316766,1912359,5641761,1542015,1120821,5632143,1912359,1542015,7594916,3557729,1302688,
    1912359,8794449,4503935,4140023,8458587,5632143,5606840,1137275,1316766,1302688,7594916,3557729,3557729,5641761,1542015,
    1120821,7594916,8142419,1542015,5641761,3557729,613247,6969891,8794449,566269,123413,4140023,8458587,4503935,4140023,
    8458587,7594916,8142419,3557729,7594916,8652168,1912359,1996912,1120821,5632143,2588701,1302688,1542015,1542015,1912359,
    6969891,8794449,8794449,1786149,566269,4503935,4140023,8458587,5991231,7594916,8142419,3753688,4639684,5641761,1302688,
    4639684,1120821,5632143,1996912,1137275,1302688,1996912,3557729,1542015,5606840,6969891,5641761,1302688,1614364,5632143,
    5991231,5632143,1912359,1137275,1302688,5606840,1996912,6969891,5606840,5641761,1542015,1614364,8794449,4503935,4140023,
    8458587,5632143,1542015,5606840,1996912,1996912,6969891,5632143,5991231,3557729,1912359,1912359,6969891,5606840,1996912,
    1120821,5632143,1542015,1137275,5606840,1996912,2588701,1912359,5606840,5641761,1542015,1614364,8794449,566269,3606656,
    8458587,2556538,8458587,5632143,6969891,7594916,6969891,1996912,1302688,1542015,1120821,6969891,7594916,6969891,1996912,
    1302688,1302688,8794449,8794449,4503935,4140023,8458587,5632143,5606840,1137275,6969891,5606840,1542015,6969891,5606840,
    5641761,1542015,1120821,5606840,1137275,6969891,5606840,1316766,1996912,1912359,5641761,1542015,8794449,566269,3606656,
    8458587,2556538,8458587,7594916,8142419,3557729,5641761,1912359,7838613,7594916,1542015,1542015,7838613,6347114,7594916,
    8142419,6969891,7594916,1316766,2537456,2588701,7838613,8794449,8794449,4503935,4140023,8458587,7594916,8142419,5606840,
    3753688,2537456,1996912,6969891,1120821,5632143,2588701,1137275,3557729,1316766,1996912,2588701,5641761,1542015,8794449,
    566269,4503935,4140023,8458587,1996912,1542015,1912359,7594916,3557729,5606840,1120821,5632143,1996912,1137275,1542015,
    1302688,1316766,1996912,6969891,5641761,1542015,8794449,5991231,4503935,4140023,8458587,5632143,3557729,1316766,2588701,
    3557729,1542015,1996912,1120821,5991231,5632143,1542015,5606840,5606840,2588701,7594916,1316766,5632143,5991231,7594916,
    8142419,5504183,613247,1912359,4361962,1316766,1120821,5632143,1996912,1137275,1316766,1542015,1912359,1542015,1316766,
    6969891,5641761,1302688,1614364,1614364,8794449,3279271,4503935,4140023,8458587,5632143,1316766,1912359,1542015,6969891,
    7594916,6969891,5632143,5991231,5632143,1316766,1302688,1912359,1302688,1996912,7594916,5632143,7594916,4361753,2588701,
    1996912,3557729,5641761,1614364,8794449,1614364,4503935,4140023,8458587,2588701,1137275,1542015,1912359,1996912,7594916,
    1912359,5641761,1302688,6347114,6969891,1137275,1996912,1316766,1996912,1302688,5641761,3557729,8794449,566269,4503935,
    4140023,8458587,5991231,1996912,1137275,1542015,1302688,7594916,1542015,1302688,1302688,1996912,3557729,1302688,5641761,
    6969891,5632143,5991231,5632143,1316766,2588701,1302688,6969891,1316766,5606840,1614364,1614364,6347114,1996912,5606840,
    1302688,6969891,1302688,3557729,2588701,6969891,8794449,8458587,4503935,4140023,8458587,5632143,1316766,1137275,6969891,
    1316766,5606840,2588701,1302688,5641761,1542015,5632143,5991231,5632143,1316766,6969891,1316766,1542015,1542015,1996912,
    1614364,8794449,8794449,4503935,4140023,8458587,3557729,1996912,6969891,6969891,1302688,2588701,2588701,6969891,1316766,
    6347114,7594916,8142419,1996912,3753688,9085190,3753688,1302688,1302688,8794449,566269,3606656,8458587,2556538,8458587,
    5991231,7594916,8142419,1302688,1316766,3557729,7594916,3753688,1120821,5632143,1996912,3557729,3557729,1912359,1996912,
    5606840,6969891,1614364,1120821,5991231,5632143,1996912,1302688,1316766,5606840,1996912,5632143,5991231,5632143,1996912,
    7594916,5606840,1302688,6969891,1542015,3557729,1614364,1614364,8794449,8794449,4904021,3279271,4503935,4140023,8458587,
    7594916,4361753,5504183,7838613,1542015,2588701,3557729,1120821,5632143,1316766,5606840,2588701,1542015,1912359,3557729,
    8794449,3279271,4503935,4140023,8458587,5991231,5991231,5632143,1996912,1137275,1316766,2588701,7594916,1912359,1912359,
    5641761,1302688,5632143,5991231,5632143,6969891,1316766,1996912,7594916,7594916,1542015,1120821,1912359,1316766,1302688,
    7594916,2588701,3557729,1614364,1614364,5632143,5991231,5632143,6969891,5606840,1912359,1542015,1316766,7594916,1614364,
    1614364,1120821,1302688,1137275,1316766,1316766,3557729,5606840,1542015,5641761,1542015,8794449,566269,4503935,4140023,
    8458587,1996912,1996912,6969891,2588701,1542015,6969891,1302688,1316766,5606840,3557729,6347114,5991231,1542015,2588701,
    5606840,3557729,1316766,1316766,1120821,1542015,1137275,1316766,2588701,7594916,1996912,1996912,1996912,5641761,1302688,
    1614364,8794449,3279271,1996912,1316766,6969891,1316766,3557729,1316766,7594916,2588701,2588701,1996912,6347114,1316766,
    3557729,5606840,1912359,2588701,2588701,7594916,1120821,1316766,1996912,3557729,1542015,1912359,1912359,3557729,3279271,
    7594916,8142419,5606840,1316766,7594916,6969891,6969891,1120821,5991231,5632143,1996912,1137275,7594916,2588701,6969891,
    1912359,1542015,1912359,5641761,1302688,1120821,1316766,1137275,7594916,7594916,2588701,5606840,5641761,1542015,1614364,
    4503935,4140023,8458587,1996912,1137275,1302688,2588701,2588701,2588701,5606840,2588701,1542015,5641761,1316766,6347114,
    1302688,3557729,1316766,1316766,6969891,2588701,1996912,8794449,566269,2525671,8458587,4503935,4140023,8458587,7594916,
    8142419,8652168,3557729,4639684,3557729,3557729,1316766,5504183,3557729,6347114,7594916,4361753,4639684,1542015,6969891,
    1996912,6969891,4639684,8794449,8794449,4503935,4140023,8458587,1996912,1302688,2588701,1542015,1316766,7594916,1912359,
    3557729,1912359,6347114,1316766,1137275,1996912,7594916,6969891,1316766,5606840,5641761,1302688,1120821,5632143,5606840,
    1316766,5606840,6969891,2588701,3557729,8794449,566269,4503935,4140023,8458587,5991231,5632143,2588701,5606840,7594916,
    1302688,1912359,1912359,1120821,7594916,8142419,1996912,6969891,1996912,5641761,5641761,6969891,7594916,1614364,6347114,
    7594916,8142419,5641761,5504183,1996912,1316766,1996912,8794449,8458587,4503935,4140023,8458587,5632143,2588701,1137275,
    1996912,1542015,1996912,1302688,2588701,5641761,1542015,1120821,5991231,7594916,8142419,5504183,6969891,1912359,1316766,
    6969891,1120821,5991231,5632143,1302688,1137275,1316766,1316766,5606840,1316766,3557729,5641761,1542015,5632143,5991231,
    5632143,1912359,1316766,1542015,3557729,1302688,1614364,1614364,1614364,8794449,8794449,4503935,4140023,8458587,5991231,
    5632143,1996912,5606840,1316766,1542015,2588701,1912359,5632143,5991231,5632143,2588701,1137275,1316766,5606840,1996912,
    1996912,1912359,5641761,1542015,1614364,1614364,1120821,5632143,1996912,3557729,3557729,5606840,1302688,1302688,8794449,
    3279271,2537456,3576238,566269,1786149,4111266,2525671,3279271,4503935,4140023,8458587,2588701,2588701,2588701,2588701,
    1302688,3557729,1542015,2588701,6969891,6969891,6347114,5991231,2588701,1316766,7594916,1302688,1542015,5606840,1120821,
    6969891,1137275,1542015,1996912,7594916,1912359,5606840,1542015,5641761,1302688,1614364,8794449,3322816,566269,4503935,
    4140023,8458587,1542015,7594916,1316766,6969891,1316766,5606840,5632143,1542015,7594916,1316766,1912359,1542015,6969891,
    8794449,4503935,4140023,8458587,5632143,1542015,1137275,1996912,5606840,2588701,3557729,1302688,5641761,1542015,1120821,
    1542015,1137275,1996912,5606840,3557729,1912359,2588701,5641761,1542015,8794449,566269,3606656,8458587,2556538,8458587,
    5991231,1996912,5606840,7594916,1996912,1996912,3557729,7594916,1912359,5606840,1316766,5632143,7594916,8142419,5606840,
    4639684,3557729,9085190,613247,1614364,6347114,1996912,1137275,2588701,1302688,2588701,1912359,1302688,1912359,1996912,
    5641761,1912359,5632143,2588701,5606840,1996912,5606840,1302688,1996912,8794449,8794449,4503935,4140023,8458587,5632143,
    1316766,1137275,3557729,5641761,1542015,5632143,5991231,5632143,1316766,1137275,3557729,7594916,2588701,2588701,1542015,
    5641761,1542015,1614364,8794449,566269,4503935,4140023,8458587,1302688,1137275,1912359,1316766,7594916,1316766,5606840,
    5641761,1542015,1120821,5991231,6969891,5606840,3557729,7594916,1996912,5606840,1120821,5632143,1996912,1302688,1996912,
    1996912,1316766,1912359,7594916,1614364,8794449,8458587,4904021,8794449,3606656,4140023,566269,4503935,4140023,8458587,
    5991231,2588701,1137275,1996912,1542015,6969891,3557729,2588701,5606840,6969891,3557729,2588701,1302688,5641761,1996912,
    7594916,6347114,7594916,8142419,1996912,1302688,6969891,1542015,1996912,7838613,6651929,3557729,1614364,6347114,6969891,
    1302688,1912359,1316766,1316766,1912359,1996912,8794449,4503935,4140023,8458587,6969891,1137275,5606840,2588701,6969891,
    1996912,1316766,5641761,1542015,5632143,7594916,8142419,5641761,5606840,7838613,1542015,3557729,8794449,566269,3606656,
    4140023,5991231,8652168,4140023,1614364,8652168,4140023,3279271,4904021,566269,4503935,4140023,8458587,7594916,8142419,
    5606840,1316766,4361962,2588701,6651929,5632143,2588701,5606840,2588701,1912359,1912359,6969891,8794449,3279271,4503935,
    4140023,8458587,5632143,1996912,1302688,2588701,1996912,7594916,6969891,5632143,5991231,5632143,1996912,1302688,2588701,
    5606840,5606840,1542015,1614364,8794449,4503935,4140023,8458587,5632143,1996912,1137275,7594916,5606840,1996912,1316766,
    1912359,1316766,5641761,1302688,5632143,5991231,5632143,1996912,7594916,5606840,2588701,1996912,7594916,1542015,1614364,
    8794449,566269,2537456,3576238,8458587,4904021,8794449,4503935,4140023,8458587,5991231,5632143,2588701,1137275,3557729,
    1316766,1542015,1996912,5641761,1542015,5632143,5991231,5632143,1316766,1542015,3557729,6969891,3557729,7594916,5632143,
    5991231,5632143,1912359,1996912,7594916,3557729,7594916,7594916,1614364,1614364,1614364,1120821,7594916,8142419,1996912,
    6969891,1302688,2588701,1316766,8794449,566269,4503935,4140023,8458587,5991231,5991231,5632143,1996912,1302688,1912359,
    1912359,1912359,6969891,1120821,1912359,1912359,1996912,6969891,1542015,1614364,1120821,5632143,1996912,1137275,1996912,
    5606840,2588701,7594916,1542015,5641761,1542015,1614364,1120821,7594916,4361753,5606840,1996912,3753688,4639684,7594916,
    8794449,4503935,4140023,8458587,5991231,7594916,8142419,3557729,8652168,3557729,2588701,1302688,2537456,5606840,8652168,
    5632143,5991231,5632143,1912359,1996912,7594916,3557729,1316766,1996912,1120821,5991231,7594916,4361753,8090913,7838613,
    1316766,1542015,7594916,4639684,8090913,1316766,5632143,5991231,5632143,3557729,1996912,1302688,1316766,1302688,5606840,
    5632143,2588701,1137275,1542015,1996912,7594916,1316766,5641761,3557729,1614364,1614364,1614364,6347114,7594916,4361753,
    9085190,6969891,6651929,6969891,3557729,1302688,1614364,6347114,1996912,1542015,7594916,1302688,7594916,1542015,1996912,
    5606840,8794449,566269,1786149,5991231,3454205,3279271,4503935,4140023,8458587,5632143,1316766,2588701,6969891,1912359,
    3557729,1316766,5632143,5991231,5632143,1316766,1137275,2588701,6969891,1912359,1542015,3557729,5641761,1542015,1614364,
    8794449,1614364,123413,4140023,3279271,1786149,566269,4503935,4140023,8458587,7594916,4361753,1542015,6969891,4361962,
    4361962,7838613,8090913,5606840,613247,6347114,1996912,1996912,1996912,1912359,1302688,3557729,2588701,3557729,8794449,
    3279271,4503935,4140023,8458587,5991231,3557729,2588701,2588701,5606840,6969891,1912359,1120821,7594916,4361753,2537456,
    5606840,1912359,8652168,5641761,1302688,1542015,1614364,6347114,7594916,4361753,7838613,7838613,3557729,5641761,8652168,
    2588701,8794449,5641761,2525671,6318408,5641761,4111266,4639684,2937043,1427788,1170709,5606840,2588701,1912359,6969891,
    1302688,1996912,2588701,1996912,1996912,6347114,1996912,1996912,1996912,6969891,1316766,3557729,1912359,1542015,2937043,
    1624432,2556538,5641761,1786149,2937043,4503935,4140023,8458587,7594916,8142419,8652168,2588701,1302688,6969891,7594916,
    5632143,1316766,1137275,1302688,1996912,1542015,6969891,5606840,5641761,1542015,8794449,566269,1125781,6904463,2937043,
    1427788,566269,4639684,8458587,4458139,5991231,5991231,5632143,3557729,1137275,1912359,1316766,7594916,1302688,5641761,
    1542015,1120821,5991231,5991231,7594916,8142419,7838613,2588701,1316766,5641761,1316766,1120821,7594916,8142419,8090913,
    613247,2588701,5606840,1614364,1120821,7594916,8142419,1542015,5504183,8090913,3753688,3557729,3557729,6969891,3753688,
    1614364,1614364,6347114,1316766,1996912,3557729,1996912,1302688,5606840,1912359,1614364,8794449,4503935,4140023,8458587,
    1542015,7594916,5606840,1542015,1542015,5606840,1912359,3557729,6347114,1316766,5606840,6969891,2588701,1542015,2588701,
    1996912,8794449,566269,3606656,8458587,2556538,8458587,5606840,1137275,3557729,1302688,2588701,1302688,1316766,5641761,
    1542015,1120821,5991231,5632143,5606840,2588701,1912359,1912359,1302688,3557729,1120821,5632143,1996912,1316766,3557729,
    6969891,1912359,1614364,8794449,8794449,1786149,566269,4503935,4140023,8458587,5991231,1316766,1137275,6969891,1912359,
    1302688,5641761,1542015,1120821,5632143,1996912,1316766,1912359,1912359,5606840,1912359,1302688,1614364,5632143,5991231,
    5632143,6969891,1137275,1316766,7594916,7594916,2588701,5606840,5641761,1542015,1614364,8794449,4503935,4140023,8458587,
    1912359,7594916,6969891,1542015,1302688,1542015,5632143,7594916,4361753,8090913,8652168,2588701,5504183,3557729,8794449,
    566269,3318536,4503935,4140023,8458587,5632143,2588701,6969891,3557729,1316766,1316766,1912359,1120821,7594916,4361753,
    3557729,1316766,7594916,8652168,4639684,8794449,5991231,2537456,1614364,749336,8652168,566269,3318536,123413,5991231,
    4503935,4140023,8458587,5632143,1542015,1137275,1316766,5606840,1542015,5606840,6969891,5641761,1542015,5632143,5991231,
    5632143,1542015,1316766,5606840,1912359,1316766,1316766,1614364,8794449,1614364,749336,5641761,2525671,6318408,5641761,
    2937043,8652168,566269,3606656,8458587,2556538,8458587,5632143,1302688,1996912,3557729,6969891,1302688,1302688,5632143,
    5991231,5632143,1302688,1137275,1996912,3557729,6969891,1302688,1912359,5641761,1542015,1614364,8794449,8794449,4503935,
    4140023,8458587,2588701,1137275,2588701,3557729,7594916,3557729,7594916,1316766,6969891,1316766,1542015,5641761,6969891,
    6347114,7594916,4361753,8090913,7594916,1912359,4639684,1542015,7594916,8794449,566269,4458139,5991231,1542015,1137275,
    1316766,3557729,7594916,1316766,3557729,5641761,1542015,1120821,5632143,1542015,1137275,3557729,1542015,1542015,1302688,
    1316766,5641761,1542015,1614364,4503935,4140023,8458587,5632143,3557729,1137275,1542015,1302688,3557729,1316766,1912359,
    5641761,1542015,1120821,5991231,5632143,1542015,5606840,5606840,1912359,3557729,1996912,5632143,5991231,5632143,1912359,
    1137275,1302688,7594916,1542015,5641761,1542015,1120821,5632143,2588701,2588701,6969891,1912359,5606840,1542015,1614364,
    1614364,8794449,566269,3606656,8458587,2556538,8458587,1542015,1996912,6969891,1316766,1912359,3557729,7594916,2588701,
    1316766,6347114,5606840,1137275,1542015,1302688,7594916,1912359,1316766,1996912,5641761,1302688,8794449,8794449,4503935,
    4140023,8458587,5632143,1542015,1316766,1302688,6969891,1996912,1302688,1120821,1542015,1137275,1316766,1302688,6969891,
    2588701,1302688,5641761,1542015,8794449,566269,5632143,1912359,6969891,6969891,3557729,5606840,6969891,1120821,7594916,
    8142419,2537456,5606840,2537456,9085190,7594916,6969891,5606840,1996912,6651929,9085190,1996912,2937043,4503935,4140023,
    8458587,2588701,1996912,2588701,1912359,1302688,1542015,1542015,3557729,1316766,6347114,7594916,4361753,2588701,1302688,
    5606840,1996912,8652168,3557729,8794449,566269,4503935,4140023,8458587,1316766,1137275,6969891,1302688,5606840,1542015,
    1996912,1912359,1542015,1996912,5641761,1316766,6347114,5991231,1996912,3557729,1542015,1996912,1996912,3557729,1912359,
    6969891,5632143,1542015,7594916,1542015,6969891,1316766,5606840,1614364,8794449,5991231,4503935,4140023,8458587,5632143,
    3557729,1996912,6969891,1912359,7594916,1996912,1120821,3557729,1137275,1996912,6969891,1912359,1996912,5641761,1542015,
    8794449,3279271,4503935,4140023,8458587,5991231,7594916,4361753,1996912,1542015,1996912,613247,1542015,2588701,7594916,
    5606840,6651929,6347114,5606840,1137275,6969891,1302688,1316766,1912359,1996912,5606840,6969891,5641761,1912359,1614364,
    6347114,2588701,7594916,1542015,1316766,5606840,1996912,8794449,1614364,1427788,566269,8652168,8458587,4503935,4140023,
    8458587,1996912,1137275,1912359,7594916,1912359,3557729,7594916,1316766,1316766,6969891,5641761,6969891,6347114,5991231,
    1316766,7594916,7594916,1302688,3557729,1302688,1316766,5632143,6969891,1137275,1316766,7594916,7594916,6969891,3557729,
    5641761,1542015,1614364,8794449,8794449,4503935,4140023,8458587,1996912,1302688,1302688,6969891,1302688,3557729,1316766,
    1912359,6969891,5606840,6347114,1996912,1137275,3557729,5606840,6969891,5606840,1542015,2588701,3557729,5641761,1912359,
    8794449,566269,3606656,8458587,2556538,8458587,1316766,3557729,1912359,1302688,1996912,5632143,1316766,1137275,3557729,
    1912359,1542015,1316766,5641761,3557729,8794449,8794449,8652168,566269,3318536,749336,1786149,566269,8652168,2937043,
    4503935,4140023,8458587,1996912,2588701,1912359,5606840,7594916,5606840,1120821,5632143,1996912,1137275,2588701,1912359,
    2588701,6969891,1302688,5641761,1542015,8794449,3279271,4503935,4140023,8458587,1316766,1137275,6969891,7594916,6969891,
    5606840,5606840,1302688,6969891,3557729,5641761,1316766,6347114,6969891,1912359,6969891,7594916,3557729,1316766,7594916,
    8794449,3279271,2537456,566269,1786149,3279271,1316766,1137275,1542015,1302688,1302688,2588701,1302688,5641761,1542015,
    5632143,1316766,1137275,1542015,1302688,1302688,2588701,1542015,5641761,1542015,3279271,1427788,2937043,3454205,3279271,
    4503935,4140023,8458587,5632143,1316766,1137275,1912359,2588701,3557729,1302688,5641761,3557729,1120821,1316766,1912359,
    2588701,1302688,1996912,8794449,566269,4503935,4140023,8458587,5632143,1996912,5606840,7594916,1912359,5606840,1316766,
    5632143,5991231,5632143,1996912,5606840,7594916,1912359,3557729,1542015,1614364,8794449,3279271,7594916,4361753,3557729,
    8652168,1542015,8090913,5504183,1120821,5632143,5606840,1996912,1302688,1316766,3557729,1996912,2937043,4503935,4140023,
    8458587,1912359,1137275,2588701,3557729,1996912,7594916,5606840,5641761,1542015,5632143,5991231,7594916,8142419,3557729,
    5641761,1996912,1316766,8652168,5632143,5991231,5991231,1996912,1912359,1302688,1996912,3557729,6969891,1120821,5632143,
    1302688,1912359,2588701,1912359,1542015,1912359,1614364,5632143,5991231,5632143,6969891,1137275,2588701,5606840,6969891,
    1316766,5641761,3557729,1614364,1614364,1614364,8794449,566269,4503935,4140023,8458587,3557729,5606840,3557729,3557729,
    1316766,1316766,1120821,5991231,7594916,4361753,613247,3557729,613247,6969891,4361962,1120821,5632143,1996912,5606840,
    7594916,1302688,5606840,1996912,1912359,1614364,8794449,8458587,2537456,8794449,1786149,566269,4503935,4140023,8458587,
    7594916,4361753,6651929,6969891,2588701,1302688,8090913,1120821,5632143,1996912,1137275,7594916,2588701,7594916,1542015,
    1996912,3557729,5641761,1302688,8794449,4503935,4140023,8458587,7594916,4361753,1996912,1302688,1542015,3557729,4639684,
    1302688,9085190,2588701,6347114,7594916,8142419,1316766,5641761,5641761,3753688,6969891,1996912,8794449,566269,3606656,
    8458587,2556538,8458587,7594916,4361753,1316766,1316766,8090913,8652168,8652168,3753688,1302688,6347114,1996912,1137275,
    5606840,1542015,2588701,7594916,1302688,1996912,5641761,1302688,8794449,8794449,4503935,4140023,8458587,6969891,2588701,
    1912359,1542015,5606840,1120821,5632143,6969891,2588701,1912359,3557729,1996912,8794449,3279271,1427788,566269,3557729,
    6969891,1542015,1316766,5606840,1120821,5632143,3557729,6969891,1542015,1316766,2588701,3279271,1996912,1302688,7594916,
    6969891,1316766,1542015,5606840,1542015,5632143,5991231,5632143,1996912,7594916,1542015,7594916,1316766,1996912,1614364,
    4503935,4140023,8458587,5632143,1996912,1302688,3557729,1302688,7594916,1316766,1120821,1996912,1137275,1302688,3557729,
    1302688,1996912,6969891,5641761,1542015,8794449,566269,2525671,8458587,4503935,4140023,8458587,5991231,7594916,8142419,
    1912359,1912359,2537456,5641761,1316766,1996912,1996912,5632143,6969891,7594916,3557729,7594916,1316766,1302688,1614364,
    6347114,1316766,5606840,7594916,1302688,7594916,1316766,1996912,8794449,8794449,4503935,4140023,8458587,5632143,2588701,
    1137275,5606840,6969891,6969891,1912359,1542015,5641761,1542015,1120821,2588701,1137275,5606840,6969891,6969891,1316766,
    3557729,5641761,1542015,8794449,566269,4503935,4140023,8458587,1996912,1137275,7594916,1996912,1912359,7594916,6969891,
    5606840,1302688,7594916,1912359,5641761,6969891,6347114,7594916,4361753,1912359,8090913,5606840,5606840,8090913,5606840,
    8794449,8458587,4503935,4140023,8458587,5991231,7594916,8142419,613247,6651929,6969891,5504183,613247,2537456,2588701,
    1912359,3753688,6347114,7594916,4361753,1996912,1996912,4361962,3557729,6969891,613247,1996912,6651929,1614364,6347114,
    3557729,1137275,2588701,1996912,1302688,6969891,1542015,5641761,1302688,8794449,8794449,4503935,4140023,8458587,5632143,
    1912359,3557729,2588701,1302688,1912359,1120821,7594916,8142419,1996912,2588701,2588701,1996912,5641761,8794449,566269,
    4503935,4140023,8458587,5632143,2588701,1137275,7594916,3557729,6969891,1912359,1302688,5641761,1542015,1120821,7594916,
    8142419,5606840,2588701,7594916,7838613,6969891,8794449,4503935,4140023,8458587,5991231,2588701,1137275,5606840,5606840,
    1996912,7594916,1996912,3557729,3557729,3557729,5606840,6969891,5641761,1996912,7594916,6347114,6969891,1137275,3557729,
    7594916,7594916,1316766,6969891,1302688,3557729,5641761,1912359,1614364,6347114,5991231,5606840,1137275,1996912,1542015,
    7594916,1316766,1302688,2588701,1542015,5641761,1316766,6347114,1996912,2588701,3557729,7594916,6969891,1542015,1912359,
    1614364,8794449,566269,3318536,1786149,5991231,4503935,4140023,8458587,5632143,1912359,5606840,2588701,7594916,6969891,
    5632143,5991231,5632143,1912359,5606840,2588701,1996912,2588701,1614364,8794449,1614364,749336,4503935,4140023,8458587,
    1996912,1912359,6969891,7594916,1302688,5606840,3557729,1542015,7594916,6347114,7594916,4361753,1996912,8090913,1316766,
    1302688,6651929,7594916,8794449,566269,3318536,123413,5991231,4503935,4140023,8458587,2588701,1996912,1542015,5606840,
    1912359,3557729,1996912,2588701,1996912,6347114,5991231,5991231,5632143,1996912,1137275,1302688,3557729,7594916,2588701,
    6969891,5641761,1542015,1120821,1996912,1137275,5606840,1996912,6969891,1912359,1912359,5641761,1542015,1614364,1120821,
    5991231,1316766,1137275,2588701,7594916,1302688,1302688,5641761,1542015,1120821,1996912,1137275,6969891,6969891,1996912,
    1302688,1542015,5606840,7594916,1912359,1316766,5641761,6969891,6347114,1996912,1137275,5606840,1912359,1302688,1542015,
    1996912,1912359,6969891,5641761,1912359,1614364,1614364,8794449,1614364,749336,3322816,3279271,4503935,4140023,8458587,
    1542015,7594916,3557729,1302688,5606840,1120821,5632143,1542015,7594916,3557729,1542015,1996912,8794449,566269,4503935,
    4140023,8458587,5991231,5991231,5991231,5991231,1302688,1137275,1912359,1542015,7594916,5606840,5641761,1542015,5632143,
    5606840,1137275,1996912,5606840,2588701,5606840,1996912,5641761,1542015,1614364,5632143,5991231,5632143,6969891,5606840,
    6969891,5606840,6969891,1614364,1614364,1120821,7594916,4361753,3557729,5641761,5606840,8090913,6651929,1912359,5606840,
    1614364,5632143,3557729,6969891,5606840,3557729,3557729,5606840,1614364,6347114,1302688,1137275,1316766,5606840,2588701,
    1912359,2588701,1316766,5641761,1302688,8794449,3279271,5632143,1316766,5606840,1996912,6969891,7594916,1542015,5632143,
    5991231,5632143,1316766,5606840,1996912,6969891,7594916,1912359,1614364,4503935,4140023,8458587,5632143,1996912,7594916,
    3557729,1316766,2588701,1316766,3557729,1120821,7594916,8142419,6651929,4639684,4361962,4361962,1912359,8794449,566269,
    3322816,8458587,4503935,4140023,8458587,3557729,1137275,7594916,6969891,1542015,1542015,2588701,5641761,1542015,1120821,
    5632143,3557729,7594916,6969891,1542015,3557729,7594916,8794449,8794449,4503935,4140023,8458587,5632143,5606840,1137275,
    7594916,1912359,1302688,1542015,5641761,3557729,1120821,5606840,1137275,7594916,1912359,1912359,1912359,5641761,3557729,
    8794449,566269,1316766,1912359,6969891,1996912,1316766,2588701,2588701,5632143,1542015,1137275,3557729,7594916,5606840,
    2588701,1912359,5641761,1542015,2937043,4503935,4140023,8458587,1316766,1137275,1912359,1316766,1996912,3557729,2588701,
    5641761,1542015,5632143,5991231,1996912,1996912,1912359,1912359,5606840,3557729,7594916,5632143,2588701,6969891,6969891,
    2588701,1996912,1996912,1614364,8794449,566269,3322816,8458587,4503935,4140023,8458587,7594916,8142419,6651929,1912359,
    4361962,1302688,5504183,5632143,7594916,8142419,4639684,1912359,5641761,1542015,4361962,8794449,8794449,1786149,566269,
    4503935,4140023,8458587,5632143,3557729,1302688,5606840,1542015,5606840,6969891,1120821,3557729,1302688,5606840,1542015,
    1542015,1996912,8794449,4503935,4140023,8458587,7594916,4361753,2588701,7838613,5606840,1542015,1302688,5641761,1996912,
    1542015,6347114,1996912,1137275,5606840,1302688,1912359,1912359,1912359,1912359,1996912,5641761,1912359,8794449,566269,
    3322816,8458587,4503935,4140023,8458587,5632143,1996912,1996912,1316766,1542015,7594916,5606840,5632143,5991231,5632143,
    1996912,1137275,1996912,1316766,1542015,1996912,1316766,5641761,1542015,1614364,8794449,8794449,2537456,3279271,6003611,
    4140023,566269,4503935,4140023,8458587,2588701,1137275,7594916,7594916,1302688,6969891,6969891,5606840,3557729,3557729,
    5641761,1316766,6347114,5991231,1996912,7594916,1912359,1302688,6969891,1996912,1542015,1542015,5632143,5991231,5632143,
    1996912,1137275,7594916,5606840,1302688,1302688,1316766,1316766,5641761,1302688,1614364,1614364,8794449,3279271,4503935,
    4140023,8458587,5632143,1542015,1137275,1316766,6969891,1316766,1302688,1316766,5641761,1542015,5632143,5991231,6969891,
    1912359,6969891,1996912,1912359,1302688,1120821,5632143,1996912,1542015,1302688,6969891,7594916,1542015,1542015,1614364,
    8794449,4503935,4140023,8458587,7594916,8142419,1996912,5606840,1996912,1996912,4361962,5632143,7594916,4361753,1996912,
    5606840,1996912,7594916,6651929,8794449,3279271,2525671,3576238,566269,2537456,3279271,4503935,4140023,8458587,5991231,
    7594916,8142419,6651929,6651929,4639684,1302688,7594916,5632143,7594916,8142419,4639684,2588701,8090913,3557729,7838613,
    1614364,1120821,5632143,1542015,3557729,1542015,5606840,1542015,8794449,4503935,4140023,8458587,7594916,8142419,2588701,
    1302688,4361962,1316766,2537456,5606840,1316766,5606840,6347114,6969891,1137275,1542015,6969891,6969891,1912359,1996912,
    2588701,5641761,1302688,8794449,566269,4503935,4140023,8458587,1996912,1996912,1996912,1912359,1302688,2588701,2588701,
    1302688,2588701,2588701,6347114,1912359,1137275,7594916,2588701,6969891,7594916,1912359,5606840,5641761,1302688,8794449,
    5641761,1786149,613247,2937043,5641761,1786149,613247,2937043,5641761,2525671,6318408,5641761,2937043,4111266,4639684,
    2937043,2588701,1542015,5606840,1996912,7594916,5606840,1912359,5632143,5991231,5632143,1316766,1542015,1996912,2588701,
    1302688,7594916,1614364,743293,1427788,2937043,1624432,2556538,5641761,1786149,2937043,4111266,4639684,2937043,1427788,
    1170709,5991231,1316766,2588701,1542015,1316766,7594916,1996912,1120821,5632143,3557729,1912359,7594916,1316766,3557729,
    3557729,1614364,1120821,2588701,1137275,1316766,1316766,5606840,1302688,5606840,1542015,5641761,1302688,2937043,1624432,
    2556538,5641761,1786149,2937043,1427788,566269,5632143,6969891,1137275,1316766,1912359,1316766,5606840,1996912,5641761,
    1542015,1120821,7594916,4361753,3557729,5641761,2537456,9085190,5504183,1542015,2937043,5641761,2525671,6318408,5641761,
    4111266,4639684,2937043,1427788,1170709,5606840,1137275,2588701,1302688,1542015,1996912,1542015,1316766,5641761,1302688,
    5632143,5991231,5632143,1996912,2588701,7594916,6969891,1996912,1614364,1624432,2556538,5641761,1786149,2937043,6318408,
    566269,5632143,1912359,1996912,1302688,1302688,1912359,3557729,5632143,5991231,5632143,1912359,1996912,1302688,1302688,
    1912359,1542015,1614364,4361962,566269,1125781,6102236,2937043,9085190,566269,2237146,5991231,6318408,3279271,4361962,
    1614364,6318408,566269,3753688,5991231,6102236,3279271,9085190,1614364,4361962,566269,3606656,8458587,3322816,8794449,
    4904021,566269,5991231,1996912,1137275,1996912,1542015,2588701,3557729,1996912,5641761,1542015,1120821,1996912,1137275,
    3557729,1542015,3557729,6969891,1996912,5641761,1542015,1614364,1120821,5632143,2588701,1302688,7594916,1912359,5606840,
    1996912,2937043,2434528,566269,6318408,5632143,4904021,2937043,7701716,566269,2525671,5991231,2434528,1614364,9085190,
    566269,1786149,4111266,2525671,2937043,4361962,8458587,6318408,8794449,566269,7701716,2937043,7701716,566269,1125781,
    6102236,2937043,2434528,566269,5632143,1316766,1316766,1302688,6969891,1996912,6969891,1120821,5991231,5632143,1316766,
    1302688,7594916,7594916,2588701,1996912,1120821,5991231,7594916,8142419,1996912,3557729,7594916,5606840,1912359,1120821,
    7594916,4361753,1996912,6969891,1302688,1912359,5504183,1542015,1614364,1614364,4361962,566269,7701716,566269,566269,
    2434528,2937043,1427788,3279271,6318408,566269,4361962,2937043,8090913,1786149,613247,2937043,7594916,8142419,1316766,
    1996912,3557729,1302688,8090913,5504183,5632143,1996912,1137275,2588701,1542015,3557729,1912359,1302688,5641761,1542015,
    2937043,7767974,123413,2937043,1302688,6969891,2588701,1542015,6969891,7594916,1120821,7594916,4361753,2588701,1912359,
    2588701,1542015,1996912,5641761,3279271,1786149,4111266,2525671,2937043,5641761,2525671,6318408,5641761,2937043,1427788,
    566269,7594916,8142419,1542015,5641761,7594916,7594916,1316766,1996912,1542015,2537456,6347114,5991231,1542015,1137275,
    1316766,1542015,1302688,1316766,1996912,7594916,1996912,1542015,6969891,5641761,6969891,6347114,2588701,1542015,1316766,
    3557729,1996912,1542015,1996912,2588701,5632143,7594916,8142419,9085190,1542015,1302688,1996912,6969891,1614364,5641761,
    1786149,613247,2937043,5641761,2525671,6318408,5641761,2937043,4111266,4639684,2937043,7594916,8142419,6969891,6969891,
    3557729,1316766,3753688,1912359,1912359,1542015,6347114,7594916,8142419,4361962,1996912,5606840,1912359,2588701,1542015,
    743293,1427788,2937043,1624432,2556538,5641761,1786149,2937043,7767974,566269,5606840,7594916,1302688,1996912,1542015,
    1316766,3557729,1912359,5606840,2588701,6347114,7594916,8142419,1996912,613247,2537456,2588701,3753688,6651929,1302688,
    743293,566269,5632143,1302688,1137275,2588701,1316766,1302688,1316766,5641761,1542015,1120821,5606840,6969891,1912359,
    1912359,1316766,1996912,1542015,2937043,1427788,566269,7767974,2937043,8090913,1786149,613247,2937043,3557729,1137275,
    5606840,5606840,3557729,1302688,1542015,5641761,1542015,1120821,1302688,1137275,3557729,1302688,2588701,6969891,2588701,
    5606840,5641761,1302688,2937043,7767974,123413,2937043,7594916,8142419,8090913,613247,1996912,6969891,4361962,1120821,
    7594916,8142419,1542015,1316766,1996912,3557729,1316766,5606840,2937043,5641761,2525671,6318408,5641761,2937043,7701716,
    566269,4458139,5991231,7594916,8142419,1996912,7594916,5641761,4361962,1996912,1316766,2588701,1912359,6347114,1996912,
    1137275,1996912,5606840,1302688,7594916,7594916,2588701,1302688,5641761,1912359,1614364,4361962,566269,4639684,8458587,
    7701716,8794449,7701716,566269,4361962,5991231,1614364,5793077,3279271,1427788,566269,7701716,3279271,1996912,7594916,
    1542015,3557729,6969891,1302688,1542015,6969891,5632143,5991231,5632143,5606840,3557729,2588701,1542015,2588701,1912359,
    1614364,5641761,1786149,613247,2937043,5641761,1786149,613247,2937043,5641761,1786149,613247,2937043,5641761,1786149,
    613247,2937043,5641761,2525671,6318408,5641761,2937043,4111266,4639684,2937043,1427788,743293,1996912,1316766,2588701,
    6969891,5606840,1996912,1996912,5606840,5606840,2588701,6347114,1316766,1542015,7594916,7594916,3557729,1542015,1542015,
    2937043,1624432,2556538,5641761,1786149,2937043,4111266,4639684,2937043,1427788,743293,5632143,5606840,1302688,1316766,
    5606840,2588701,5606840,1120821,2588701,1542015,1996912,1912359,1302688,1996912,1302688,2937043,1624432,2556538,5641761,
    1786149,2937043,4111266,4639684,2937043,1427788,743293,1996912,1137275,1316766,6969891,1996912,3557729,1996912,1302688,
    7594916,7594916,1542015,5641761,6969891,6347114,1996912,1137275,2588701,1996912,7594916,1316766,1302688,1912359,2588701,
    5641761,1912359,2937043,1624432,2556538,5641761,1786149,2937043,4111266,4639684,2937043,2588701,2588701,1912359,6969891,
    2588701,2588701,2588701,5632143,5991231,5632143,2588701,1137275,6969891,1542015,1542015,1316766,5641761,1542015,1614364,
    743293,1427788,2937043,1624432,2556538,5641761,1786149,2937043,8652168,3279271,1786149,566269,4458139,5991231,1996912,
    1912359,6969891,1316766,7594916,1316766,5606840,2588701,6347114,5991231,7594916,8142419,1996912,7594916,1996912,4639684,
    6969891,7594916,5632143,5991231,5632143,2588701,1137275,2588701,3557729,6969891,5606840,1542015,5641761,1542015,1614364,
    1614364,1614364,3279271,4458139,5991231,5632143,1302688,1912359,1912359,6969891,5606840,5632143,5991231,5632143,1996912,
    7594916,1302688,5606840,1996912,1316766,1614364,1614364,1427788,566269,4639684,8458587,8652168,8794449,8652168,566269,
    4639684,8458587,1786149,8794449,1786149,566269,4458139,5991231,6969891,1996912,5606840,6969891,5606840,5606840,5632143,
    1316766,1912359,1542015,3557729,7594916,1316766,1614364,4639684,8458587,1786149,8794449,566269,1427788,2937043,1786149,
    566269,4458139,5991231,5606840,1137275,7594916,1912359,5606840,5606840,3557729,5641761,1542015,1120821,5991231,5632143,
    1996912,1996912,1542015,5606840,1912359,3557729,1912359,5632143,5991231,5632143,1316766,1137275,1316766,3557729,6969891,
    1912359,1996912,5641761,1542015,1614364,1614364,1614364,4639684,8458587,1786149,8794449,566269,8652168,2937043,1786149,
    566269,3606656,8458587,2556538,8458587,5632143,1996912,7594916,1316766,1316766,1316766,1316766,5632143,5991231,5632143,
    1996912,7594916,1316766,1316766,1316766,6969891,1614364,8794449,8794449,2225277,566269,1786149,5991231,1614364,1427788,
    566269,5991231,1542015,1137275,1912359,3557729,1912359,6969891,1996912,1996912,3557729,1302688,1912359,1316766,1912359,
    5641761,1996912,1996912,6347114,5606840,7594916,1542015,1912359,3557729,3557729,1316766,1542015,7594916,1316766,1614364,
    6347114,2588701,1137275,1996912,7594916,1912359,1542015,6969891,5606840,6969891,5641761,1912359,2937043,5641761,2525671,
    6318408,5641761,2937043,2225277,566269,6651929,5991231,1614364,1786149,566269,6651929,5991231,1614364,3606656,8458587,
    1786149,8794449,566269,6003611,8458587,7594916,8142419,4361962,4361962,1912359,1302688,4639684,5632143,6969891,1137275,
    1912359,1302688,1912359,1542015,5641761,1542015,8794449,3606656,8458587,2225277,8794449,566269,6003611,8458587,5632143,
    1542015,1912359,5606840,1542015,3557729,5632143,5991231,5632143,1542015,1137275,1912359,5606840,1542015,1302688,5641761,
    3557729,1614364,8794449,1427788,566269,3606656,8458587,2556538,8458587,5632143,1912359,1137275,2588701,3557729,1996912,
    5606840,5606840,5641761,1542015,5632143,5991231,5632143,1912359,1137275,2588701,3557729,1996912,5606840,3557729,5641761,
    1542015,1614364,8794449,8794449,2525671,566269,3606656,8458587,2225277,8794449,8652168,566269,1427788,5991231,2525671,
    1614364,2525671,566269,6651929,5991231,1614364,3606656,8458587,2525671,8794449,566269,8652168,2937043,1427788,566269,
    2173957,5991231,1996912,1137275,2588701,1316766,1302688,3557729,1542015,6969891,5641761,1302688,5632143,1912359,1316766,
    6969891,1912359,5606840,1302688,3279271,3318536,2556538,8458587,1996912,2588701,1316766,2588701,1912359,1912359,7594916,
    5606840,2588701,6347114,5991231,5632143,6969891,2588701,1316766,7594916,1302688,1316766,1120821,5991231,1542015,6969891,
    1542015,2588701,1542015,7594916,1120821,1302688,1137275,3557729,3557729,1996912,2588701,3557729,1316766,5641761,1302688,
    1614364,1614364,8794449,3279271,1786149,3279271,2225277,3279271,2525671,749336,1614364,6904463,566269,1427788,2937043,
    1427788,3279271,8652168,566269,4639684,8458587,4458139,5991231,7594916,4361753,1542015,7594916,1912359,5504183,1302688,
    5606840,3557729,2588701,6347114,5991231,7594916,8142419,1912359,5606840,3557729,1912359,1316766,1302688,5641761,1996912,
    6347114,1996912,1137275,6969891,1302688,2588701,1316766,1542015,1912359,2588701,5641761,1912359,1614364,1614364,8794449,
    3279271,3318536,6904463,749336,5641761,1786149,613247,2937043,5641761,2525671,6318408,5641761,2937043,4111266,4639684,
    2937043,7594916,4361753,1996912,1912359,1302688,1912359,4361962,7594916,5632143,5991231,5632143,1912359,6969891,3557729,
    1542015,5606840,1912359,1614364,743293,1427788,2937043,1624432,2556538,5641761,1786149,2937043,8142419,566269,3606656,
    8458587,2225277,8794449,2577324,566269,2588701,2588701,1912359,2588701,1302688,1542015,7594916,5632143,5991231,5632143,
    6969891,1137275,6969891,1316766,1912359,5606840,5606840,5641761,1542015,1614364,518262,566269,1302688,1316766,6969891,
    5606840,5606840,1316766,1912359,6969891,1316766,6347114,3557729,1912359,1912359,1996912,1302688,2588701,1996912,2937043,
    7767974,566269,8142419,566269,566269,2577324,2937043,1427788,566269,7767974,2937043,8090913,1786149,613247,5632143,
    1542015,6969891,1912359,5606840,1912359,2588701,1120821,1302688,1996912,2588701,1302688,3557729,6969891,5606840,2937043,
    7767974,123413,2937043,3557729,2588701,1542015,1316766,1302688,1120821,1542015,5606840,5606840,1302688,1316766,3557729,
    1542015,2937043,5641761,2525671,6318408,5641761,4111266,4639684,2937043,1996912,1912359,3557729,1912359,2588701,1912359,
    5606840,5606840,1302688,5606840,6347114,1996912,1316766,6969891,1302688,1542015,1302688,7594916,1302688,743293,1427788,
    2937043,1624432,2556538,5641761,1786149,2937043,1786149,566269,6003611,8458587,5632143,1542015,1137275,6969891,3557729,
    1912359,2588701,1996912,5641761,1542015,1120821,1542015,1137275,6969891,3557729,1912359,2588701,2588701,5641761,1542015,
    8794449,2225277,566269,1125781,1786149,2937043,2525671,3279271,8652168,566269,2225277,3279271,5632143,6969891,7594916,
    5606840,5606840,1542015,5632143,5991231,5632143,6969891,7594916,5606840,5606840,1302688,1614364,2225277,566269,1996912,
    1302688,6969891,1996912,1302688,1996912,3557729,6969891,1912359,6347114,5606840,1137275,7594916,2588701,7594916,1912359,
    3557729,1996912,5641761,1302688,2937043,6904463,566269,2225277,2937043,2225277,3279271,1427788,566269,5632143,3557729,
    1912359,1912359,2588701,6969891,1302688,1120821,3557729,1137275,1912359,1912359,2588701,6969891,1302688,5641761,1542015,
    3279271,5632143,3557729,1316766,2588701,6969891,1912359,1120821,3557729,1302688,6969891,6969891,1316766,6969891,7594916,
    2937043,3753688,566269,2225277,743293,6904463,2937043,2225277,566269,8652168,5632143,6904463,2937043,5641761,2525671,
    6318408,5641761,2937043,2225277,566269,3606656,8458587,2556538,8458587,6969891,1912359,7594916,3557729,1316766,6969891,
    5632143,6969891,1912359,7594916,3557729,1316766,1316766,8794449,8794449,3753688,3279271,6904463,566269,1302688,1137275,
    2588701,5606840,6969891,1996912,1542015,5641761,1542015,1120821,5632143,1302688,2588701,5606840,6969891,1996912,5606840,
    3279271,1542015,5606840,7594916,1912359,7594916,1120821,5632143,1542015,1137275,5606840,7594916,1302688,6969891,5641761,
    3557729,2937043,2525671,566269,2225277,5991231,6904463,3279271,3753688,1614364,2225277,566269,1302688,1137275,2588701,
    1316766,1912359,1996912,2588701,5641761,1542015,1120821,5991231,5632143,2588701,1912359,7594916,1542015,7594916,1316766,
    1120821,5632143,5606840,1137275,1542015,1316766,2588701,7594916,5606840,5641761,1542015,1614364,1786149,566269,2525671,
    566269,566269,2225277,2937043,8652168,3279271,1427788,566269,1786149,3279271,1786149,2937043,8090913,1786149,613247,
    5632143,1316766,1996912,2588701,7594916,2588701,1996912,1120821,7594916,8142419,3753688,8090913,1542015,1302688,1302688,
    5606840,2937043,7767974,123413,2937043,7594916,4361753,2537456,1996912,5606840,2537456,7838613,5606840,5632143,5991231,
    5632143,1542015,1137275,2588701,1542015,1316766,5641761,3557729,1120821,5991231,5632143,6969891,1912359,1302688,1996912,
    1542015,1542015,1120821,1542015,1137275,1912359,7594916,1316766,1542015,1316766,1996912,1912359,1302688,5641761,1316766,
    6347114,5606840,1137275,2588701,1912359,1912359,1316766,1302688,1912359,5641761,1302688,1614364,1614364,5641761,1786149,
    613247,2937043,5641761,1786149,613247,2937043,5641761,2525671,6318408,5641761,2937043,4111266,4639684,2937043,7594916,
    8142419,1302688,5606840,1302688,7594916,1996912,7838613,5606840,8090913,6347114,1912359,1137275,1302688,5606840,6969891,
    1302688,3557729,1542015,5641761,1302688,743293,1427788,2937043,1624432,2556538,5641761,1786149,2937043,4111266,4639684,
    2937043,7594916,4361753,1996912,6651929,1542015,4639684,1302688,6969891,6651929,1316766,6347114,7594916,8142419,3557729,
    7594916,7594916,6969891,1302688,2588701,743293,1427788,2937043,1624432,2556538,5641761,1786149,2937043,1427788,566269,
    3606656,8458587,2556538,8458587,5632143,6969891,2588701,7594916,1996912,3557729,5632143,5991231,1542015,1912359,1912359,
    1302688,1996912,1996912,5632143,1302688,1137275,1302688,6969891,1302688,2588701,1302688,5641761,1542015,1614364,8794449,
    8794449,3753688,566269,3606656,8458587,2556538,8458587,5991231,5991231,5991231,7594916,4361753,7838613,3753688,1316766,
    8090913,9085190,1120821,5632143,1996912,1912359,1542015,1996912,1302688,2588701,1912359,1614364,5632143,5991231,5632143,
    5606840,6969891,1542015,7594916,2588701,1912359,5632143,5991231,5632143,1912359,1996912,1912359,1912359,1996912,3557729,
    1120821,1996912,2588701,3557729,1996912,1996912,1302688,1316766,1614364,1614364,1614364,1120821,5632143,6969891,1316766,
    5606840,1316766,7594916,1912359,1614364,5632143,5991231,5632143,1996912,1137275,7594916,3557729,3557729,1302688,1316766,
    1912359,5641761,1302688,1614364,8794449,8794449,6904463,566269,3753688,8458587,2525671,8794449,3753688,566269,5632143,
    5606840,1137275,1912359,1912359,2588701,2588701,5641761,3557729,1120821,5991231,5632143,1996912,1137275,3557729,1996912,
    3557729,3557729,5606840,5641761,1542015,5632143,5991231,5632143,1996912,1912359,6969891,1996912,1302688,1302688,1614364,
    1614364,8652168,566269,6904463,5632143,3753688,2937043,3753688,566269,6969891,1542015,1316766,7594916,1316766,1316766,
    2588701,6969891,1912359,6347114,1996912,1137275,7594916,1316766,1316766,1912359,5606840,1302688,1912359,5641761,1912359,
    2937043,6904463,566269,3753688,1120821,2225277,2937043,1427788,8458587,2525671,8794449,566269,8652168,2937043,2225277,
    566269,6904463,2937043,3753688,566269,3606656,8458587,2556538,8458587,5632143,1912359,7594916,1316766,1996912,1302688,
    1542015,1120821,5991231,7594916,4361753,1912359,1316766,1302688,5504183,7594916,5632143,5991231,5632143,2588701,1996912,
    3557729,6969891,1996912,1316766,1614364,1614364,8794449,8794449,8652168,566269,3753688,8458587,2525671,8794449,3753688,
    566269,1996912,1137275,7594916,7594916,3557729,1996912,1542015,1996912,5641761,1302688,1120821,5632143,1996912,7594916,
    7594916,3557729,1996912,1542015,1996912,2937043,1427788,566269,8652168,566269,566269,3753688,2937043,1427788,566269,
    1427788,2937043,8090913,1786149,613247,5632143,1912359,1996912,1542015,5606840,1302688,3557729,1120821,1996912,2588701,
    7594916,1316766,6969891,1302688,1912359,5606840,2937043,7767974,123413,2937043,1912359,6969891,7594916,6969891,3557729,
    1542015,7594916,1912359,6347114,5991231,7594916,4361753,6651929,6969891,1542015,3557729,2588701,1912359,5632143,5991231,
    5632143,6969891,3557729,2588701,3557729,1996912,3557729,1614364,1614364,5641761,2525671,6318408,5641761,4111266,4639684,
    2937043,1427788,1170709,5991231,5632143,1996912,1996912,1542015,3557729,6969891,5606840,1912359,5632143,5991231,5632143,
    1996912,1316766,1542015,1996912,1912359,2588701,1614364,1614364,1120821,2588701,1137275,1912359,1302688,1912359,1912359,
    5606840,5641761,1302688,2937043,1624432,2556538,5641761,1786149,2937043,4904021,3279271,2537456,566269,1786149,7767974,
    1624432,2937043,2434528,3279271,2537456,1120821,4140023,2937043,8159549,566269,4621789,743293,566269,2537456,2937043,
    8159549,566269,4904021,2937043,8090913,1786149,613247,2937043,8159549,2937043,4904021,566269,4621789,1170709,566269,
    2537456,2937043,4904021,566269,2434528,2937043,8090913,1786149,613247,2937043,4904021,2937043,8159549,566269,4904021,
    2937043,7767974,123413,2937043,8159549,2937043,4904021,566269,7594916,4361753,3557729,6651929,4639684,8090913,1996912,
    5504183,5606840,7594916,6347114,1996912,1137275,1316766,1912359,6969891,1316766,1302688,1912359,1302688,5641761,1912359,
    2937043,1427788,566269,8159549,2937043,8090913,1786149,613247,2937043,4904021,2937043,8159549,566269,1912359,1137275,
    1912359,1542015,1996912,1996912,7594916,6969891,5641761,1302688,5632143,1302688,1137275,1302688,1996912,3557729,1316766,
    1302688,5641761,1542015,2937043,1427788,566269,1427788,2937043,7767974,123413,2937043,8159549,2937043,5641761,2525671,
    6318408,5641761,2937043,8652168,566269,5606840,2588701,1542015,1302688,5606840,1912359,3557729,3557729,1302688,1996912,
    6347114,5991231,5991231,7594916,8142419,1996912,5606840,1912359,2588701,5606840,2588701,2537456,2588701,5632143,5991231,
    5632143,1996912,1996912,1912359,5606840,1316766,6969891,1614364,1614364,6347114,2588701,1542015,3557729,6969891,5606840,
    6969891,2588701,6969891,1614364,1427788,566269,8652168,743293,1786149,2937043,1427788,566269,1427788,2937043,8090913,
    1786149,613247,2937043,7594916,4361753,1302688,1316766,6651929,6969891,6969891,1912359,3753688,1542015,6347114,6969891,
    3557729,1542015,1996912,3557729,1302688,5606840,2937043,7767974,123413,2937043,3557729,1137275,1302688,5606840,1542015,
    1912359,1316766,1316766,5641761,1302688,5632143,5991231,5632143,2588701,1137275,1302688,2588701,5606840,1912359,2588701,
    5641761,1542015,1614364,5641761,1786149,613247,2937043,5641761,2525671,6318408,5641761,2937043,4111266,4639684,5991231,
    7594916,8142419,1996912,5641761,1912359,2588701,9085190,1912359,2588701,1542015,3557729,4639684,6347114,1542015,1137275,
    1316766,6969891,7594916,6969891,3557729,5606840,7594916,2588701,5641761,1316766,1614364,6347114,1996912,1316766,1996912,
    1316766,5606840,1542015,1996912,1316766,743293,1427788,2937043,1624432,2556538,5641761,1786149,2937043,6102236,566269,
    1542015,1137275,6969891,6969891,5606840,2588701,6969891,2588701,1316766,5641761,1912359,6347114,7594916,4361753,3557729,
    3753688,5606840,1542015,1302688,2537456,2937043,2577324,566269,2237146,566269,566269,6102236,2937043,1427788,566269,
    2577324,2937043,8090913,1786149,613247,2937043,1996912,1137275,5606840,1542015,1302688,6969891,3557729,1316766,2588701,
    6969891,5641761,1316766,6347114,2588701,1137275,6969891,6969891,6969891,2588701,1316766,1302688,1316766,5641761,1912359,
    2937043,7767974,123413,5991231,5632143,6969891,1137275,1912359,1316766,2588701,2588701,1302688,5641761,1542015,1120821,
    1996912,5606840,7594916,1302688,1912359,1302688,1614364,1120821,1996912,7594916,1912359,6969891,1996912,6969891,7594916,
    1996912,2937043,5641761,2525671,6318408,5641761,4111266,4639684,2937043,1427788,1170709,1996912,5606840,1996912,1302688,
    1542015,1996912,1542015,6969891,6969891,3557729,6347114,7594916,4361753,1316766,1542015,9085190,1912359,7594916,613247,
    2937043,1624432,2556538,5641761,1786149,2937043,8142419,3279271,7767974,3279271,2577324,566269,2588701,2588701,7594916,
    1996912,1912359,1996912,1912359,1316766,1302688,1316766,1316766,2588701,5606840,2588701,5632143,5991231,5632143,1912359,
    1137275,7594916,7594916,2588701,1996912,1912359,5641761,1542015,1614364,3279271,4458139,5991231,5632143,1996912,7594916,
    1996912,3557729,5606840,1912359,1542015,1120821,1996912,7594916,1542015,2588701,1316766,1302688,5606840,1614364,3279271,
    4458139,5991231,5632143,2588701,3557729,1912359,6969891,1316766,5632143,5991231,5632143,1912359,1996912,6969891,5606840,
    1302688,2588701,5632143,5991231,5632143,1302688,1542015,1302688,7594916,1542015,3557729,1614364,1614364,1614364,1427788,
    566269,3606656,8458587,2556538,8458587,3557729,1137275,2588701,1912359,1316766,1302688,1302688,5641761,1542015,1120821,
    5632143,3557729,2588701,1912359,1316766,1542015,6969891,8794449,8794449,2225277,3279271,6102236,566269,3318536,749336,
    3279271,5632143,1996912,1137275,6969891,6969891,5606840,1996912,1996912,5641761,1542015,1120821,5606840,1137275,1996912,
    1542015,3557729,1302688,1302688,1912359,1542015,2588701,1302688,1996912,2588701,6969891,5641761,1996912,2588701,2937043,
    3753688,566269,3606656,8458587,2556538,8458587,5606840,1137275,2588701,1996912,3557729,1316766,1996912,5641761,1542015,
    1120821,5991231,5632143,1302688,1137275,3557729,5606840,1302688,3557729,1542015,5641761,1542015,1120821,5991231,5632143,
    2588701,1996912,1996912,1912359,5606840,5606840,1120821,1542015,1137275,5606840,5606840,6969891,7594916,1996912,5641761,
    1542015,1614364,1614364,8794449,8794449,3322816,566269,3606656,8458587,2556538,8458587,7594916,8142419,8090913,4361962,
    1302688,6651929,1316766,7594916,6347114,7594916,8142419,5606840,8090913,2588701,1542015,2588701,6969891,8794449,8794449,
    2237146,566269,3322816,5991231,7767974,3279271,8142419,1614364,6904463,566269,3753688,8458587,2237146,8794449,5260148,
    566269,1302688,1137275,1542015,1316766,1996912,7594916,1542015,6969891,1542015,1316766,5606840,5606840,6969891,3557729,
    1912359,5641761,1996912,3557729,6347114,5991231,1996912,1137275,1302688,7594916,1542015,1996912,5606840,1302688,3557729,
    3557729,1316766,1912359,1912359,3557729,1316766,5641761,1996912,5606840,5632143,5991231,5632143,1912359,1137275,1542015,
    1316766,1302688,3557729,1302688,5641761,1542015,1614364,1614364,3753688,566269,3606656,8458587,2556538,8458587,7594916,
    8142419,1302688,8090913,1316766,5641761,3557729,5641761,1316766,1912359,6347114,5991231,5991231,5632143,6969891,2588701,
    7594916,5606840,1542015,5606840,1120821,5991231,1996912,1137275,1996912,5606840,5606840,1912359,5606840,5641761,1542015,
    1120821,5991231,1316766,1137275,1542015,3557729,1912359,1912359,6969891,6969891,1316766,6969891,5641761,1316766,5632143,
    5991231,5632143,2588701,6969891,2588701,3557729,5606840,3557729,1614364,1614364,1614364,1614364,6347114,5991231,5632143,
    1542015,1137275,1912359,1912359,2588701,3557729,5641761,1542015,1120821,1542015,1302688,1542015,7594916,7594916,1316766,
    1316766,1996912,1912359,6347114,5991231,5606840,1137275,1996912,1912359,3557729,1316766,1996912,1996912,1316766,5606840,
    5606840,5641761,6969891,6347114,5606840,1996912,1542015,5606840,7594916,7594916,3557729,1912359,1614364,1614364,1614364,
    8794449,8794449,2237146,566269,3606656,8458587,2556538,8458587,7594916,4361753,1912359,7594916,8652168,5504183,1542015,
    1120821,5632143,3557729,1137275,1302688,2588701,2588701,1912359,5606840,5641761,1542015,8794449,8794449,7767974,566269,
    3606656,8458587,2556538,8458587,5632143,6969891,1996912,1996912,1316766,7594916,7594916,1120821,5991231,1996912,1137275,
    7594916,1542015,1542015,3557729,1912359,1302688,1996912,5606840,3557729,5641761,6969891,6347114,1996912,3557729,7594916,
    1542015,3557729,5606840,7594916,1542015,5632143,7594916,4361753,1912359,1912359,6651929,9085190,5641761,1614364,8794449,
    8794449,8142419,566269,7767974,5991231,2577324,3279271,6102236,1614364,3322816,566269,2237146,8458587,8142419,8794449,
    7767974,566269,3606656,8458587,2556538,8458587,5632143,1912359,1137275,5606840,1996912,1542015,1542015,1302688,5641761,
    1542015,5632143,5991231,5991231,5991231,2588701,1137275,5606840,2588701,6969891,1912359,1302688,5641761,1542015,5632143,
    7594916,4361753,5606840,6651929,7594916,7838613,2588701,1614364,1120821,5991231,7594916,8142419,7838613,2588701,7838613,
    6651929,8652168,1120821,5632143,1912359,6969891,7594916,2588701,3557729,2588701,1614364,1614364,5632143,7594916,8142419,
    6969891,5641761,3557729,2588701,1996912,1614364,8794449,8794449,8142419,566269,3606656,8458587,2556538,8458587,5632143,
    1996912,7594916,7594916,7594916,5606840,1912359,3557729,1120821,7594916,8142419,6651929,3557729,5606840,9085190,9085190,
    8794449,8794449,6102236,566269,4458139,5991231,1996912,1302688,3557729,1542015,1912359,1316766,7594916,6969891,1302688,
    7594916,6347114,1996912,5606840,1316766,2588701,6969891,1912359,1302688,1316766,1614364,2577324,566269,8142419,5991231,
    6102236,3279271,5260148,1614364,2237146,566269,7767974,8458587,2577324,8794449,7767974,566269,613247,5991231,3557729,
    1137275,3557729,1912359,1542015,6969891,7594916,7594916,7594916,2588701,1302688,5641761,6969891,6347114,7594916,4361753,
    1996912,6969891,2588701,6651929,5606840,4639684,7594916,3279271,3318536,749336,1614364,2525671,566269,3318536,8458587,
    6904463,8794449,566269,3753688,3279271,8458587,3322816,8794449,566269,1786149,3279271,8458587,2237146,8794449,566269,
    7767974,749336,8652168,566269,3318536,1427788,5991231,2225277,3279271,2525671,1614364,749336,8652168,3279271,1427788,
    566269,3318536,123413,5991231,8652168,1614364,749336,3279271,4639684,8458587,4458139,5991231,5991231,5632143,3557729,
    1137275,6969891,5606840,1316766,6969891,2588701,5641761,1542015,1120821,1996912,1137275,7594916,3557729,3557729,1316766,
    2588701,5641761,1302688,1614364,1120821,5632143,1542015,1996912,2588701,3557729,3557729,3557729,1614364,8794449,5641761,
    2525671,6318408,5641761,2937043,1427788,566269,1996912,1137275,5606840,1912359,2588701,1302688,1996912,1996912,6969891,
    5641761,1912359,5632143,5991231,5632143,1996912,1302688,7594916,6969891,1996912,1542015,1120821,1316766,1542015,6969891,
    6969891,1542015,2588701,1614364,4621789,566269,9085190,566269,566269,5793077,2937043,8159549,566269,4621789,2937043,
    5641761,1786149,613247,2937043,5641761,1786149,613247,2937043,5641761,1786149,613247,2937043,5641761,2525671,6318408,
    5641761,2937043,4111266,4639684,5632143,1316766,2588701,1912359,3557729,2588701,2588701,1120821,7594916,4361753,1996912,
    6969891,5504183,1316766,8090913,9085190,743293,1427788,2937043,1624432,2556538,5641761,1786149,2937043,4111266,4639684,
    2937043,2588701,1137275,7594916,1316766,5606840,1302688,1542015,5641761,1542015,5632143,5991231,7594916,4361753,7838613,
    7594916,5504183,3753688,7594916,1120821,5632143,1316766,1137275,5606840,5606840,7594916,1542015,1316766,5641761,1542015,
    1614364,743293,1427788,2937043,1624432,2556538,5641761,1786149,2937043,4111266,4639684,5632143,1302688,1302688,7594916,
    5606840,1912359,5606840,5632143,5991231,5632143,1542015,3557729,2588701,1302688,1996912,1316766,1120821,5632143,2588701,
    2588701,3557729,1316766,1316766,1996912,1614364,743293,1427788,2937043,1624432,2556538,5641761,1786149,2937043,2577324,
    566269,1996912,1137275,1542015,5606840,1316766,1302688,7594916,6969891,2588701,5641761,1912359,5632143,5991231,5632143,
    1996912,1912359,2588701,1542015,1542015,1996912,1120821,7594916,8142419,3753688,6651929,8652168,3557729,6651929,1614364,
    743293,5632143,1996912,1137275,7594916,1996912,6969891,1316766,1912359,3557729,5641761,1302688,1120821,1912359,1996912,
    1302688,1542015,1542015,7594916,1302688,2937043,1427788,566269,2577324,2937043,8090913,1786149,613247,2937043,2588701,
    1137275,6969891,1912359,2588701,1996912,1996912,2588701,6969891,1912359,1996912,5641761,6969891,6347114,1996912,1996912,
    1912359,1912359,1542015,1542015,7594916,1996912,5632143,5991231,5632143,6969891,6969891,1316766,1542015,1316766,1614364,
    7767974,123413,2937043,1996912,5606840,2588701,7594916,2588701,1996912,1542015,5606840,5632143,1912359,1137275,2588701,
    3557729,1912359,1542015,3557729,5641761,1542015,2937043,5641761,2525671,6318408,5641761,4111266,4639684,5632143,3557729,
    1137275,1912359,1316766,1996912,3557729,5606840,5641761,1542015,1120821,1302688,7594916,1302688,1912359,2588701,1302688,
    743293,1427788,2937043,1624432,2556538,5641761,1786149,2937043,8142419,3279271,2225277,3279271,7767974,566269,7594916,
    4361753,2588701,1316766,4361962,3753688,8652168,1302688,2537456,9085190,6347114,1542015,1996912,2588701,5606840,6969891,
    1542015,3557729,3279271,2525671,3279271,5632143,5606840,1137275,7594916,2588701,1542015,1302688,5641761,1542015,5632143,
    5991231,5632143,5606840,7594916,2588701,1542015,1302688,7594916,1614364,1427788,566269,3606656,8458587,2556538,8458587,
    5632143,2588701,1137275,7594916,3557729,1316766,3557729,1316766,5641761,1542015,5632143,5991231,5632143,2588701,1137275,
    7594916,3557729,1316766,3557729,6969891,5641761,1542015,1614364,8794449,8794449,2237146,566269,1427788,5991231,7767974,
    3279271,8142419,1614364,1427788,566269,5991231,7594916,8142419,3557729,8090913,6969891,3557729,5641761,1996912,5632143,
    5991231,5632143,1316766,1302688,7594916,1542015,1302688,1542015,1614364,1614364,5632143,1316766,2588701,1996912,6969891,
    2588701,3557729,2937043,1786149,8458587,2225277,8794449,566269,2237146,2937043,2225277,566269,1786149,4111266,2525671,
    2937043,5641761,2525671,6318408,5641761,2937043,2225277,3279271,1427788,3279271,1786149,566269,5632143,5606840,1996912,
    6969891,1542015,2588701,6969891,5632143,5991231,5632143,5606840,1996912,6969891,1542015,5606840,7594916,1614364,3279271,
    1542015,1137275,1316766,1316766,3557729,1302688,1912359,5641761,1542015,5632143,5991231,5991231,3557729,1137275,6969891,
    1316766,1996912,1996912,5641761,1542015,1120821,5991231,5632143,1996912,2588701,6969891,3557729,1542015,1542015,5606840,
    5632143,5991231,5632143,1302688,1316766,3557729,2588701,6969891,1316766,1614364,1614364,1614364,1120821,7594916,8142419,
    2537456,9085190,7594916,5504183,5606840,1614364,3279271,6003611,8458587,5632143,5606840,7594916,1996912,3557729,6969891,
    6969891,5632143,5991231,5632143,5606840,7594916,1996912,1542015,7594916,7594916,1614364,8794449,8652168,566269,1786149,
    8458587,2225277,8794449,2225277,3279271,2525671,566269,1427788,3279271,8652168,2937043,1427788,566269,3557729,1302688,
    2588701,6969891,1542015,3557729,1120821,1996912,1137275,2588701,1302688,1302688,6969891,5606840,1302688,5606840,5641761,
    1912359,2937043,5641761,1786149,613247,2937043,5641761,2525671,6318408,5641761,2937043,4111266,4639684,2937043,1427788,
    1170709,7594916,4361753,1996912,1996912,2537456,3557729,3557729,3753688,4639684,7838613,6347114,1996912,3557729,6969891,
    6969891,1302688,1542015,3557729,2937043,1624432,2556538,5641761,1786149,2937043,1786149,566269,6003611,8458587,3557729,
    1137275,1996912,1912359,1316766,6969891,5641761,3557729,5632143,3557729,1137275,1996912,1912359,1316766,1316766,5641761,
    3557729,8794449,1427788,566269,3606656,8458587,2556538,8458587,5632143,6969891,1137275,3557729,5606840,1996912,1996912,
    2588701,5641761,1542015,1120821,5991231,6969891,7594916,7594916,1542015,5606840,6969891,5632143,5991231,5632143,3557729,
    2588701,1542015,1912359,3557729,1614364,1614364,8794449,8794449,2525671,566269,3606656,8458587,2556538,8458587,5632143,
    3557729,1137275,2588701,1302688,2588701,2588701,3557729,5641761,1542015,5632143,5991231,5632143,3557729,2588701,1302688,
    2588701,2588701,1302688,1614364,8794449,8794449,3753688,566269,3606656,8458587,2556538,8458587,5606840,7594916,1996912,
    3557729,1542015,3557729,5632143,5606840,7594916,1996912,3557729,1542015,1996912,8794449,8794449,2225277,566269,6003611,
    8458587,5606840,1137275,5606840,1912359,7594916,1996912,5641761,3557729,5632143,5606840,1137275,5606840,1302688,6969891,
    6969891,5641761,3557729,8794449,3322816,566269,3606656,8458587,2556538,8458587,5606840,2588701,2588701,1912359,3557729,
    1912359,7594916,3557729,2588701,6347114,5991231,7594916,4361753,1996912,7838613,1302688,3557729,3557729,8090913,2588701,
    5606840,6347114,7594916,8142419,1316766,7594916,2588701,7838613,1996912,6969891,1614364,8794449,8794449,6904463,566269,
    3318536,1786149,3279271,2225277,749336,8652168,566269,3318536,1427788,5991231,2525671,3279271,6904463,3279271,3753688,
    3279271,3322816,1614364,749336,1427788,3279271,8652168,566269,4639684,8458587,4458139,5991231,5991231,1302688,7594916,
    3557729,3557729,1542015,1996912,1316766,1912359,5632143,1542015,1137275,1316766,6969891,1912359,5606840,1316766,5641761,
    1542015,1614364,6347114,7594916,8142419,5606840,1542015,7838613,7594916,7838613,1302688,1614364,8794449,3279271,3318536,
    123413,5991231,8652168,1614364,749336,5641761,2525671,6318408,5641761,4111266,4639684,5632143,1316766,1137275,1542015,
    1912359,7594916,2588701,1996912,5641761,1542015,1120821,7594916,4361753,1996912,1302688,6969891,8090913,3753688,3753688,
    743293,1427788,2937043,1624432,2556538,5641761,1786149,2937043,1786149,3279271,8652168,3279271,1427788,566269,6003611,
    3279271,5606840,1912359,1316766,1542015,1302688,2588701,1120821,5632143,5606840,1137275,1912359,1316766,1542015,1302688,
    2588701,5641761,1542015,3279271,4458139,5991231,5632143,5606840,1137275,2588701,1316766,1912359,6969891,5606840,5641761,
    1542015,1120821,5606840,1302688,1912359,5606840,7594916,1542015,1614364,2225277,566269,6651929,5991231,1614364,3606656,
    8458587,2225277,8794449,566269,1427788,2937043,2525671,566269,1316766,1137275,1542015,7594916,1302688,1912359,1542015,
    1912359,1302688,1996912,5641761,1316766,6347114,7594916,8142419,5641761,5606840,9085190,6969891,1302688,1316766,2937043,
    6904463,566269,2525671,2937043,2525671,566269,5632143,3557729,1137275,3557729,1996912,6969891,2588701,1316766,5641761,
    1542015,5632143,5991231,5632143,3557729,1137275,3557729,1996912,6969891,2588701,6969891,5641761,1542015,1614364,3753688,
    566269,2525671,2937043,2525671,3279271,1427788,566269,7594916,4361753,1542015,2537456,1912359,4361962,4361962,1912359,
    9085190,6347114,1316766,1137275,1302688,2588701,1302688,1542015,1996912,5606840,5641761,1302688,3279271,1912359,6969891,
    1996912,1542015,7594916,1542015,1120821,5991231,5991231,5632143,2588701,1137275,1316766,1912359,1302688,2588701,1912359,
    5641761,1542015,1120821,1542015,2588701,3557729,1302688,1316766,1996912,3557729,1614364,5632143,5991231,5632143,1996912,
    1912359,1316766,3557729,7594916,3557729,1614364,1614364,3322816,566269,2525671,743293,3753688,2937043,2525671,566269,
    8652168,5632143,3753688,2937043,5641761,2525671,6318408,5641761,2937043,1427788,3279271,8142419,3279271,3322816,3279271,
    6904463,566269,1996912,1542015,1316766,5606840,1912359,1302688,3557729,2588701,5632143,1912359,1137275,2588701,2588701,
    1316766,3557729,5641761,1542015,3279271,7767974,3279271,1786149,4111266,2525671,3279271,1786149,4111266,2525671,2937043,
    2525671,8458587,2225277,8794449,566269,8142419,2937043,7767974,3279271,2237146,566269,1786149,4111266,2525671,3279271,
    1786149,4111266,2525671,2937043,5641761,1786149,613247,2937043,5641761,1786149,613247,2937043,5641761,2525671,6318408,
    5641761,2937043,4111266,4639684,2937043,1542015,1912359,1996912,6969891,7594916,7594916,5632143,5991231,5632143,1996912,
    2588701,7594916,1542015,6969891,7594916,3557729,5632143,5991231,5632143,3557729,2588701,5606840,1996912,3557729,1316766,
    1120821,1302688,1137275,3557729,1996912,1542015,1996912,5641761,3557729,1614364,1614364,743293,1427788,2937043,1624432,
    2556538,5641761,1786149,2937043,4111266,4639684,2937043,1427788,1170709,7594916,8142419,5606840,1302688,7838613,4361962,
    4639684,6651929,5504183,2588701,6347114,1542015,1316766,1316766,7594916,1912359,2588701,6969891,2937043,1624432,2556538,
    5641761,1786149,2937043,1427788,566269,3606656,8458587,2556538,8458587,7594916,8142419,2588701,4361962,4639684,1302688,
    1316766,3557729,5606840,2537456,6347114,1542015,7594916,1542015,7594916,1302688,6969891,7594916,8794449,8794449,2225277,
    566269,3557729,2588701,1316766,1302688,3557729,7594916,1996912,5632143,5991231,5632143,1996912,1316766,6969891,1996912,
    1912359,1996912,1614364,1170709,1542015,1137275,1302688,3557729,3557729,1316766,1302688,5606840,5641761,1302688,5632143,
    5606840,5606840,1316766,5606840,1912359,7594916,2937043,8652168,566269,1427788,5991231,2225277,1614364,8142419,3279271,
    2237146,3279271,2225277,566269,7594916,8142419,1996912,5504183,1996912,5606840,6651929,1316766,5606840,6969891,2537456,
    7594916,4639684,9085190,5632143,5991231,2588701,1542015,1996912,1316766,3557729,1542015,5632143,1912359,1137275,6969891,
    1542015,7594916,6969891,5606840,5641761,1542015,1614364,3279271,1996912,2588701,1996912,1542015,1302688,2588701,1542015,
    5606840,6969891,1542015,1302688,3557729,2588701,7594916,5632143,5991231,5632143,5606840,1316766,7594916,1542015,2588701,
    1912359,1614364,3279271,8652168,2937043,1427788,566269,3606656,8458587,2556538,8458587,3557729,1542015,5606840,5606840,
    7594916,1542015,1120821,5632143,3557729,1542015,5606840,5606840,7594916,2588701,8794449,8794449,8652168,566269,1427788,
    5991231,2225277,1614364,2525671,566269,8652168,2937043,8652168,566269,3606656,8458587,2556538,8458587,5632143,1542015,
    1316766,1316766,1302688,1542015,1542015,5632143,5991231,5632143,1542015,1316766,1316766,1302688,1542015,6969891,1614364,
    8794449,8794449,6904463,566269,3606656,8458587,2556538,8458587,5991231,5991231,7594916,4361753,1302688,1912359,1316766,
    1316766,4639684,5632143,7594916,8142419,5606840,8652168,5606840,7594916,3557729,1614364,1120821,5991231,5606840,2588701,
    6969891,1316766,7594916,1996912,5632143,5991231,5632143,1996912,1996912,1996912,1996912,5606840,3557729,1614364,1614364,
    1614364,5632143,1302688,1996912,3557729,5606840,1316766,1996912,8794449,8794449,3322816,566269,4458139,5991231,5606840,
    1302688,1316766,1912359,1302688,1316766,5632143,7594916,8142419,1542015,7594916,8090913,2588701,1912359,1614364,3753688,
    566269,6904463,5991231,3322816,3279271,2237146,1614364,7767974,566269,5991231,1996912,1137275,6969891,1302688,7594916,
    2588701,5606840,1302688,1912359,5606840,7594916,1912359,1316766,1542015,2588701,6969891,5641761,1996912,3557729,5632143,
    5991231,5632143,1316766,2588701,1996912,1316766,1996912,1912359,1614364,1614364,6347114,7594916,8142419,4361962,613247,
    9085190,1542015,5504183,2588701,6651929,7594916,4361962,4639684,8090913,2937043,1427788,566269,8652168,8458587,3753688,
    8794449,6904463,566269,3606656,8458587,2556538,8458587,1316766,5606840,2588701,5606840,5606840,5606840,6969891,7594916,
    1316766,6347114,1316766,1137275,1316766,1542015,3557729,1302688,1996912,1302688,5641761,1302688,8794449,8794449,2237146,
    566269,4458139,5991231,1316766,1137275,1302688,1542015,3557729,6969891,6969891,5641761,1542015,5632143,5991231,7594916,
    8142419,8652168,1542015,5606840,3557729,5606840,5632143,3557729,1137275,1302688,5606840,1996912,5641761,3557729,1614364,
    1614364,3753688,566269,3606656,8458587,2556538,8458587,5632143,2588701,2588701,1542015,1316766,1302688,1302688,5632143,
    5991231,5632143,2588701,2588701,1542015,1316766,1912359,1996912,1614364,8794449,8794449,3322816,566269,3753688,5991231,
    2237146,3279271,7767974,1614364,7767974,566269,4458139,5991231,5632143,1996912,1137275,6969891,1302688,5606840,2588701,
    5641761,1542015,5632143,5991231,7594916,8142419,1996912,3557729,1542015,6969891,6969891,2588701,3557729,6969891,6347114,
    5991231,3557729,7594916,1542015,5606840,1996912,2588701,3557729,5632143,5606840,7594916,5606840,6969891,1302688,5606840,
    1614364,5632143,3557729,1912359,1542015,1302688,1996912,7594916,1614364,1614364,8652168,566269,6904463,8458587,3322816,
    8794449,3753688,566269,3606656,8458587,2556538,8458587,7594916,8142419,1912359,3557729,8652168,4639684,2588701,9085190,
    7838613,8090913,6347114,7594916,4361753,2537456,1542015,3557729,5504183,6969891,4361962,8794449,8794449,3322816,566269,
    3606656,8458587,2556538,8458587,1542015,7594916,1302688,3557729,1542015,7594916,5632143,5991231,5632143,1912359,2588701,
    1302688,1996912,1316766,7594916,1120821,7594916,4361753,2537456,2588701,2588701,6651929,1316766,6969891,1316766,6347114,
    1996912,1137275,5606840,1912359,2588701,1302688,1996912,5606840,5641761,1302688,1614364,8794449,8794449,2237146,566269,
    3322816,5991231,7767974,3279271,8142419,1614364,6904463,566269,3753688,8458587,2237146,8794449,2237146,566269,613247,
    5991231,7594916,4361753,6969891,8090913,1316766,6969891,3753688,1316766,7594916,1912359,6347114,5991231,7594916,4361753,
    1542015,5606840,1302688,7838613,1542015,1302688,6969891,3557729,6347114,5606840,3557729,1542015,5606840,7594916,2588701,
    2588701,2588701,1614364,3279271,3318536,749336,1614364,3753688,566269,1786149,2937043,3322816,566269,3606656,8458587,
    2556538,8458587,5632143,1912359,1137275,1302688,1996912,1912359,3557729,1912359,5641761,1542015,5632143,5991231,5991231,
    5991231,5632143,1996912,6969891,1316766,2588701,1542015,1542015,3557729,5632143,5991231,5632143,6969891,1137275,1996912,
    1996912,1912359,5606840,1316766,5641761,1542015,1614364,1614364,5632143,5991231,5632143,6969891,2588701,1316766,5606840,
    1996912,1316766,1614364,1614364,5632143,1302688,1137275,1996912,6969891,2588701,1542015,1542015,5641761,1542015,1614364,
    8794449,8794449,2525671,8458587,1427788,8794449,566269,3753688,2937043,2525671,8458587,8652168,8794449,566269,3322816,
    2937043,2525671,8458587,6904463,8794449,566269,2237146,2937043,1427788,3279271,8652168,566269,4639684,8458587,4458139,
    5991231,5991231,6969891,1137275,7594916,5606840,5606840,2588701,3557729,5641761,1542015,1120821,6969891,1137275,3557729,
    6969891,1316766,3557729,2588701,5606840,3557729,6969891,5641761,1316766,1614364,6347114,1996912,1137275,5606840,1542015,
    1316766,1996912,1542015,5606840,1996912,5641761,1912359,1614364,8794449,3279271,3318536,2225277,749336,5641761,2525671,
    6318408,5641761,4111266,4639684,2937043,1427788,1170709,5991231,6969891,1137275,2588701,1996912,1542015,1302688,5606840,
    5641761,1542015,1120821,1996912,1137275,3557729,1542015,1316766,1302688,2588701,1542015,1302688,5606840,1912359,1302688,
    5641761,1996912,7594916,6347114,1996912,1316766,2588701,3557729,1542015,5606840,1912359,5606840,6969891,7594916,1614364,
    6347114,7594916,4361753,8652168,8652168,1316766,6969891,3753688,3557729,5632143,5991231,2588701,1137275,1316766,6969891,
    1316766,1542015,5641761,3557729,5632143,7594916,4361753,6969891,5641761,1542015,5606840,2537456,1614364,1624432,2556538,
    5641761,1786149,2937043,4458139,3576238,566269,3606656,8458587,2225277,8794449,7838613,3279271,5641761,3576238,566269,
    4458139,3576238,3279271,1427788,2937043,1427788,566269,4458139,3576238,2937043,8090913,1786149,613247,5632143,1316766,
    1912359,1912359,7594916,3557729,5606840,1120821,3557729,1137275,1316766,5606840,1912359,1542015,6969891,6969891,5641761,
    1302688,2937043,7767974,123413,5991231,5991231,6969891,5606840,2588701,7594916,1316766,2588701,5632143,5991231,5991231,
    5991231,5991231,5632143,1302688,1137275,1912359,1542015,1912359,3557729,3557729,5641761,1542015,1120821,5606840,1137275,
    1996912,6969891,1316766,5606840,1302688,5641761,1542015,1614364,5632143,5991231,1996912,7594916,3557729,2588701,6969891,
    2588701,7594916,1120821,5632143,1912359,7594916,6969891,7594916,6969891,7594916,1614364,1614364,5632143,7594916,4361753,
    1996912,6651929,4361962,1996912,1912359,1614364,5632143,5991231,5632143,1302688,3557729,1316766,1996912,1912359,3557729,
    1614364,1614364,1614364,5632143,6969891,1137275,1316766,1912359,7594916,1302688,1316766,5641761,1542015,1614364,1120821,
    1912359,1137275,2588701,5606840,6969891,7594916,5606840,2588701,5641761,1302688,2937043,5641761,2525671,6318408,5641761,
    2937043,1427788,566269,3606656,8458587,2556538,8458587,1302688,7594916,1316766,2588701,2588701,6969891,1912359,6969891,
    3557729,6347114,5991231,5991231,7594916,8142419,1912359,7594916,613247,7594916,6969891,5606840,7838613,3557729,5632143,
    5991231,5632143,5606840,1542015,7594916,6969891,1912359,1316766,5632143,5991231,5632143,1316766,1137275,3557729,7594916,
    7594916,6969891,5641761,3557729,5632143,5991231,5632143,1542015,1137275,1302688,1996912,1542015,3557729,1302688,5641761,
    1542015,1614364,1614364,1614364,1614364,6347114,7594916,8142419,1996912,1302688,1996912,5641761,8090913,5641761,1316766,
    5632143,5991231,5632143,5606840,7594916,1912359,5606840,7594916,1614364,1614364,8794449,8794449,2525671,3279271,1786149,
    3279271,2225277,566269,1427788,3279271,6003611,8458587,5632143,2588701,1137275,5606840,2588701,2588701,1302688,6969891,
    5641761,1542015,1120821,2588701,5606840,2588701,2588701,1912359,7594916,8794449,3279271,6003611,8458587,2588701,6969891,
    2588701,3557729,1542015,7594916,1120821,5991231,1996912,1137275,1996912,1302688,3557729,1912359,1302688,5641761,1542015,
    5632143,3557729,7594916,1316766,6969891,2588701,3557729,1614364,8794449,1427788,566269,2525671,8458587,2225277,8794449,
    1427788,566269,1427788,2937043,8090913,1786149,613247,2937043,1996912,7594916,2588701,7594916,2588701,5606840,7594916,
    1120821,1996912,7594916,1912359,3557729,1542015,1302688,1302688,7594916,2937043,7767974,123413,2937043,7594916,4361753,
    4639684,7594916,9085190,6651929,613247,1542015,5632143,1996912,7594916,7594916,2588701,3557729,6969891,3557729,2937043,
    5641761,1786149,613247,2937043,5641761,2525671,6318408,5641761,2937043,4111266,4639684,2937043,1996912,1137275,1302688,
    6969891,1912359,1316766,7594916,3557729,5641761,1302688,5632143,5991231,5632143,1542015,1996912,1912359,5606840,5606840,
    5606840,1120821,7594916,8142419,1316766,4361962,1542015,3753688,4639684,1614364,743293,1427788,2937043,1624432,2556538,
    5641761,1786149,2937043,7767974,566269,5632143,1302688,2588701,7594916,2588701,1316766,6969891,5632143,5991231,5632143,
    1302688,2588701,7594916,2588701,6969891,7594916,1614364,8652168,566269,2237146,566269,566269,7767974,2937043,1427788,
    566269,8652168,2937043,8090913,1786149,613247,2937043,1542015,6969891,6969891,1316766,3557729,1316766,1316766,1316766,
    6969891,6347114,5991231,5632143,1542015,1302688,1302688,1316766,1316766,3557729,1120821,7594916,4361753,5641761,4361962,
    3557729,5504183,1912359,8090913,1614364,7767974,123413,2937043,1316766,1137275,6969891,1302688,1996912,2588701,2588701,
    1912359,1302688,5641761,1316766,6347114,5991231,7594916,8142419,1302688,1996912,1316766,6969891,9085190,8090913,1912359,
    1996912,6347114,1996912,1302688,2588701,2588701,1316766,1996912,1996912,1316766,1614364,5632143,5991231,5632143,1912359,
    7594916,7594916,1302688,7594916,7594916,1614364,5641761,2525671,6318408,5641761,2937043,1427788,566269,5991231,5991231,
    1542015,1137275,1542015,3557729,7594916,2588701,1316766,1542015,7594916,2588701,3557729,1912359,1316766,1316766,5606840,
    5641761,1996912,5606840,6347114,7594916,4361753,613247,5606840,1912359,1912359,1316766,6969891,2537456,4361962,4361962,
    4639684,1614364,6347114,3557729,1302688,5606840,5606840,1316766,1316766,6969891,1302688,7594916,3557729,1614364,6347114,
    7594916,8142419,1996912,2588701,5504183,9085190,6969891,7838613,1302688,2937043,5641761,1786149,613247,2937043,5641761,
    1786149,613247,2937043,5641761,1786149,613247,2937043,5641761,1786149,613247,2937043,5641761,1786149,613247,2937043,
    5641761,2525671,6318408,5641761,2937043,4111266,4639684,2937043,1427788,1170709,7594916,8142419,8652168,1996912,5504183,
    1996912,5641761,1316766,8090913,3557729,6347114,7594916,8142419,4361962,1996912,5606840,5504183,1302688,2588701,2937043,
    1624432,2556538,5641761,1786149,2937043,4111266,4639684,2937043,7594916,4361753,3557729,7594916,6651929,2588701,5641761,
    1996912,5632143,5991231,5632143,1302688,1542015,1542015,1316766,7594916,1316766,1614364,743293,1427788,2937043,1624432,
    2556538,5641761,1786149,2937043,4111266,4639684,2937043,1996912,1137275,1912359,2588701,1996912,5641761,1542015,1120821,
    7594916,4361753,3557729,1542015,1302688,1996912,8090913,6969891,743293,1427788,2937043,1624432,2556538,5641761,1786149,
    2937043,4111266,4639684,2937043,1427788,1170709,5632143,1542015,1137275,1316766,2588701,1912359,2588701,6969891,5641761,
    1542015,1120821,1542015,7594916,3557729,1542015,7594916,2588701,2588701,2937043,1624432,2556538,5641761,1786149,2937043,
    4111266,4639684,2937043,1427788,1170709,1542015,1137275,2588701,1302688,1912359,1542015,1912359,5641761,1542015,1120821,
    5606840,1137275,1316766,2588701,1912359,1542015,3557729,2588701,5641761,1302688,2937043,1624432,2556538,5641761,1786149,
    2937043,1427788,566269,5991231,5632143,1996912,3557729,7594916,1996912,1542015,7594916,5606840,5632143,5991231,5632143,
    1912359,3557729,3557729,1996912,1912359,6969891,1614364,1614364,1120821,5991231,1542015,1137275,6969891,3557729,1316766,
    6969891,5641761,3557729,1120821,1996912,1996912,1996912,1316766,6969891,6969891,3557729,1996912,2588701,1912359,1614364,
    6347114,7594916,4361753,1996912,1912359,1912359,1542015,5606840,1542015,1302688,2937043,5641761,2525671,6318408,5641761,
    4111266,4639684,5991231,5632143,1996912,1137275,1302688,1302688,5606840,2588701,5606840,5641761,1542015,1120821,7594916,
    4361753,4639684,5504183,1912359,1302688,7838613,1614364,1120821,7594916,8142419,5606840,1302688,1542015,6969891,8652168,
    1996912,743293,1427788,2937043,1624432,2556538,5641761,1786149,2937043,1427788,566269,5632143,3557729,3557729,1316766,
    3557729,1912359,3557729,1120821,5991231,7594916,4361753,2588701,3557729,2537456,1302688,7594916,1120821,7594916,4361753,
    6651929,4361962,1542015,5641761,3753688,613247,1614364,5641761,2525671,6318408,5641761,2937043,3606656,8458587,2225277,
    8794449,566269,7117100,2937043,1427788,566269,7838613,2937043,1427788,566269,5991231,5991231,1996912,3557729,7594916,
    1542015,7594916,3557729,1996912,5632143,3557729,1137275,1302688,1912359,1542015,7594916,3557729,5641761,1542015,1614364,
    1120821,5991231,5632143,1996912,1137275,5606840,3557729,3557729,1302688,5606840,2588701,5641761,1302688,5632143,5991231,
    5632143,1542015,7594916,1542015,1912359,2588701,1316766,1614364,1614364,1614364,1120821,1316766,1137275,1302688,1996912,
    1542015,1996912,1316766,5641761,1302688,2937043,5641761,1786149,613247,2937043,5641761,2525671,6318408,5641761,2937043,
    4111266,4639684,2937043,5606840,6969891,1302688,1542015,3557729,6969891,6969891,5632143,5991231,5632143,1542015,1137275,
    1316766,1912359,1996912,1542015,1996912,5641761,1542015,1614364,743293,1427788,2937043,1624432,2556538,5641761,1786149,
    2937043,1427788,566269,2588701,1912359,1542015,3557729,1542015,2588701,1996912,3557729,1912359,5606840,6347114,2588701,
    1137275,7594916,1542015,6969891,1996912,2588701,3557729,1996912,5641761,1912359,2937043,5641761,2525671,6318408,5641761,
    4111266,4639684,2937043,1427788,1170709,5991231,5991231,5632143,1302688,7594916,1996912,1996912,2588701,1302688,1120821,
    5632143,1996912,1316766,5606840,3557729,2588701,1302688,1614364,1120821,3557729,1137275,6969891,3557729,1996912,1912359,
    7594916,3557729,5641761,1302688,1614364,5632143,5991231,5632143,3557729,1912359,1542015,1912359,3557729,5606840,1614364,
    1624432,2556538,5641761,1786149,2937043,1427788,566269,5991231,7594916,8142419,1912359,1316766,1912359,5606840,1302688,
    1120821,1996912,1137275,2588701,2588701,1542015,6969891,1996912,1316766,1316766,5641761,1912359,1614364,5632143,5991231,
    5632143,3557729,1302688,1316766,1316766,6969891,3557729,1614364,5641761,2525671,6318408,5641761,2937043,2225277,3279271,
    3322816,566269,2225277,1120821,6904463,3279271,1786149,7767974,1624432,2937043,3753688,2937043,8652168,566269,2525671,
    743293,566269,2225277,2937043,8652168,566269,3322816,2937043,8090913,1786149,613247,2937043,8652168,2937043,3322816,
    566269,2525671,1170709,566269,2225277,2937043,3322816,566269,3753688,2937043,8090913,1786149,613247,2937043,3322816,
    2937043,8652168,566269,3322816,2937043,7767974,123413,2937043,8652168,2937043,3322816,566269,7594916,4361753,9085190,
    4361962,6969891,1302688,6969891,2588701,6969891,8090913,6347114,1996912,1137275,1912359,1542015,3557729,1542015,1302688,
    1542015,6969891,5641761,1912359,2937043,1427788,566269,8652168,2937043,8090913,1786149,613247,2937043,3322816,2937043,
    8652168,566269,5632143,1912359,1316766,1996912,1912359,1316766,1542015,1120821,1996912,1137275,3557729,1316766,2588701,
    1912359,6969891,1302688,5606840,5641761,1912359,2937043,1427788,566269,1427788,2937043,7767974,123413,2937043,8652168,
    2937043,5641761,1786149,613247,2937043,5641761,1786149,613247,2937043,5641761,2525671,6318408,5641761,2937043,4111266,
    4639684,2937043,1427788,1170709,3557729,1137275,1912359,3557729,3557729,7594916,1542015,6969891,5641761,1302688,5632143,
    5991231,5632143,1996912,1137275,1996912,2588701,5606840,6969891,3557729,5641761,1542015,1614364,1624432,2556538,5641761,
    1786149,2937043,4111266,4639684,2937043,1427788,1170709,3557729,1137275,1316766,1302688,1542015,5606840,1912359,1316766,
    5641761,1302688,5632143,7594916,8142419,8652168,1302688,1316766,6969891,2937043,1624432,2556538,5641761,1786149,2937043,
    1427788,566269,5632143,2588701,1137275,6969891,1302688,1302688,1542015,1996912,5641761,1542015,1120821,7594916,4361753,
    3557729,1996912,1996912,3753688,4639684,1912359,1542015,4361962,6347114,1542015,1137275,3557729,1316766,1912359,1542015,
    1302688,1912359,5641761,1302688,2937043,5641761,2525671,6318408,5641761,4111266,4639684,2937043,1427788,1170709,1316766,
    1137275,3557729,2588701,1912359,5606840,1996912,1316766,1996912,5606840,5641761,1316766,6347114,1996912,1137275,6969891,
    6969891,3557729,6969891,1912359,1316766,1996912,5641761,1912359,2937043,1624432,2556538,5641761,1786149,2937043,1427788,
    566269,7594916,4361753,6969891,1316766,1542015,7594916,1302688,1120821,5606840,7594916,6969891,1912359,1912359,7594916,
    5606840,1316766,1996912,1996912,6347114,2588701,1137275,1912359,1542015,3557729,2588701,1316766,2588701,5606840,5641761,
    1912359,2937043,5641761,2525671,6318408,5641761,2937043,8652168,3279271,2237146,566269,1542015,7594916,1302688,7594916,
    3557729,1120821,5632143,1542015,1137275,7594916,1302688,7594916,3557729,5641761,3557729,3279271,2525671,2937043,1427788,
    566269,2237146,566269,566269,8652168,2937043,1427788,566269,1427788,2937043,8090913,1786149,613247,2937043,7594916,
    8142419,8090913,1302688,1912359,9085190,1542015,1542015,1302688,1542015,6347114,7594916,4361753,4361962,1316766,7594916,
    5606840,7594916,5504183,2937043,7767974,123413,2937043,1996912,3557729,5606840,1542015,6969891,6969891,7594916,1542015,
    1912359,1542015,6347114,7594916,8142419,7838613,3557729,4361962,5606840,5641761,2588701,2937043,5641761,1786149,613247,
    2937043,5641761,2525671,6318408,5641761,2937043,4111266,4639684,2937043,7594916,4361753,1996912,7594916,3557729,7838613,
    5504183,2537456,6969891,3557729,1912359,6347114,1996912,1137275,1912359,1542015,3557729,1316766,3557729,2588701,1316766,
    5641761,1912359,743293,1427788,2937043,1624432,2556538,5641761,1786149,2937043,1427788,566269,5632143,3557729,1302688,
    5606840,1542015,1302688,1996912,1120821,5606840,1137275,2588701,5606840,5606840,1996912,6969891,1302688,5641761,1302688,
    743293,566269,3557729,1137275,2588701,3557729,6969891,2588701,3557729,3557729,1996912,1996912,5641761,1316766,6347114,
    1542015,1996912,6969891,1542015,7594916,1912359,1542015,2937043,3606656,8458587,2225277,8794449,566269,1427788,2937043,
    1427788,566269,7594916,8142419,1996912,1912359,6651929,7594916,7594916,8090913,9085190,7838613,5606840,6347114,7594916,
    4361753,1996912,8090913,2588701,2588701,1996912,7594916,6969891,2937043,5641761,2525671,6318408,5641761,2937043,4503935,
    4140023,8458587,5991231,1316766,1137275,1996912,2588701,2588701,1996912,1542015,5641761,1542015,5632143,6969891,1137275,
    3557729,6969891,2588701,7594916,5606840,5641761,1542015,1614364,1120821,7594916,4361753,2588701,1996912,1912359,2588701,
    613247,8794449,566269,5632143,1302688,1996912,1316766,7594916,3557729,5606840,1120821,1912359,1137275,1316766,1316766,
    5606840,1996912,5606840,5606840,5641761,1302688,2937043,4503935,4140023,8458587,7594916,4361753,1996912,1912359,1912359,
    7838613,1120821,5632143,1542015,6969891,6969891,1542015,8794449,566269,1786149,1170709,4503935,4140023,8458587,2588701,
    6969891,5606840,1316766,1316766,3557729,1912359,2588701,1996912,6347114,7594916,4361753,5606840,9085190,7594916,1996912,
    1996912,1316766,8794449,1427788,566269,4503935,4140023,8458587,1996912,1302688,3557729,1316766,3557729,1302688,2588701,
    1996912,2588701,6347114,6969891,1137275,1996912,1542015,1316766,1996912,2588701,2588701,5641761,1302688,8794449,8090913,
    1786149,613247,2937043,1996912,2588701,6969891,1316766,7594916,3557729,3557729,2588701,1316766,2588701,6347114,7594916,
    8142419,1996912,2537456,1996912,6651929,1912359,3557729,1996912,2937043,7767974,123413,2937043,1996912,1137275,2588701,
    6969891,1542015,1542015,1912359,1996912,1912359,5641761,1912359,5632143,1316766,1137275,1996912,1996912,7594916,7594916,
    5606840,5641761,1542015,2937043,5641761,1786149,613247,2937043,5641761,1786149,613247,2937043,5641761,1786149,613247,
    2937043,5641761,2525671,6318408,5641761,2937043,4111266,4639684,2937043,2588701,1996912,1912359,1316766,3557729,1996912,
    6969891,2588701,2588701,6969891,6347114,7594916,4361753,1996912,2588701,1316766,7594916,8652168,2588701,3753688,743293,
    1427788,2937043,1624432,2556538,5641761,1786149,2937043,4111266,4639684,2937043,1302688,2588701,1996912,1542015,6969891,
    1302688,2588701,5632143,1996912,7594916,3557729,7594916,1542015,1302688,1302688,743293,1427788,2937043,1624432,2556538,
    5641761,1786149,2937043,4111266,4639684,2937043,1427788,1170709,5632143,6969891,1137275,1302688,7594916,1912359,1912359,
    1996912,5641761,1542015,1120821,2588701,1996912,6969891,1912359,1542015,2588701,7594916,5606840,6969891,3557729,6347114,
    1996912,1137275,5606840,3557729,3557729,1542015,5606840,1996912,1912359,5641761,1912359,2937043,1624432,2556538,5641761,
    1786149,2937043,2237146,3279271,2525671,566269,1786149,7767974,1624432,2937043,3322816,3279271,3753688,1120821,2525671,
    2937043,2225277,566269,6904463,743293,566269,2525671,2937043,2225277,566269,2237146,2937043,8090913,1786149,613247,
    2937043,2225277,2937043,2237146,566269,6904463,1170709,566269,2525671,2937043,2237146,566269,3322816,2937043,8090913,
    1786149,613247,2937043,2237146,2937043,2225277,566269,2237146,2937043,7767974,123413,2937043,2225277,2937043,2237146,
    566269,7594916,4361753,1996912,1996912,1316766,7838613,7594916,2537456,1912359,6651929,6347114,7594916,8142419,3557729,
    2537456,8652168,2588701,7594916,1996912,2937043,1427788,566269,2225277,2937043,8090913,1786149,613247,2937043,2237146,
    2937043,2225277,566269,6969891,1137275,1996912,6969891,1542015,1316766,1542015,1996912,5641761,1302688,5632143,5991231,
    5632143,6969891,1316766,1912359,1996912,2588701,1302688,1614364,1427788,566269,1427788,2937043,7767974,123413,2937043,
    2225277,2937043,5641761,2525671,6318408,5641761,4111266,4639684,2937043,1427788,1170709,6969891,1137275,2588701,7594916,
    7594916,1996912,5641761,3557729,1120821,7594916,8142419,3557729,7838613,1316766,1912359,1912359,7838613,2937043,1624432,
    2556538,5641761,1786149,2937043,1427788,566269,3606656,8458587,2556538,8458587,1912359,1542015,7594916,3557729,1316766,
    1996912,1316766,7594916,6969891,6347114,7594916,8142419,613247,1316766,1996912,7594916,8090913,2588701,8794449,8794449,
    1427788,566269,1427788,2937043,8090913,1786149,613247,2937043,1542015,1137275,3557729,1996912,5606840,1302688,1316766,
    1996912,5641761,1302688,5632143,5991231,1912359,1137275,1542015,1996912,1302688,1912359,5641761,3557729,5632143,1912359,
    6969891,3557729,5606840,1302688,5606840,1614364,7767974,123413,2937043,7594916,8142419,613247,1316766,4361962,1542015,
    1542015,1120821,1996912,1137275,1996912,1542015,1302688,1996912,1912359,1542015,1996912,5641761,1912359,2937043,5641761,
    2525671,6318408,5641761,2937043,8652168,566269,3557729,1137275,6969891,7594916,1316766,1542015,1996912,1912359,5641761,
    1302688,5632143,5991231,5632143,2588701,1137275,1542015,3557729,2588701,1316766,3557729,5641761,1542015,1614364,1427788,
    566269,1786149,743293,8652168,2937043,1427788,566269,1427788,2937043,8090913,1786149,613247,2937043,7594916,8142419,
    1912359,3557729,1302688,8090913,1316766,1120821,1996912,1137275,5606840,2588701,2588701,1302688,1912359,1912359,5641761,
    1302688,2937043,7767974,123413,5991231,5991231,1302688,7594916,6969891,1542015,1302688,1912359,5632143,5991231,5632143,
    5606840,5606840,1912359,6969891,1316766,1120821,7594916,8142419,3557729,9085190,5606840,2588701,4361962,1316766,8652168,
    1996912,6347114,1302688,1137275,1912359,3557729,1542015,1542015,5606840,5641761,1302688,1614364,1614364,1120821,1996912,
    5606840,1912359,5606840,1912359,1912359,1316766,5606840,1614364,5632143,1542015,1137275,1542015,6969891,1996912,7594916,
    1302688,5641761,1542015,2937043,5641761,1786149,613247,2937043,5641761,2525671,6318408,5641761,2937043,4111266,4639684,
    2937043,1427788,1170709,2588701,1137275,6969891,1542015,3557729,3557729,5606840,6969891,1996912,1316766,5641761,1316766,
    6347114,1542015,1137275,1912359,6969891,6969891,1996912,2588701,1302688,5641761,1302688,5632143,1996912,1137275,6969891,
    1302688,1542015,6969891,1302688,5641761,1542015,2937043,1624432,2556538,5641761,1786149,2937043,5793077,566269,4458139,
    5991231,1316766,1137275,6969891,3557729,1996912,6969891,1316766,5641761,1542015,1120821,5991231,5632143,2588701,3557729,
    2588701,1912359,1302688,5606840,1120821,5632143,1302688,1137275,1996912,2588701,1316766,6969891,5641761,1542015,1614364,
    1614364,9085190,566269,4639684,8458587,5793077,8794449,5260148,3279271,1427788,566269,9085190,3279271,2588701,1137275,
    1316766,7594916,1316766,6969891,6969891,1996912,5641761,1302688,5632143,7594916,8142419,1996912,2537456,1302688,5504183,
    9085190,2937043,5641761,2525671,6318408,5641761,4111266,4639684,2937043,7594916,8142419,1542015,3753688,1302688,7594916,
    1542015,2588701,4361962,2537456,6347114,1996912,6969891,1542015,1542015,7594916,5606840,1302688,1316766,743293,1427788,
    2937043,1624432,2556538,5641761,1786149,2937043,1427788,566269,3606656,8458587,2556538,8458587,7594916,4361753,1542015,
    5641761,8090913,9085190,613247,4361962,1302688,5606840,6347114,1996912,1137275,5606840,3557729,1302688,7594916,5606840,
    1542015,1542015,5641761,1912359,8794449,8794449,1786149,566269,6003611,8458587,5632143,1302688,1137275,7594916,6969891,
    6969891,1912359,5606840,5641761,1542015,1120821,1302688,1137275,7594916,6969891,6969891,1912359,3557729,5641761,1542015,
    8794449,2525671,566269,3606656,8458587,2556538,8458587,3557729,1912359,7594916,2588701,6969891,1542015,1302688,1996912,
    6347114,1996912,1137275,1996912,1912359,1542015,1912359,5606840,6969891,5641761,1302688,8794449,8794449,2225277,566269,
    2525671,8458587,1786149,8794449,2525671,566269,3557729,1137275,1316766,1302688,1302688,6969891,6969891,5641761,1542015,
    1120821,5632143,3557729,1316766,1302688,1302688,6969891,1316766,2937043,8652168,566269,2225277,5632143,2525671,2937043,
    1427788,8458587,1786149,8794449,566269,8652168,2937043,8652168,566269,5632143,1912359,1316766,6969891,2588701,7594916,
    1996912,1120821,1912359,1137275,1316766,6969891,2588701,7594916,1996912,5641761,1542015,2937043,2525671,566269,3606656,
    8458587,2556538,8458587,5606840,1137275,1912359,7594916,3557729,1542015,1912359,5641761,1542015,1120821,5632143,5606840,
    1912359,7594916,3557729,1542015,1302688,8794449,8794449,2225277,566269,2525671,8458587,1786149,8794449,1427788,566269,
    8652168,566269,566269,2225277,2937043,1427788,566269,1427788,2937043,8090913,1786149,613247,5632143,2588701,1316766,
    6969891,1302688,6969891,1120821,7594916,4361753,8652168,7594916,3557729,6969891,3557729,1912359,2937043,7767974,123413,
    2937043,1996912,1996912,5606840,7594916,5606840,5606840,7594916,1316766,5632143,5991231,5632143,5606840,5606840,1996912,
    1302688,1996912,1996912,1614364,5641761,2525671,6318408,5641761,2937043,1427788,566269,7594916,8142419,5606840,7594916,
    7594916,1542015,6651929,8652168,5632143,5991231,5632143,5606840,2588701,7594916,1316766,5606840,1996912,1614364,5641761,
    1786149,613247,2937043,5641761,1786149,613247,2937043,5641761,2525671,6318408,5641761,2937043,4111266,4639684,2937043,
    7594916,8142419,1542015,1996912,1316766,1316766,6969891,1912359,8090913,1316766,6347114,1996912,1137275,2588701,1302688,
    1996912,1996912,1316766,1302688,5641761,1912359,743293,1427788,2937043,1624432,2556538,5641761,1786149,2937043,4111266,
    4639684,2937043,1996912,1137275,7594916,1316766,1316766,1316766,2588701,3557729,1302688,6969891,3557729,5641761,6969891,
    6347114,1302688,6969891,3557729,3557729,1302688,7594916,1996912,743293,1427788,2937043,1624432,2556538,5641761,1786149,
    2937043,1427788,566269,1996912,1137275,5606840,3557729,6969891,1302688,1302688,7594916,1302688,5641761,1912359,5632143,
    5991231,5991231,5632143,1996912,1137275,7594916,6969891,1316766,1912359,6969891,2588701,5641761,1302688,5632143,5991231,
    5632143,3557729,1542015,7594916,1302688,1996912,2588701,1614364,1614364,1120821,7594916,4361753,6969891,1542015,9085190,
    6969891,6969891,1614364,5641761,2525671,6318408,5641761,4111266,4639684,2937043,1542015,1137275,1302688,7594916,7594916,
    6969891,3557729,1542015,5641761,1302688,5632143,5991231,5632143,1302688,2588701,1316766,1912359,1542015,1614364,743293,
    1427788,2937043,1624432,2556538,5641761,1786149,2937043,1427788,566269,1542015,1912359,1996912,2588701,6969891,1302688,
    1542015,5632143,5991231,5991231,1996912,1542015,3557729,1912359,1302688,7594916,5606840,6969891,1302688,7594916,5632143,
    5606840,1137275,1316766,1912359,7594916,1302688,1316766,5641761,1542015,1614364,6347114,5991231,5632143,3557729,2588701,
    6969891,1912359,3557729,1120821,6969891,1137275,1996912,6969891,1542015,1542015,1542015,1542015,5641761,1302688,1614364,
    1120821,5632143,1996912,2588701,2588701,3557729,6969891,3557729,1614364,5641761,2525671,6318408,5641761,2937043,4503935,
    4140023,8458587,5632143,1542015,1996912,1912359,6969891,6969891,6969891,1120821,1542015,1996912,1316766,2588701,1996912,
    1912359,8794449,566269,5606840,1137275,1302688,5606840,6969891,6969891,3557729,3557729,1542015,5606840,3557729,1316766,
    1316766,1302688,1542015,6969891,5641761,1996912,1542015,6347114,7594916,4361753,1996912,5606840,1542015,3753688,1996912,
    1542015,5641761,1912359,3753688,5504183,9085190,1996912,2937043,4503935,4140023,8458587,3557729,1302688,5606840,5606840,
    1996912,3557729,1912359,1996912,1302688,6347114,7594916,8142419,3557729,1316766,2588701,5606840,6969891,5606840,8794449,
    566269,3606656,8458587,2556538,8458587,7594916,4361753,5641761,9085190,1542015,1542015,1542015,5632143,7594916,8142419,
    5641761,9085190,1542015,1542015,3557729,8794449,8794449,4503935,4140023,8458587,5632143,1302688,2588701,7594916,6969891,
    1302688,5606840,5632143,5991231,5632143,1302688,2588701,1996912,1996912,1912359,1316766,1614364,8794449,566269,3606656,
    8458587,2556538,8458587,7594916,8142419,9085190,1542015,1542015,5606840,8090913,1120821,5991231,5991231,5632143,1996912,
    1996912,1542015,5606840,1302688,6969891,1912359,5632143,5991231,5632143,2588701,1316766,3557729,5606840,2588701,1614364,
    1614364,5632143,5991231,7594916,4361753,1542015,1316766,2588701,6969891,2537456,5632143,1912359,1137275,3557729,5606840,
    1302688,1302688,1912359,5641761,1542015,1614364,1614364,8794449,8794449,4503935,4140023,8458587,5991231,1996912,1302688,
    1316766,6969891,1542015,5606840,6969891,5632143,5991231,1996912,1302688,3557729,5606840,1542015,5606840,6969891,5632143,
    5991231,5991231,7594916,4361753,1302688,1302688,5606840,6969891,5606840,5632143,1316766,1912359,1912359,5606840,2588701,
    2588701,1996912,1302688,6347114,2588701,1137275,1996912,5606840,1996912,1542015,5606840,1912359,5641761,1302688,1614364,
    5632143,5991231,5632143,1302688,1996912,1996912,6969891,1302688,1912359,1614364,1614364,1614364,1614364,1120821,5632143,
    1912359,5606840,1912359,2588701,1542015,1316766,8794449,566269,4458139,5991231,3557729,1137275,2588701,1912359,7594916,
    1316766,6969891,5641761,1542015,1120821,5991231,5632143,5606840,1137275,3557729,5606840,1316766,1912359,1996912,5641761,
    1542015,5632143,5991231,5991231,7594916,8142419,1316766,6969891,5606840,3557729,1912359,5632143,7594916,8142419,6651929,
    1302688,4639684,3753688,6969891,1614364,1120821,3557729,6969891,3557729,5606840,2588701,1542015,1614364,1614364,1614364,
    4503935,4140023,8458587,6969891,5606840,1302688,2588701,1542015,5606840,5632143,6969891,5606840,1302688,7594916,5606840,
    1912359,8794449,566269,4503935,4140023,8458587,5632143,1302688,1137275,2588701,6969891,1316766,1316766,2588701,5641761,
    1542015,5632143,5991231,5632143,1302688,5606840,7594916,7594916,6969891,1912359,1614364,8794449,5991231,4503935,4140023,
    8458587,5991231,2588701,1137275,1912359,2588701,1996912,1316766,6969891,7594916,1316766,1542015,6969891,5641761,6969891,
    5632143,1302688,5606840,7594916,1316766,3557729,2588701,1614364,6347114,7594916,8142419,6651929,2588701,8652168,5606840,
    3557729,1316766,8794449,3279271,4503935,4140023,8458587,5606840,1137275,1542015,5606840,1542015,6969891,6969891,5641761,
    1542015,5632143,5606840,1137275,1542015,5606840,5606840,1316766,1996912,5641761,1542015,8794449,1614364,4503935,4140023,
    8458587,5632143,5606840,1137275,1316766,1912359,1912359,1302688,1542015,5641761,1542015,1120821,5991231,5632143,3557729,
    1302688,1996912,5606840,2588701,1542015,5632143,5991231,5632143,1316766,1137275,3557729,6969891,5606840,7594916,5606840,
    5641761,1542015,1614364,1614364,8794449,566269,4503935,4140023,8458587,5632143,1996912,1912359,1542015,5606840,1542015,
    6969891,5632143,5991231,5632143,1996912,1137275,1912359,1542015,1542015,1912359,5606840,5641761,1542015,1614364,8794449,
    8458587,4503935,4140023,8458587,5991231,3557729,1137275,1542015,2588701,1316766,1996912,5641761,1542015,5632143,5991231,
    5632143,1302688,1542015,1912359,1996912,6969891,1316766,1120821,5606840,1137275,1302688,1302688,6969891,5641761,1542015,
    1614364,1614364,5632143,1996912,1137275,5606840,1302688,1542015,5606840,1912359,1302688,5641761,1316766,6347114,5991231,
    7594916,4361753,3557729,9085190,4639684,7594916,4639684,1120821,1996912,1302688,1316766,1542015,6969891,2588701,1302688,
    1614364,8794449,8794449,4503935,4140023,8458587,5632143,1302688,5606840,1316766,1302688,1996912,3557729,5632143,5991231,
    5632143,1302688,5606840,1316766,1316766,2588701,6969891,1614364,8794449,566269,3606656,8458587,2556538,8458587,7594916,
    4361753,6969891,5606840,7838613,613247,1996912,1912359,8652168,6969891,6347114,5991231,5632143,1316766,7594916,1302688,
    1302688,2588701,1120821,1996912,1137275,2588701,3557729,1996912,2588701,2588701,2588701,5641761,1912359,1614364,8794449,
    8794449,1427788,3279271,2537456,566269,7594916,8142419,5606840,1316766,1316766,3557729,2588701,613247,5632143,7594916,
    8142419,1302688,5606840,1912359,5606840,1302688,3279271,4503935,4140023,8458587,1912359,1996912,1996912,1996912,1316766,
    1302688,1912359,1542015,6969891,6347114,1316766,2588701,1302688,6969891,1302688,1996912,1996912,8794449,4503935,4140023,
    8458587,5632143,1302688,1137275,7594916,1316766,1996912,1996912,1996912,5641761,1542015,5632143,5991231,5632143,1302688,
    7594916,1316766,5606840,2588701,1542015,1614364,8794449,566269,4503935,4140023,8458587,5632143,2588701,1996912,5606840,
    1912359,1996912,6969891,1120821,7594916,8142419,5606840,3557729,5606840,2537456,5641761,8794449,8458587,2537456,8794449,
    4503935,4140023,8458587,1996912,6969891,6969891,1912359,2588701,7594916,1316766,5606840,6969891,3557729,6347114,1316766,
    5606840,6969891,1996912,1302688,5606840,1996912,8794449,3279271,1786149,566269,5632143,5606840,1137275,1996912,3557729,
    1302688,1542015,1996912,5641761,1542015,1120821,1996912,1137275,3557729,1996912,3557729,6969891,3557729,6969891,1542015,
    5641761,1912359,3279271,4503935,4140023,8458587,1316766,1137275,1316766,7594916,7594916,1996912,1912359,5641761,1542015,
    1120821,5632143,1316766,1137275,1912359,6969891,1316766,7594916,5606840,5641761,1542015,8794449,4503935,4140023,8458587,
    7594916,8142419,3557729,8090913,1996912,6651929,7594916,2588701,613247,1912359,6347114,5991231,1316766,1137275,1316766,
    1316766,1542015,7594916,1542015,1912359,5641761,1302688,5632143,5991231,5632143,1316766,1137275,5606840,7594916,1996912,
    3557729,1912359,5641761,1542015,1614364,1614364,8794449,566269,1786149,5991231,8652168,4140023,1614364,2537456,3279271,
    1786149,566269,4503935,4140023,8458587,1316766,3557729,5606840,7594916,7594916,1912359,1120821,5632143,1316766,3557729,
    2588701,1912359,6969891,2588701,8794449,3279271,4503935,4140023,8458587,7594916,4361753,1996912,5606840,2588701,3753688,
    4361962,1120821,5632143,1912359,1316766,5606840,2588701,1302688,8794449,5641761,1786149,613247,2937043,5641761,2525671,
    6318408,5641761,2937043,4111266,4639684,2937043,1427788,1170709,7594916,4361753,1302688,8090913,3557729,2537456,1542015,
    1996912,8090913,6651929,6347114,2588701,7594916,3557729,2588701,6969891,3557729,1316766,1996912,2937043,1624432,2556538,
    5641761,1786149,2937043,1427788,566269,5632143,1996912,2588701,1996912,1542015,1996912,1316766,1120821,7594916,8142419,
    3557729,5504183,1996912,1912359,1912359,3557729,2937043,5641761,2525671,6318408,5641761,2937043,2525671,566269,3753688,
    1120821,2525671,2937043,8652168,3279271,2237146,566269,2525671,1170709,566269,6904463,3279271,1786149,7767974,1624432,
    2937043,3322816,2937043,8652168,566269,2237146,2937043,8090913,1786149,613247,2937043,8652168,2937043,2237146,566269,
    2525671,743293,566269,6904463,2937043,2237146,566269,3322816,2937043,8090913,1786149,613247,2937043,2237146,2937043,
    8652168,566269,2237146,2937043,7767974,123413,2937043,8652168,2937043,2237146,566269,7594916,4361753,3557729,6651929,
    7838613,6651929,7594916,5606840,5632143,5606840,1912359,1316766,1542015,1542015,1316766,2937043,1427788,566269,8652168,
    2937043,8090913,1786149,613247,2937043,2237146,2937043,8652168,566269,5991231,7594916,4361753,6969891,1316766,3557729,
    5504183,1302688,5632143,5991231,5632143,5606840,1137275,1542015,2588701,1302688,1302688,1996912,5641761,1542015,1614364,
    1614364,1120821,1996912,1542015,3557729,1996912,1302688,3557729,2588701,3557729,2937043,1427788,566269,1427788,2937043,
    7767974,123413,2937043,8652168,2937043,5641761,1786149,613247,2937043,5641761,1786149,613247,2937043,5641761,1786149,
    613247,2937043,5641761,1786149,613247,2937043,5641761,2525671,6318408,5641761,2937043,4111266,4639684,2937043,1302688,
    1137275,5606840,5606840,5606840,1302688,1302688,5641761,1542015,1120821,1302688,3557729,1996912,7594916,7594916,6969891,
    1996912,743293,1427788,2937043,1624432,2556538,5641761,1786149,2937043,4111266,4639684,2937043,1427788,1170709,1542015,
    1137275,6969891,1996912,6969891,1302688,7594916,1996912,5641761,1302688,5632143,5991231,5632143,1912359,1137275,2588701,
    7594916,1316766,7594916,1912359,5641761,1542015,1614364,1624432,2556538,5641761,1786149,2937043,4111266,4639684,2937043,
    1427788,743293,5632143,2588701,1137275,1912359,6969891,6969891,1542015,1316766,5641761,1542015,1120821,1302688,3557729,
    1302688,1316766,2588701,1912359,3557729,2937043,1624432,2556538,5641761,1786149,2937043,4111266,4639684,2937043,1996912,
    5606840,6969891,1996912,2588701,1996912,3557729,3557729,7594916,6969891,6347114,5991231,7594916,8142419,2588701,1302688,
    4639684,2588701,1542015,1542015,5504183,9085190,6347114,1912359,1302688,1996912,7594916,1912359,1542015,3557729,1614364,
    743293,1427788,2937043,1624432,2556538,5641761,1786149,2937043,8652168,3279271,6904463,566269,4458139,5991231,1542015,
    1137275,1996912,1316766,1912359,1316766,5641761,1542015,1120821,5632143,3557729,1137275,1316766,7594916,2588701,1316766,
    2588701,5641761,1542015,1614364,3279271,4458139,5991231,5632143,1996912,7594916,7594916,3557729,1316766,3557729,3557729,
    1120821,7594916,8142419,4639684,4361962,9085190,3753688,6651929,1614364,1427788,566269,4639684,8458587,8652168,8794449,
    1786149,566269,3606656,8458587,2556538,8458587,5632143,2588701,1137275,1542015,1316766,1996912,2588701,1302688,5641761,
    1542015,5632143,5991231,5632143,2588701,1542015,1316766,1996912,5606840,7594916,1614364,8794449,8794449,7767974,566269,
    4458139,5991231,5991231,6969891,7594916,1912359,1912359,1316766,1996912,1120821,5632143,1996912,1996912,1996912,1316766,
    1302688,1542015,2588701,1614364,5632143,5991231,5632143,1542015,1542015,1542015,6969891,1316766,3557729,1120821,5606840,
    1137275,7594916,1302688,1542015,1542015,6969891,5641761,1542015,1614364,1614364,2525671,566269,4639684,8458587,6904463,
    8794449,2237146,566269,4639684,8458587,7767974,8794449,8142419,566269,9062081,5991231,3557729,1302688,5606840,1542015,
    1996912,1302688,5606840,6969891,1316766,1996912,6347114,2588701,2588701,6969891,1996912,3557729,1542015,1302688,1316766,
    3279271,3318536,749336,1614364,7767974,566269,3318536,2237146,5991231,8142419,1614364,749336,2237146,3279271,3322816,
    566269,5991231,1996912,1302688,1542015,1996912,2588701,1912359,2588701,5632143,7594916,8142419,6969891,5606840,1316766,
    5606840,1996912,1614364,5632143,1996912,1137275,7594916,3557729,1912359,7594916,1302688,1996912,5641761,1302688,3279271,
    3318536,123413,5991231,7767974,1614364,749336,3753688,566269,3322816,8458587,2237146,8794449,6904463,566269,2525671,
    5991231,3753688,1614364,2525671,566269,4458139,5991231,2588701,1137275,1542015,1996912,3557729,1542015,5606840,5641761,
    1542015,1120821,5632143,2588701,1137275,1996912,5606840,5641761,1542015,1614364,2225277,566269,1786149,5991231,6904463,
    3279271,2525671,1614364,1786149,566269,3318536,2225277,5991231,1614364,749336,8652168,566269,1427788,5991231,123413,
    5991231,1786149,1614364,1614364,2225277,566269,3606656,8458587,2556538,8458587,1316766,1912359,5606840,1542015,2588701,
    6969891,1120821,5632143,1316766,1912359,5606840,1542015,2588701,3557729,8794449,8794449,1786149,3279271,1427788,566269,
    8652168,3279271,2225277,2937043,8090913,1786149,613247,2937043,1302688,1137275,1316766,1542015,2588701,5606840,1912359,
    1316766,5641761,1302688,5632143,5991231,5632143,2588701,6969891,7594916,3557729,3557729,6969891,1614364,7767974,123413,
    2937043,2588701,1137275,6969891,1302688,6969891,1996912,6969891,1912359,5641761,1302688,5632143,5991231,5632143,1542015,
    1542015,1996912,3557729,1912359,1542015,1614364,8652168,566269,2225277,2937043,5641761,2525671,6318408,5641761,4111266,
    4639684,2937043,1427788,1170709,1302688,1137275,5606840,3557729,1542015,2588701,1302688,5641761,1542015,1120821,5991231,
    3557729,6969891,6969891,6969891,1912359,1912359,1996912,5632143,5991231,5632143,1316766,1137275,1996912,1912359,7594916,
    3557729,1302688,5641761,1542015,1614364,1614364,1624432,2556538,5641761,1786149,2937043,2525671,3279271,2225277,3279271,
    8652168,566269,7594916,4361753,1542015,1542015,8652168,5641761,1996912,2537456,1302688,1316766,6347114,5991231,2588701,
    7594916,7594916,1316766,7594916,1316766,3557729,6969891,1316766,1302688,6347114,5991231,1996912,1137275,1912359,1996912,
    1302688,7594916,1912359,2588701,1316766,5606840,3557729,5641761,6969891,6347114,1996912,5606840,1316766,3557729,1302688,
    1996912,1912359,1302688,1614364,1614364,5632143,5991231,5632143,1912359,1137275,7594916,3557729,1542015,1542015,1912359,
    5641761,1542015,1614364,3279271,4458139,5991231,1302688,1316766,1542015,3557729,7594916,6969891,3557729,2588701,1542015,
    6347114,5991231,1302688,3557729,1912359,5606840,3557729,1316766,5606840,1316766,1996912,6347114,1996912,1542015,2588701,
    1996912,1302688,3557729,1542015,7594916,1614364,1614364,3279271,5632143,1912359,5606840,1996912,6969891,5606840,2588701,
    1120821,1996912,5606840,1316766,1912359,1912359,1302688,5606840,2588701,2937043,1786149,566269,2225277,5108462,2525671,
    2937043,1427788,566269,8652168,5632143,1786149,2937043,8652168,3279271,1786149,566269,4458139,5991231,2588701,1996912,
    6969891,2588701,1542015,6969891,1302688,7594916,1542015,1996912,6347114,6969891,3557729,1542015,7594916,1302688,1912359,
    6969891,1614364,3279271,1427788,2937043,1427788,566269,8652168,8304311,1786149,2937043,8652168,566269,3318536,1427788,
    749336,1427788,566269,4639684,8458587,4458139,5991231,5991231,5991231,5991231,5632143,5606840,1137275,5606840,2588701,
    1912359,2588701,3557729,5641761,1542015,1120821,5632143,3557729,1137275,1996912,3557729,1316766,7594916,1316766,5641761,
    1542015,1614364,1120821,5991231,5632143,3557729,1137275,6969891,5606840,3557729,1302688,3557729,5641761,1542015,1120821,
    7594916,8142419,1912359,1996912,3753688,5606840,1542015,1614364,1614364,5632143,5991231,5632143,3557729,1137275,1996912,
    2588701,2588701,5606840,1302688,5641761,1542015,5632143,3557729,1137275,5606840,2588701,1996912,1912359,6969891,5641761,
    1542015,1614364,1614364,5632143,5606840,1137275,7594916,1316766,1996912,1996912,5641761,3557729,1614364,8794449,5641761,
    2525671,6318408,5641761,2937043,1427788,566269,7594916,8142419,3557729,5641761,5504183,3753688,1996912,9085190,6969891,
    3557729,6347114,1996912,1542015,1302688,1912359,5606840,1912359,3557729,3557729,2937043,5641761,1786149,613247,2937043,
    5641761,2525671,6318408,5641761,2937043,4111266,4639684,2937043,1427788,1170709,1996912,1137275,2588701,2588701,5606840,
    1316766,1302688,1316766,1316766,1302688,5641761,6969891,6347114,7594916,8142419,3753688,6969891,6651929,6969891,7594916,
    5606840,2937043,1624432,2556538,5641761,1786149,2937043,8652168,3279271,1427788,566269,3318536,749336,3279271,4639684,
    8458587,4458139,5991231,5991231,5632143,1996912,3557729,6969891,1302688,5606840,1912359,5632143,5991231,5632143,1302688,
    5606840,2588701,6969891,5606840,1912359,1614364,1614364,5632143,3557729,1137275,3557729,3557729,1912359,5606840,1302688,
    5641761,1542015,1614364,8794449,5641761,2525671,6318408,5641761,4111266,4639684,2937043,1427788,1170709,1302688,1542015,
    6969891,1912359,1912359,2588701,1120821,1542015,1137275,3557729,1302688,6969891,2588701,6969891,1542015,5641761,1302688,
    2937043,1624432,2556538,5641761,1786149,2937043,1427788,566269,1996912,1137275,1542015,1302688,1996912,7594916,1302688,
    3557729,5606840,5641761,1912359,5632143,5991231,3557729,7594916,1302688,3557729,5606840,7594916,5632143,5991231,5632143,
    1912359,1137275,1996912,5606840,5606840,5606840,5641761,3557729,1614364,1614364,5641761,2525671,6318408,5641761,2937043,
    1786149,3279271,2525671,566269,4458139,5991231,1542015,1137275,1302688,1996912,1302688,5606840,1912359,5641761,1542015,
    1120821,5632143,1542015,1137275,2588701,5606840,1996912,1316766,1912359,5641761,1542015,1614364,3279271,5632143,1542015,
    1542015,2588701,1996912,3557729,3557729,5632143,5991231,5632143,1542015,1137275,1542015,2588701,1996912,3557729,3557729,
    5641761,1542015,1614364,1427788,566269,4639684,8458587,1786149,8794449,2225277,566269,3606656,8458587,2556538,8458587,
    2588701,1316766,7594916,3557729,1302688,1302688,1542015,1996912,6969891,1302688,6347114,5991231,1996912,1542015,1542015,
    1912359,1912359,2588701,2588701,2588701,5632143,5991231,5606840,5606840,1316766,6969891,1302688,1120821,5632143,2588701,
    1137275,1996912,5606840,2588701,2588701,5641761,1542015,1614364,1614364,8794449,8794449,1786149,566269,1427788,5991231,
    2225277,3279271,2525671,1614364,1427788,566269,1542015,1137275,3557729,1912359,1316766,1542015,6969891,6969891,1302688,
    1996912,6969891,5641761,6969891,6347114,2588701,1137275,3557729,1542015,1996912,1996912,1316766,1316766,1996912,5641761,
    1912359,2937043,5641761,1786149,613247,2937043,5641761,1786149,613247,2937043,5641761,2525671,6318408,5641761,2937043,
    4111266,4639684,2937043,1912359,5606840,3557729,1542015,1912359,1316766,1996912,5632143,3557729,1137275,7594916,1912359,
    1316766,1542015,6969891,5641761,1542015,743293,1427788,2937043,1624432,2556538,5641761,1786149,2937043,4111266,4639684,
    2937043,1302688,1316766,1542015,1316766,1996912,1302688,7594916,1912359,7594916,6347114,5991231,7594916,4361753,1996912,
    1912359,1542015,2537456,6651929,1996912,1316766,1302688,5641761,6347114,5991231,7594916,8142419,1996912,7838613,7838613,
    1302688,5606840,1302688,5606840,5632143,2588701,2588701,1542015,1912359,6969891,3557729,1614364,1614364,743293,1427788,
    2937043,1624432,2556538,5641761,1786149,2937043,1427788,566269,1996912,5606840,3557729,5606840,1912359,1316766,1912359,
    5606840,5632143,2588701,1137275,7594916,1302688,1316766,2588701,5606840,5641761,1542015,2937043,5641761,2525671,6318408,
    5641761,4111266,4639684,2937043,1427788,1170709,5632143,6969891,6969891,1316766,1316766,1912359,7594916,1120821,1912359,
    1316766,1542015,7594916,7594916,1912359,1912359,2937043,1624432,2556538,5641761,1786149,2937043,1427788,566269,1996912,
    1912359,1316766,3557729,6969891,7594916,1120821,1996912,3557729,6969891,1542015,3557729,5606840,6969891,7594916,2937043,
    5641761,2525671,6318408,5641761,2937043,1427788,566269,5991231,1996912,1137275,1912359,1542015,2588701,1316766,1302688,
    1542015,1996912,3557729,2588701,5641761,6969891,5632143,5606840,1542015,1316766,2588701,1996912,2588701,1614364,6347114,
    7594916,8142419,6969891,5606840,1912359,2588701,8652168,5641761,2937043,5641761,1786149,613247,2937043,5641761,2525671,
    6318408,5641761,2937043,4111266,4639684,5632143,1542015,1137275,1996912,2588701,1302688,3557729,1316766,5641761,1542015,
    1120821,1912359,1542015,7594916,5606840,1996912,6969891,1996912,743293,1427788,2937043,1624432,2556538,5641761,1786149,
    2937043,8142419,566269,7594916,8142419,6969891,1996912,5504183,5606840,1302688,5632143,1542015,1137275,6969891,1912359,
    7594916,3557729,2588701,5641761,1542015,2937043,7767974,566269,2237146,566269,566269,8142419,2937043,1427788,566269,
    7767974,2937043,8090913,1786149,613247,2937043,2588701,1996912,5606840,1912359,3557729,7594916,1302688,5632143,5991231,
    3557729,1137275,5606840,1542015,1302688,3557729,1316766,5641761,1542015,1120821,5632143,1996912,5606840,5606840,6969891,
    1316766,2588701,7594916,1614364,7767974,123413,5991231,5632143,5606840,1137275,1302688,1996912,1302688,1316766,1316766,
    5641761,1542015,1120821,5606840,1137275,3557729,1996912,2588701,1542015,1542015,1316766,1302688,2588701,1912359,5641761,
    6969891,6347114,5991231,1996912,7594916,7594916,5606840,1542015,1912359,1996912,1120821,5991231,5632143,3557729,1316766,
    3557729,6969891,1120821,1996912,1137275,2588701,1316766,2588701,6969891,2588701,7594916,1542015,5641761,1912359,1614364,
    1614364,1614364,5632143,7594916,8142419,4639684,2537456,2588701,7594916,1996912,2937043,5641761,2525671,6318408,5641761,
    2937043,9085190,3279271,6102236,566269,1786149,7767974,1624432,2937043,5504183,3279271,5260148,1120821,6102236,2937043,
    8142419,566269,2577324,743293,566269,6102236,2937043,8142419,566269,9085190,2937043,8090913,1786149,613247,2937043,
    8142419,2937043,9085190,566269,2577324,1170709,566269,6102236,2937043,9085190,566269,5504183,2937043,8090913,1786149,
    613247,2937043,9085190,2937043,8142419,566269,9085190,2937043,7767974,123413,2937043,8142419,2937043,9085190,566269,
    5632143,1996912,3557729,1996912,6969891,1912359,3557729,1120821,7594916,4361753,1316766,2588701,3557729,7594916,7594916,
    1542015,2937043,1427788,566269,8142419,2937043,8090913,1786149,613247,2937043,9085190,2937043,8142419,566269,7594916,
    4361753,2537456,6651929,1996912,1996912,1542015,5632143,5991231,5991231,5632143,1996912,1137275,7594916,2588701,6969891,
    1302688,1912359,6969891,5641761,1302688,1120821,1996912,7594916,1912359,5606840,6969891,1912359,2588701,1614364,5632143,
    5991231,5632143,2588701,1137275,3557729,1996912,1542015,2588701,5641761,3557729,1614364,1614364,1427788,566269,1427788,
    2937043,7767974,123413,2937043,8142419,2937043,5641761,1786149,613247,2937043,5641761,1786149,613247,2937043,5641761,
    1786149,613247,2937043,5641761,2525671,6318408,5641761,2937043,4111266,4639684,2937043,1427788,743293,1912359,1912359,
    5606840,3557729,1542015,1316766,6969891,5632143,5606840,1912359,1912359,2588701,1316766,3557729,2937043,1624432,2556538,
    5641761,1786149,2937043,4111266,4639684,2937043,1427788,743293,5991231,5632143,5606840,1316766,3557729,1542015,6969891,
    5632143,5991231,5632143,2588701,7594916,2588701,2588701,1912359,1912359,5606840,5632143,5991231,5632143,1996912,1137275,
    7594916,1996912,6969891,1996912,1996912,3557729,5641761,1302688,1614364,1614364,1614364,1120821,1302688,1137275,1542015,
    1302688,7594916,3557729,5606840,1542015,5641761,1302688,2937043,1624432,2556538,5641761,1786149,2937043,4111266,4639684,
    2937043,2588701,1912359,1302688,1542015,7594916,1912359,1120821,5991231,7594916,4361753,1316766,4361962,3557729,7594916,
    8652168,1120821,1302688,1137275,1316766,1996912,6969891,2588701,6969891,5641761,1302688,1614364,743293,1427788,2937043,
    1624432,2556538,5641761,1786149,2937043,1427788,566269,1912359,1137275,7594916,5606840,6969891,6969891,1996912,5641761,
    1542015,1120821,1302688,7594916,5606840,2588701,1316766,1996912,2937043,8652168,566269,3318536,1427788,749336,1427788,
    566269,4639684,8458587,4458139,5991231,5632143,1996912,1137275,6969891,1912359,6969891,1912359,1542015,5641761,1542015,
    5632143,5991231,5632143,2588701,5606840,1302688,1542015,1996912,5606840,1614364,1614364,8794449,5641761,2525671,6318408,
    5641761,2937043,1786149,3279271,8652168,566269,4458139,5991231,5632143,1996912,1137275,7594916,7594916,1912359,1302688,
    1316766,5641761,1302688,1120821,5991231,1996912,1996912,1302688,1912359,5606840,7594916,5632143,5991231,5632143,6969891,
    1137275,2588701,6969891,3557729,6969891,5606840,5641761,1542015,1614364,1614364,1614364,3279271,4458139,5991231,5606840,
    1137275,7594916,5606840,1302688,1542015,1996912,1302688,1302688,5641761,1912359,6347114,1996912,1316766,3557729,6969891,
    1996912,6969891,1614364,1427788,566269,4639684,8458587,8652168,8794449,8652168,566269,1427788,5991231,1786149,1614364,
    8652168,3279271,1427788,566269,3318536,749336,3279271,4639684,8458587,4458139,5991231,5991231,7594916,8142419,1912359,
    1302688,7594916,4361962,8090913,1542015,9085190,1302688,1912359,6347114,1996912,1137275,1542015,6969891,5606840,1996912,
    3557729,1912359,1542015,1316766,5641761,1316766,1614364,6347114,5991231,5606840,7594916,3557729,6969891,1996912,1302688,
    5632143,5991231,5632143,1302688,1912359,7594916,6969891,1302688,3557729,1614364,1614364,1614364,8794449,5641761,1786149,
    613247,2937043,5641761,2525671,6318408,5641761,2937043,4111266,4639684,2937043,1912359,1137275,7594916,7594916,7594916,
    1912359,1996912,2588701,5641761,1302688,5632143,5991231,5632143,3557729,2588701,1542015,6969891,7594916,7594916,1614364,
    743293,1427788,2937043,1624432,2556538,5641761,1786149,2937043,1427788,566269,5991231,5632143,1996912,1542015,1316766,
    1302688,5606840,1996912,1120821,3557729,1137275,1302688,2588701,5606840,6969891,2588701,7594916,1912359,3557729,1316766,
    5641761,6969891,1614364,6347114,1996912,1137275,1316766,3557729,1302688,2588701,5606840,3557729,1542015,5641761,1912359,
    2937043,5641761,2525671,6318408,5641761,4111266,4639684,2937043,1427788,1170709,5991231,5606840,1137275,1316766,6969891,
    3557729,1316766,5641761,1542015,1120821,7594916,8142419,5606840,1316766,9085190,2588701,3753688,3557729,7594916,8090913,
    6347114,7594916,8142419,1996912,5606840,2588701,1912359,2588701,9085190,5606840,1614364,5632143,7594916,8142419,5606840,
    5606840,1316766,3557729,7594916,2937043,1624432,2556538,5641761,1786149,2937043,7701716,3279271,1427788,566269,4458139,
    5991231,3557729,5606840,3557729,1316766,1302688,5606840,5632143,7594916,4361753,1302688,7594916,5504183,7594916,1996912,
    1614364,3279271,1542015,1137275,1996912,3557729,6969891,3557729,5641761,1542015,1120821,6969891,1302688,2588701,1302688,
    1996912,3557729,6969891,2937043,4361962,566269,4639684,8458587,7701716,8794449,7701716,566269,4458139,5991231,1912359,
    1137275,1316766,1912359,6969891,1302688,7594916,1542015,3557729,5641761,1912359,6347114,1996912,1996912,2588701,7594916,
    1316766,1542015,6969891,1316766,5632143,2588701,1137275,6969891,1912359,5606840,2588701,5606840,5641761,1542015,1614364,
    6318408,566269,4361962,8458587,7701716,8794449,9085190,566269,6318408,2937043,5641761,2525671,6318408,5641761,2937043,
    2434528,566269,4458139,5991231,1996912,3557729,3557729,3557729,1316766,1542015,3557729,1302688,2588701,1316766,6347114,
    1302688,2588701,1316766,1996912,1316766,7594916,6969891,1614364,2537456,566269,4639684,8458587,2434528,8794449,1427788,
    3279271,2434528,566269,2588701,7594916,6969891,6969891,1542015,7594916,2588701,7594916,2588701,1542015,6347114,7594916,
    4361753,1996912,3557729,3753688,7838613,7838613,7838613,1316766,3279271,4458139,5991231,7594916,4361753,1912359,1542015,
    1302688,613247,5641761,5632143,7594916,4361753,1302688,3753688,7594916,1302688,1996912,1614364,4639684,8458587,2434528,
    8794449,566269,2537456,2937043,5641761,1786149,613247,2937043,5641761,1786149,613247,2937043,5641761,2525671,6318408,
    5641761,2937043,4111266,4639684,2937043,7594916,4361753,1912359,5504183,1302688,3557729,1912359,5606840,5632143,5991231,
    5991231,5991231,5632143,2588701,5606840,1996912,3557729,7594916,7594916,1542015,5632143,5991231,5632143,1316766,1302688,
    1302688,1912359,1542015,6969891,1614364,1614364,5632143,5991231,5632143,1302688,1137275,3557729,5606840,1542015,5606840,
    1542015,5641761,1542015,1614364,1614364,1120821,7594916,4361753,1996912,8090913,4639684,3753688,7838613,1912359,1614364,
    743293,1427788,2937043,1624432,2556538,5641761,1786149,2937043,4111266,4639684,2937043,1427788,1170709,5632143,2588701,
    1137275,6969891,1912359,1912359,1316766,3557729,5641761,1542015,1120821,1542015,1137275,1912359,1912359,1542015,3557729,
    1316766,1912359,1996912,1302688,6969891,5641761,6969891,6347114,7594916,8142419,1996912,1302688,1996912,1912359,1316766,
    1316766,3753688,2937043,1624432,2556538,5641761,1786149,2937043,8159549,566269,6651929,5991231,1614364,3606656,8458587,
    8159549,8794449,566269,2537456,2937043,4361753,3279271,8090913,566269,1302688,1316766,1302688,1912359,1542015,1912359,
    1120821,5632143,1302688,1316766,1302688,1542015,7594916,2588701,3279271,4458139,5991231,5991231,2588701,1542015,7594916,
    1316766,1912359,1316766,1302688,7594916,5632143,5991231,5632143,3557729,1302688,2588701,1996912,2588701,6969891,1120821,
    1996912,1137275,3557729,7594916,1912359,5606840,1912359,1302688,5641761,1302688,1614364,1614364,6347114,1316766,1137275,
    1302688,7594916,1316766,1302688,2588701,5641761,1542015,1614364,3454205,566269,4639684,8458587,8090913,8794449,4639684,
    3576238,3279271,2185202,3279271,8090913,566269,4458139,5991231,5632143,5606840,1137275,1542015,2588701,1996912,7594916,
    2588701,5641761,1542015,1120821,5606840,6969891,7594916,1302688,1302688,1542015,1614364,3279271,5606840,1137275,1542015,
    3557729,3557729,5641761,1542015,1120821,5632143,5606840,1542015,3557729,5606840,7594916,7594916,3279271,4458139,5991231,
    3557729,1912359,1302688,1316766,1912359,1996912,7594916,1316766,1912359,6347114,1912359,1137275,3557729,1542015,7594916,
    1542015,7594916,1316766,5641761,1302688,1614364,4904021,566269,3454205,8458587,8090913,8794449,8090913,566269,5632143,
    3557729,3557729,1542015,7594916,5606840,3557729,5632143,5991231,5632143,3557729,3557729,1542015,7594916,5606840,1542015,
    1614364,3454205,566269,4904021,5991231,8090913,3279271,2185202,1614364,4904021,566269,6651929,5991231,1614364,2185202,
    566269,7594916,8142419,9085190,613247,1912359,9085190,7594916,6969891,9085190,1996912,6347114,1996912,1302688,3557729,
    1912359,1996912,2588701,1316766,1996912,2937043,3606656,8458587,4904021,8794449,566269,3454205,2937043,123413,3576238,
    3279271,7838613,566269,1996912,1137275,2588701,6969891,1912359,1542015,2588701,5606840,5606840,6969891,1542015,5641761,
    6969891,6347114,1996912,5606840,1302688,1542015,1316766,1996912,3557729,1996912,3279271,6969891,6969891,1316766,1996912,
    1996912,1542015,7594916,3557729,2588701,6347114,7594916,4361753,3557729,6969891,5606840,1316766,2537456,1302688,2937043,
    3454205,566269,3606656,8458587,6102236,8794449,8090913,566269,3454205,5991231,2185202,3279271,4361753,1614364,4361753,
    566269,5632143,1542015,1542015,1542015,1302688,1316766,1542015,5632143,5991231,5632143,1996912,1137275,1302688,1912359,
    1996912,6969891,6969891,5641761,1542015,1120821,5632143,5606840,1316766,1316766,3557729,1316766,1912359,1614364,3454205,
    566269,6651929,5991231,1614364,6003611,3576238,566269,7594916,4361753,6969891,1912359,6969891,1316766,3557729,1120821,
    5991231,7594916,8142419,2588701,6969891,7594916,1302688,1996912,5632143,1912359,1912359,1316766,6969891,1302688,1542015,
    1614364,3606656,8458587,3454205,8794449,566269,8090913,2937043,7117100,566269,7594916,8142419,613247,1316766,2588701,
    2588701,7838613,5632143,1316766,1137275,1316766,1542015,2588701,6969891,5641761,1542015,2937043,8090913,566269,3606656,
    8458587,6102236,8794449,1624432,566269,3606656,8458587,4904021,8794449,2185202,566269,8090913,5991231,4361753,3279271,
    1624432,1614364,8090913,566269,6651929,5991231,1614364,3606656,8458587,8090913,8794449,566269,2185202,2937043,4361753,
    566269,3606656,8458587,6102236,8794449,1624432,566269,4361753,5991231,7117100,3279271,7838613,1614364,4361753,566269,
    5991231,5991231,5632143,1542015,7594916,5606840,1996912,7594916,6969891,5632143,5991231,5632143,5606840,2588701,1996912,
    5606840,1302688,5606840,1614364,1614364,1120821,7594916,8142419,4639684,3557729,3557729,1316766,1542015,1614364,5632143,
    7594916,4361753,5504183,1912359,5641761,6969891,2588701,2937043,2185202,566269,1624432,566269,566269,4361753,2937043,
    4361753,566269,6651929,5991231,1614364,3606656,8458587,4361753,8794449,566269,2185202,2937043,1624432,3279271,2185202,
    566269,4458139,5991231,5632143,2588701,1542015,1912359,5606840,1912359,1996912,1120821,2588701,1137275,6969891,1542015,
    1316766,2588701,3557729,5641761,1542015,1614364,3279271,4458139,5991231,5632143,2588701,1302688,1542015,2588701,1912359,
    2588701,1120821,5606840,7594916,5606840,1316766,1302688,7594916,1614364,2185202,3279271,7838613,566269,4361962,8458587,
    2185202,8794449,3279271,4458139,5991231,1996912,1137275,2588701,5606840,7594916,5606840,1996912,5606840,1316766,1302688,
    2588701,5641761,6969891,6347114,7594916,8142419,1542015,3753688,1912359,6969891,9085190,1302688,1614364,4458139,3576238,
    566269,4639684,8458587,4639684,3576238,8794449,1427788,3576238,566269,3606656,8458587,6102236,8794449,2556538,3576238,
    566269,3318536,1427788,3576238,5991231,123413,3576238,3279271,6003611,3576238,1614364,749336,4639684,3576238,566269,
    4458139,3576238,5991231,123413,5991231,2556538,3576238,1614364,1614364,4458139,3576238,566269,4458139,5991231,5632143,
    5606840,1137275,1316766,1316766,1996912,1302688,1912359,5641761,1542015,1120821,3557729,1137275,2588701,1302688,1302688,
    1996912,6969891,5641761,1542015,1614364,5641761,3576238,566269,4639684,3576238,1137275,1137275,4458139,3576238,2937043,
    7117100,566269,7838613,1137275,1137275,5641761,3576238,2937043,2185202,566269,2185202,5991231,4361962,3279271,1624432,
    3279271,7117100,1614364,1624432,566269,6651929,5991231,1614364,7838613,566269,4458139,5991231,5632143,1996912,1137275,
    1302688,5606840,3557729,1302688,1542015,5641761,1542015,1120821,2588701,7594916,2588701,7594916,1996912,6969891,1614364,
    5641761,3576238,566269,8780476,5991231,7594916,8142419,3557729,1912359,1542015,9085190,8652168,1120821,5991231,7594916,
    4361753,2588701,2588701,1996912,1302688,8090913,8090913,5632143,7594916,8142419,1996912,2588701,1316766,8090913,1542015,
    1614364,3279271,3318536,6102236,3279271,8159549,7384885,5260148,7384885,6904463,7384885,2225277,3279271,7701716,7384885,
    4361753,7384885,1624432,7384885,4904021,3279271,8090913,3279271,3454205,7384885,5504183,749336,1614364,3606656,8458587,
    1624432,8794449,566269,2185202,2937043,7117100,566269,4639684,8458587,7838613,8794449,7838613,566269,3318536,7117100,
    5991231,5641761,3576238,1614364,749336,2185202,566269,3318536,123413,5991231,7838613,1614364,749336,7117100,566269,
    3606656,8458587,4361753,8794449,1427788,566269,7117100,2937043,8090913,1786149,613247,2937043,1996912,1912359,6969891,
    1912359,1912359,7594916,1302688,1302688,6969891,1302688,6347114,7594916,4361753,1996912,1302688,2588701,8652168,1996912,
    7838613,1912359,5632143,5991231,5632143,1912359,1996912,1316766,1542015,5606840,1302688,1614364,7767974,123413,5991231,
    7594916,8142419,5606840,1996912,3753688,8652168,1996912,1542015,2537456,4361962,1316766,2588701,6347114,5991231,5632143,
    6969891,1996912,2588701,1302688,6969891,5606840,1120821,7594916,4361753,6969891,7594916,5641761,6651929,8090913,5641761,
    1996912,5504183,1614364,1614364,6347114,1996912,1302688,1542015,1316766,1996912,1542015,1316766,1912359,2937043,5641761,
    2525671,6318408,5641761,4111266,4639684,5632143,1542015,1302688,6969891,1912359,6969891,3557729,1120821,1912359,1137275,
    1302688,1316766,1302688,7594916,1996912,6969891,5641761,1302688,743293,1427788,2937043,1624432,2556538,5641761,1786149,
    2937043,4621789,566269,3606656,8458587,2225277,8794449,2537456,3279271,8159549,566269,1427788,3279271,4621789,2937043,
    1427788,566269,4621789,2937043,8090913,1786149,613247,2937043,7594916,8142419,2588701,2588701,3753688,1316766,2588701,
    2537456,5632143,7594916,8142419,5606840,5606840,6651929,5504183,4639684,2937043,7767974,123413,2937043,5606840,1137275,
    1996912,2588701,2588701,1302688,1912359,1302688,1996912,1302688,1302688,5641761,6969891,6347114,7594916,4361753,6651929,
    1542015,5641761,1912359,9085190,8090913,5632143,5991231,1912359,1137275,1542015,5606840,1996912,1302688,2588701,5641761,
    1542015,1120821,5632143,1996912,3557729,2588701,2588701,6969891,1316766,3557729,1614364,5641761,2525671,6318408,5641761,
    2937043,2525671,566269,3606656,8458587,2556538,8458587,2588701,7594916,1542015,1302688,7594916,1542015,2588701,7594916,
    1316766,1302688,6347114,1996912,1542015,1996912,1996912,1316766,7594916,5606840,7594916,8794449,8794449,2225277,566269,
    2525671,566269,566269,1786149,2937043,8652168,3279271,1427788,566269,2225277,3279271,5606840,7594916,6969891,1912359,
    1996912,1302688,1120821,5606840,2588701,1996912,7594916,6969891,1542015,1302688,2937043,5641761,1786149,613247,2937043,
    5641761,2525671,6318408,5641761,2937043,4111266,4639684,2937043,1427788,1170709,7594916,4361753,1302688,7838613,4361962,
    7594916,3557729,4361962,5632143,5991231,5632143,2588701,2588701,3557729,1996912,1302688,1316766,1614364,1624432,2556538,
    5641761,1786149,2937043,1427788,566269,5632143,1542015,3557729,1912359,7594916,1912359,7594916,1120821,1542015,1137275,
    5606840,1316766,1996912,3557729,7594916,1912359,5641761,1302688,2937043,5641761,2525671,6318408,5641761,2937043,1427788,
    3279271,123413,3576238,566269,5641761,3576238,3279271,1996912,1542015,1542015,1996912,5606840,1120821,5632143,1996912,
    1542015,1542015,1996912,2588701,2937043,3606656,8458587,2225277,8794449,566269,7838613,2937043,2556538,3576238,566269,
    3606656,8458587,8090913,8794449,1427788,3576238,566269,2556538,3576238,1120821,123413,3576238,2937043,4639684,3576238,
    566269,2185202,8458587,1427788,3576238,8794449,1427788,566269,7594916,4361753,1542015,5641761,1912359,8652168,1542015,
    4639684,1996912,5606840,6347114,5991231,5606840,2588701,1302688,1316766,5606840,6969891,1120821,1912359,1302688,1912359,
    6969891,1996912,5606840,1912359,1614364,1120821,1316766,1137275,1302688,2588701,2588701,3557729,1996912,1316766,5641761,
    1302688,2937043,4458139,3576238,566269,9085190,1120821,4639684,3576238,2937043,4639684,3576238,566269,5632143,1302688,
    1137275,1302688,1912359,3557729,3557729,3557729,5641761,1542015,1120821,1302688,1302688,1912359,1912359,7594916,7594916,
    2937043,5641761,3576238,566269,4458139,3576238,6347114,4639684,3576238,2937043,9085190,566269,5641761,3576238,2937043,
    1427788,3576238,566269,3606656,8458587,3454205,8794449,4639684,3576238,566269,5793077,1120821,1427788,3576238,2937043,
    1427788,3576238,566269,1996912,1316766,1996912,6969891,7594916,3557729,1542015,5606840,5606840,6969891,6347114,7594916,
    8142419,6651929,4361962,8090913,1542015,1302688,1912359,2937043,4458139,3576238,566269,4639684,3576238,6347114,1427788,
    3576238,2937043,5793077,566269,4458139,3576238,2937043,5641761,1786149,613247,2937043,5641761,1786149,613247,2937043,
    5641761,1786149,613247,2937043,5641761,1786149,613247,2937043,5641761,1786149,613247,2937043,5641761,1786149,613247,
    2937043,5641761,2525671,6318408,5641761,2937043,4111266,4639684,2937043,1996912,1137275,2588701,3557729,2588701,6969891,
    3557729,3557729,2588701,5641761,1912359,5632143,1996912,1137275,5606840,2588701,6969891,7594916,2588701,5641761,1542015,
    743293,1427788,2937043,1624432,2556538,5641761,1786149,2937043,4111266,4639684,2937043,1427788,743293,2588701,1137275,
    6969891,1912359,5606840,1316766,2588701,5606840,1542015,6969891,1996912,5641761,6969891,6347114,2588701,1137275,1996912,
    5606840,1996912,6969891,1912359,1542015,6969891,5641761,1912359,2937043,1624432,2556538,5641761,1786149,2937043,4111266,
    4639684,2937043,1427788,743293,5991231,7594916,8142419,2588701,1996912,5606840,5606840,2588701,1120821,7594916,8142419,
    2537456,2537456,6969891,6969891,2588701,7838613,1614364,5632143,5991231,5632143,1316766,3557729,1302688,1316766,1302688,
    1614364,1624432,2556538,5641761,1786149,2937043,4111266,4639684,2937043,1427788,743293,1316766,6969891,3557729,2588701,
    1996912,3557729,1120821,1996912,1137275,7594916,6969891,7594916,1912359,1316766,7594916,2588701,5641761,1912359,2937043,
    1624432,2556538,5641761,1786149,2937043,4111266,4639684,2937043,1427788,1170709,7594916,4361753,8652168,2588701,9085190,
    6651929,5606840,1316766,5606840,1302688,6347114,7594916,4361753,1996912,5606840,8090913,1302688,3753688,1912359,1542015,
    2937043,1624432,2556538,5641761,1786149,2937043,4111266,4639684,5991231,5632143,1996912,3557729,1542015,7594916,2588701,
    1542015,1120821,1302688,1316766,1912359,1912359,6969891,7594916,1542015,1996912,1542015,5606840,1614364,6347114,5991231,
    2588701,1137275,1912359,1302688,1542015,5606840,2588701,6969891,5606840,5641761,1912359,5632143,5991231,5632143,2588701,
    1137275,1542015,1302688,6969891,1542015,1316766,5641761,1542015,1614364,1614364,743293,1427788,2937043,1624432,2556538,
    5641761,1786149,2937043,1786149,566269,6651929,5991231,1614364,2225277,566269,6651929,5991231,1614364,3606656,8458587,
    1786149,8794449,566269,6003611,8458587,5632143,2588701,1137275,6969891,5606840,1912359,1542015,3557729,5641761,1542015,
    5632143,5991231,5632143,2588701,6969891,5606840,1912359,1542015,1542015,1614364,8794449,3606656,8458587,2225277,8794449,
    566269,6003611,8458587,7594916,8142419,1316766,9085190,8090913,7594916,8652168,1120821,5991231,1996912,3557729,2588701,
    1542015,1996912,5606840,1912359,2588701,1542015,2588701,6347114,5991231,5991231,5991231,5632143,1316766,2588701,6969891,
    1912359,6969891,1120821,5632143,3557729,1137275,1996912,1912359,2588701,1316766,5606840,5641761,1542015,1614364,1120821,
    1542015,7594916,7594916,7594916,1316766,3557729,1316766,1302688,1912359,6969891,1614364,6347114,2588701,7594916,1302688,
    2588701,1912359,1542015,3557729,1542015,1614364,5632143,5991231,6969891,3557729,6969891,5606840,5606840,2588701,1120821,
    5632143,5606840,7594916,3557729,1912359,7594916,1996912,1614364,1614364,8794449,1427788,566269,3606656,8458587,2556538,
    8458587,3557729,1996912,2588701,1302688,1542015,5606840,1996912,1316766,2588701,7594916,6347114,7594916,4361753,6651929,
    4361962,5641761,5606840,1996912,1302688,1120821,5991231,5632143,1996912,1137275,2588701,3557729,1302688,3557729,3557729,
    1316766,5641761,1302688,5632143,5991231,5632143,1302688,1912359,1996912,2588701,6969891,1542015,1614364,1614364,8794449,
    8794449,2525671,566269,3606656,8458587,2225277,8794449,8652168,566269,1427788,5991231,2525671,1614364,2525671,566269,
    6651929,5991231,1614364,1427788,566269,4503935,5991231,7594916,8142419,1316766,1912359,2588701,1316766,3557729,1120821,
    7594916,4361753,1912359,7594916,1302688,8090913,6969891,1912359,3279271,3318536,2556538,8458587,6969891,1912359,7594916,
    1302688,6969891,1302688,1120821,5991231,6969891,2588701,1996912,1996912,6969891,1302688,1120821,5632143,1996912,1316766,
    6969891,1996912,1316766,6969891,7594916,1614364,8794449,3279271,1786149,7384885,2225277,3279271,2525671,749336,1614364,
    3606656,8458587,2525671,8794449,566269,8652168,2937043,6904463,566269,1427788,2937043,1427788,3279271,8652168,566269,
    4639684,8458587,4458139,5991231,5632143,1302688,5606840,2588701,1316766,6969891,3557729,5632143,5991231,5632143,1302688,
    1912359,1996912,3557729,1302688,1542015,1614364,1614364,8794449,3279271,3318536,6904463,749336,5641761,2525671,6318408,
    5641761,4111266,4639684,2937043,3557729,1137275,5606840,1996912,2588701,5606840,2588701,5606840,7594916,6969891,6969891,
    5641761,6969891,6347114,7594916,8142419,1996912,1996912,2537456,8652168,1302688,1996912,8652168,743293,1427788,2937043,
    1624432,2556538,5641761,1786149,2937043,3454205,3279271,6318408,566269,4458139,5991231,5632143,5606840,3557729,5606840,
    6969891,6969891,1542015,1120821,5606840,1316766,2588701,1542015,7594916,7594916,1614364,3279271,4458139,5991231,7594916,
    8142419,2588701,5606840,6651929,3557729,5606840,1120821,5991231,5991231,1542015,6969891,3557729,1996912,6969891,2588701,
    5632143,1912359,2588701,1316766,5606840,6969891,1996912,1614364,5632143,5991231,5632143,2588701,1137275,1542015,1542015,
    7594916,1302688,5641761,3557729,1614364,1614364,1614364,5793077,566269,4639684,8458587,6318408,8794449,4361962,566269,
    3606656,8458587,2225277,8794449,7701716,566269,3606656,8458587,6904463,8794449,8090913,566269,1542015,1137275,1302688,
    7594916,6969891,1996912,3557729,5606840,1912359,1996912,2588701,7594916,1542015,1542015,5641761,1996912,2588701,5632143,
    6969891,1137275,1542015,1912359,6969891,1542015,5641761,1542015,2937043,4904021,566269,7701716,5991231,3454205,3279271,
    8090913,1614364,6318408,566269,4361962,8458587,4904021,8794449,9085190,566269,5793077,8458587,6318408,8794449,5260148,
    3279271,1427788,566269,9085190,3279271,5632143,6969891,1137275,7594916,1996912,1996912,6969891,5641761,3557729,1120821,
    5991231,7594916,4361753,1316766,1316766,2537456,1302688,1996912,5504183,5632143,5991231,5632143,5606840,1137275,1316766,
    1316766,7594916,3557729,5641761,1542015,1614364,1614364,5641761,2525671,6318408,5641761,2937043,1427788,3279271,2556538,
    3576238,566269,5991231,1996912,1137275,2588701,1316766,6969891,6969891,6969891,1302688,7594916,1996912,6969891,2588701,
    1316766,1542015,5641761,1996912,2588701,6347114,7594916,8142419,1996912,1912359,1542015,3557729,1996912,7594916,5504183,
    4639684,4639684,1614364,6347114,2588701,1137275,1912359,6969891,1316766,1542015,1912359,3557729,3557729,5641761,1912359,
    3279271,5632143,3557729,1137275,1912359,1912359,3557729,1996912,2588701,5641761,1542015,5632143,5991231,5632143,3557729,
    1137275,1912359,1912359,3557729,1996912,3557729,5641761,1542015,1614364,1427788,3576238,566269,2185202,8458587,2556538,
    3576238,8794449,2556538,3576238,566269,3606656,8458587,1624432,8794449,4639684,3576238,566269,1427788,3576238,566269,
    566269,2556538,3576238,2937043,5641761,3576238,566269,4639684,3576238,2937043,5641761,1786149,613247,2937043,5641761,
    2525671,6318408,5641761,2937043,4111266,4639684,2937043,1427788,1170709,7594916,4361753,7838613,8090913,8652168,3557729,
    6651929,6651929,5632143,5991231,5991231,1996912,1137275,2588701,1302688,1302688,1542015,1542015,5641761,1542015,1120821,
    5991231,2588701,5606840,1316766,1996912,2588701,5606840,5632143,5991231,5632143,6969891,1137275,1912359,6969891,5606840,
    6969891,2588701,5641761,1542015,1120821,3557729,1137275,2588701,1302688,1316766,6969891,5641761,1542015,1614364,1614364,
    1614364,1120821,5632143,1316766,1996912,7594916,1316766,6969891,7594916,1614364,1624432,2556538,5641761,1786149,2937043,
    6318408,3279271,1427788,566269,4458139,5991231,1316766,1137275,1912359,7594916,3557729,1996912,1996912,5641761,1542015,
    1120821,5632143,1316766,5606840,1996912,1316766,5606840,5606840,1614364,3279271,5991231,1996912,1137275,1302688,5606840,
    1996912,1912359,5606840,1912359,5606840,3557729,1542015,5641761,6969891,5632143,5991231,5632143,1542015,7594916,7594916,
    2588701,3557729,5606840,5632143,7594916,4361753,1316766,6969891,5606840,7838613,7838613,7838613,7594916,6347114,1302688,
    1137275,1316766,5606840,2588701,3557729,1542015,2588701,5641761,1302688,1614364,1614364,6347114,1996912,2588701,1912359,
    2588701,3557729,1996912,1542015,5606840,2937043,5793077,566269,4639684,8458587,6318408,8794449,5504183,566269,5793077,
    2937043,5641761,2525671,6318408,5641761,2937043,4503935,4140023,8458587,5632143,6969891,1137275,7594916,2588701,6969891,
    3557729,1912359,5641761,1542015,5632143,5991231,5632143,6969891,7594916,5606840,1996912,1542015,1996912,1614364,8794449,
    566269,1302688,1996912,6969891,2588701,7594916,2588701,1120821,1996912,1137275,7594916,3557729,2588701,5606840,6969891,
    1302688,1912359,5641761,1912359,2937043,4503935,4140023,8458587,7594916,8142419,5504183,1316766,1542015,3557729,5606840,
    6651929,2537456,9085190,6347114,1996912,5606840,5606840,5606840,1912359,1996912,1302688,7594916,8794449,566269,4503935,
    4140023,8458587,5632143,3557729,1137275,2588701,1316766,1996912,3557729,5606840,5641761,1542015,1120821,3557729,2588701,
    1316766,5606840,3557729,1912359,8794449,743293,1786149,2937043,1427788,566269,4503935,4140023,8458587,2588701,1137275,
    5606840,1912359,5606840,7594916,1316766,3557729,5606840,1542015,5641761,1316766,6347114,7594916,8142419,2588701,7594916,
    6969891,6651929,5606840,1316766,8794449,8090913,1786149,613247,2937043,1996912,1137275,3557729,5606840,1316766,1996912,
    1996912,1302688,5606840,5641761,1912359,5632143,5991231,5632143,2588701,5606840,3557729,5606840,1316766,1302688,1614364,
    7767974,123413,2937043,7594916,4361753,8090913,1912359,1542015,1996912,5504183,1316766,5632143,5991231,5632143,1316766,
    5606840,2588701,1542015,1542015,1316766,1614364,5641761,1786149,613247,2937043,5641761,1786149,613247,2937043,5641761,
    2525671,6318408,5641761,2937043,4111266,4639684,2937043,1427788,743293,5991231,5991231,5991231,5632143,1996912,1996912,
    1316766,3557729,1302688,1316766,7594916,5632143,5991231,5632143,1316766,1996912,3557729,1302688,1302688,6969891,1614364,
    1614364,1120821,7594916,4361753,1542015,2588701,1316766,613247,3557729,9085190,8090913,7594916,1614364,5632143,5991231,
    5632143,1912359,1137275,1302688,1912359,2588701,1912359,5641761,3557729,1614364,1614364,6347114,7594916,8142419,4361962,
    1996912,5606840,1542015,6969891,3557729,5632143,7594916,4361753,1912359,6969891,6969891,1542015,1912359,2937043,1624432,
    2556538,5641761,1786149,2937043,4111266,4639684,2937043,2588701,1137275,3557729,1542015,5606840,6969891,2588701,1996912,
    1542015,7594916,1996912,5641761,6969891,6347114,7594916,4361753,1996912,7594916,1316766,3557729,9085190,7594916,613247,
    743293,1427788,2937043,1624432,2556538,5641761,1786149,2937043,8652168,3279271,1786149,3279271,1427788,566269,3318536,
    749336,3279271,1786149,4111266,2525671,3279271,4639684,8458587,4458139,5991231,5606840,1137275,6969891,3557729,5606840,
    7594916,6969891,5641761,1542015,1120821,5632143,5606840,1542015,1542015,1912359,5606840,7594916,1614364,8794449,5641761,
    2525671,6318408,5641761,4111266,4639684,2937043,1427788,1170709,7594916,4361753,1912359,3557729,7594916,4361962,3557729,
    8652168,1996912,5504183,6347114,1996912,1542015,1316766,1302688,5606840,2588701,1996912,1302688,2937043,1624432,2556538,
    5641761,1786149,2937043,1427788,3279271,8652168,566269,4639684,8458587,4458139,5991231,5991231,6969891,5606840,2588701,
    5606840,7594916,1316766,1120821,1996912,3557729,1912359,1316766,2588701,7594916,7594916,3557729,1542015,1614364,6347114,
    7594916,4361753,4361962,2588701,5641761,9085190,1542015,1614364,8794449,3279271,3318536,2225277,749336,5641761,2525671,
    6318408,5641761,2937043,4503935,4140023,8458587,5606840,1996912,1542015,5606840,1996912,3557729,1316766,7594916,1316766,
    6347114,5991231,5632143,1316766,1137275,1912359,2588701,6969891,1316766,5641761,1542015,1120821,7594916,8142419,4639684,
    8652168,4361962,2588701,6651929,1302688,1614364,8794449,566269,3606656,8458587,2556538,8458587,5632143,1912359,2588701,
    6969891,6969891,6969891,3557729,5632143,5991231,5632143,1912359,5606840,7594916,7594916,7594916,2588701,1614364,8794449,
    8794449,4503935,4140023,8458587,5632143,2588701,1137275,1912359,3557729,1912359,1316766,6969891,5641761,1542015,5632143,
    5991231,5632143,1996912,2588701,3557729,6969891,6969891,3557729,3557729,5632143,5991231,5632143,6969891,1137275,1542015,
    3557729,3557729,3557729,5606840,5641761,1542015,1120821,5991231,5991231,1302688,1316766,1996912,1996912,2588701,6969891,
    5632143,7594916,4361753,8652168,3753688,1542015,1912359,6651929,1614364,1120821,2588701,7594916,7594916,1316766,6969891,
    5606840,1614364,1614364,1614364,8794449,3279271,4503935,4140023,8458587,5632143,1302688,1137275,1912359,1996912,1996912,
    2588701,5641761,3557729,5632143,5991231,5632143,6969891,1137275,1302688,2588701,1302688,2588701,1302688,5641761,1542015,
    1120821,1316766,1137275,6969891,1542015,2588701,6969891,1302688,5641761,1542015,1614364,8794449,3279271,4503935,4140023,
    8458587,1912359,6969891,3557729,7594916,1996912,3557729,5632143,7594916,4361753,3753688,1996912,5504183,613247,7594916,
    8794449,566269,3318536,749336,3279271,4458139,5991231,5632143,1996912,7594916,7594916,5606840,1996912,5606840,5632143,
    5991231,5632143,1996912,1137275,5606840,1316766,6969891,1996912,2588701,5641761,1542015,1614364,1614364,3279271,1786149,
    4111266,2525671,2937043,8652168,4140023,3279271,2537456,3279271,4503935,4140023,8458587,5991231,1302688,1137275,2588701,
    2588701,3557729,1316766,2588701,1542015,3557729,1996912,5641761,1316766,5632143,5991231,5632143,6969891,1137275,3557729,
    6969891,7594916,1996912,5606840,5641761,1542015,1614364,1614364,6347114,7594916,8142419,1542015,5606840,1912359,2588701,
    1996912,1316766,8794449,566269,4503935,4140023,8458587,7594916,8142419,1996912,1316766,4639684,2588701,8652168,5632143,
    1996912,1137275,7594916,1996912,6969891,1316766,5606840,5641761,1542015,8794449,3279271,4503935,4140023,8458587,5606840,
    1137275,3557729,3557729,5606840,1912359,2588701,1912359,7594916,1912359,1542015,5641761,6969891,6347114,7594916,4361753,
    8652168,4361962,8090913,1316766,5606840,4639684,8794449,3279271,1786149,4111266,2525671,2937043,4503935,4140023,8458587,
    5632143,1996912,7594916,5606840,1302688,1542015,1302688,5606840,1120821,1996912,1137275,7594916,5606840,1302688,1912359,
    1912359,2588701,5641761,1302688,8794449,566269,4503935,4140023,8458587,7594916,8142419,1302688,6969891,7594916,8652168,
    4639684,5632143,7594916,8142419,1996912,7594916,1542015,5606840,6969891,7594916,3753688,4639684,6347114,7594916,4361753,
    1542015,3753688,9085190,9085190,5504183,7594916,8794449,5991231,2525671,3576238,1614364,4503935,4140023,8458587,5991231,
    1996912,1137275,1542015,3557729,3557729,1542015,1542015,5641761,1542015,1120821,5991231,7594916,4361753,2537456,5606840,
    3753688,5606840,4361962,1120821,5991231,1996912,1137275,1912359,3557729,7594916,2588701,6969891,5641761,1542015,1120821,
    5632143,1912359,3557729,1996912,1302688,1542015,1316766,1614364,1614364,1614364,1120821,5991231,7594916,4361753,1302688,
    3557729,1996912,1912359,7594916,5632143,7594916,4361753,2537456,2588701,5641761,5641761,1316766,1614364,8794449,3279271,
    3322816,566269,1786149,4111266,2525671,3279271,4503935,4140023,8458587,7594916,8142419,1302688,7838613,1542015,1302688,
    1120821,5991231,5632143,6969891,7594916,6969891,7594916,6969891,1316766,5632143,5991231,5632143,1316766,1316766,1996912,
    1316766,5606840,7594916,1614364,1614364,8794449,4503935,4140023,8458587,5632143,1542015,1996912,2588701,1912359,3557729,
    1120821,7594916,4361753,5504183,6969891,1996912,613247,8794449,566269,3606656,8458587,2556538,8458587,7594916,8142419,
    5641761,5641761,6969891,2537456,7594916,613247,9085190,6347114,1912359,1137275,1996912,2588701,7594916,1302688,1912359,
    2588701,5641761,1302688,1120821,5632143,6969891,1302688,1316766,1542015,1302688,5606840,8794449,8794449,4503935,4140023,
    8458587,5632143,1912359,1137275,1316766,6969891,1302688,5641761,3557729,1120821,7594916,8142419,1996912,5606840,1542015,
    3557729,3557729,8794449,566269,4503935,4140023,8458587,7594916,4361753,1996912,4639684,4361962,8652168,5641761,5632143,
    1996912,5606840,7594916,1542015,1912359,1996912,8794449,5991231,6003611,4140023,1614364,6003611,4140023,566269,4503935,
    4140023,8458587,1302688,1137275,6969891,1302688,1542015,1302688,7594916,5606840,1542015,5641761,1912359,6347114,5991231,
    5606840,1316766,1316766,1316766,1912359,1912359,3557729,6969891,1316766,6347114,7594916,4361753,1302688,1996912,1996912,
    3753688,8652168,1996912,1614364,8794449,4503935,4140023,8458587,1316766,1137275,1912359,1302688,2588701,2588701,1996912,
    5641761,1542015,5632143,1316766,1137275,1912359,1302688,7594916,7594916,1316766,5641761,1542015,8794449,566269,3606656,
    8458587,2556538,8458587,5632143,1996912,1137275,7594916,1302688,1302688,5606840,3557729,5641761,1542015,5632143,5991231,
    5991231,1316766,1302688,6969891,1542015,6969891,5632143,5991231,5632143,2588701,1137275,1996912,7594916,1996912,1316766,
    1996912,5641761,1542015,1120821,7594916,8142419,2588701,5641761,1912359,1542015,5606840,1614364,1614364,5632143,5991231,
    5632143,1302688,1137275,5606840,7594916,6969891,1542015,2588701,5641761,1542015,1120821,7594916,4361753,5504183,4361962,
    2588701,6969891,1302688,1614364,1614364,8794449,8794449,4503935,4140023,8458587,2588701,1137275,5606840,7594916,1302688,
    1996912,6969891,1542015,6969891,5641761,1912359,6347114,1996912,6969891,2588701,1996912,1316766,1996912,2588701,8794449,
    566269,3606656,8458587,2556538,8458587,5632143,1302688,1137275,1542015,6969891,2588701,1302688,5641761,3557729,5632143,
    5991231,5632143,1302688,1542015,6969891,2588701,1912359,1614364,8794449,8794449,4503935,4140023,8458587,7594916,8142419,
    3557729,1542015,8652168,2588701,8652168,5632143,2588701,1137275,1316766,1542015,6969891,6969891,3557729,5641761,1542015,
    8794449,3279271,2525671,3576238,3279271,4503935,4140023,8458587,5632143,1996912,2588701,7594916,1542015,2588701,2588701,
    1120821,5991231,5632143,2588701,1137275,1302688,2588701,1542015,6969891,5641761,3557729,5632143,5991231,5632143,1996912,
    3557729,1912359,7594916,7594916,7594916,1614364,1614364,8794449,566269,4503935,4140023,8458587,1316766,1137275,1996912,
    2588701,1316766,3557729,1912359,5641761,1542015,5632143,7594916,8142419,5504183,1302688,1302688,1542015,4639684,8794449,
    3279271,4503935,4140023,8458587,1996912,1137275,7594916,7594916,7594916,7594916,6969891,1302688,5641761,1302688,1120821,
    5632143,6969891,1137275,6969891,6969891,1316766,1316766,1912359,5641761,1542015,8794449,3279271,1542015,1137275,2588701,
    3557729,1996912,2588701,5641761,3557729,1120821,2588701,1137275,2588701,6969891,1996912,3557729,1542015,1542015,5606840,
    1996912,1996912,2588701,7594916,3557729,5641761,1996912,2588701,2937043,4503935,4140023,8458587,1912359,1302688,7594916,
    6969891,1996912,1542015,1120821,5632143,1912359,1302688,7594916,1302688,6969891,6969891,8794449,566269,3606656,8458587,
    2556538,8458587,1996912,1137275,1996912,1912359,1302688,6969891,1542015,1996912,5606840,6969891,2588701,5641761,6969891,
    6347114,1996912,1137275,1996912,1996912,7594916,5606840,5606840,1996912,1542015,5641761,1912359,8794449,8794449,4503935,
    4140023,8458587,1302688,6969891,3557729,7594916,6969891,1302688,5632143,1302688,6969891,5606840,1316766,1912359,6969891,
    8794449,566269,4503935,4140023,8458587,6969891,1542015,6969891,1542015,2588701,1316766,1302688,3557729,7594916,6347114,
    3557729,2588701,7594916,1316766,3557729,1542015,1316766,8794449,5991231,4503935,4140023,8458587,1996912,3557729,1996912,
    6969891,6969891,1542015,2588701,6969891,6969891,1316766,6347114,1996912,1137275,7594916,2588701,1996912,1996912,5606840,
    1996912,5641761,1912359,1120821,5632143,1542015,1316766,7594916,1302688,6969891,7594916,8794449,3279271,4503935,4140023,
    8458587,7594916,8142419,3557729,2537456,8090913,7594916,7594916,5632143,7594916,4361753,3557729,8090913,6969891,2588701,
    1542015,8794449,1614364,1427788,566269,7594916,4361753,1996912,7594916,5606840,7594916,1912359,3753688,1912359,5632143,
    7594916,4361753,9085190,5504183,1316766,1302688,1912359,2937043,4503935,4140023,8458587,5991231,1302688,1137275,3557729,
    1912359,2588701,2588701,1316766,1912359,6969891,1302688,5641761,1316766,5632143,5991231,5632143,1912359,1542015,7594916,
    6969891,1912359,7594916,1614364,1614364,6347114,6969891,1316766,1996912,1912359,1316766,1912359,2588701,8794449,566269,
    4503935,4140023,8458587,7594916,4361753,2588701,1996912,6969891,1316766,2588701,5632143,7594916,8142419,2588701,1996912,
    1316766,8090913,9085190,8794449,8458587,4503935,4140023,8458587,5632143,6969891,5606840,1316766,2588701,6969891,7594916,
    1120821,6969891,5606840,1316766,1542015,7594916,1912359,8794449,8794449,4503935,4140023,8458587,5991231,1542015,1137275,
    3557729,5606840,1302688,3557729,6969891,5606840,7594916,5606840,7594916,3557729,5641761,1996912,7594916,6347114,2588701,
    1137275,1316766,6969891,2588701,2588701,2588701,2588701,5606840,1996912,5641761,1316766,1614364,6347114,1316766,1137275,
    1912359,1302688,1996912,1302688,1542015,5606840,5641761,1302688,8794449,566269,4503935,4140023,8458587,7594916,8142419,
    1996912,1912359,1912359,6651929,3557729,4639684,4361962,4639684,6347114,3557729,1137275,1912359,3557729,6969891,1302688,
    5606840,5641761,1302688,8794449,8458587,4503935,4140023,8458587,7594916,4361753,7838613,2588701,7838613,7838613,3753688,
    5632143,1912359,5606840,1996912,1316766,1912359,1316766,8794449,8794449,1786149,566269,4503935,4140023,8458587,5632143,
    1912359,2588701,7594916,1912359,2588701,1912359,5632143,5991231,1912359,1137275,1316766,3557729,1996912,5606840,1996912,
    5641761,1542015,1120821,5632143,1996912,1542015,7594916,1542015,7594916,1302688,6969891,1614364,8794449,5641761,1786149,
    613247,2937043,5641761,2525671,6318408,5641761,2937043,4111266,4639684,2937043,1427788,1170709,1996912,7594916,1912359,
    7594916,5606840,3557729,1316766,1316766,5632143,5991231,5632143,1912359,1137275,1302688,1316766,3557729,6969891,2588701,
    5641761,1542015,1614364,1624432,2556538,5641761,1786149,2937043,1427788,3279271,7117100,566269,4458139,3576238,3279271,
    5641761,3576238,2937043,1427788,566269,5606840,1137275,1316766,3557729,7594916,1316766,3557729,1302688,5641761,1302688,
    5632143,5991231,5632143,1996912,7594916,7594916,1316766,1996912,1542015,1996912,1120821,7594916,8142419,1302688,1542015,
    1912359,1996912,8090913,1614364,5641761,2525671,6318408,5641761,4111266,4639684,2937043,1427788,1170709,5632143,2588701,
    1137275,2588701,2588701,1316766,3557729,5606840,5641761,1542015,1120821,1996912,1996912,1912359,3557729,1912359,3557729,
    1316766,5606840,2937043,1624432,2556538,5641761,1786149,2937043,1427788,566269,1996912,1137275,1542015,1316766,1912359,
    1316766,1302688,1302688,1912359,6969891,5606840,5641761,6969891,6347114,1996912,1912359,1996912,1996912,2588701,5606840,
    3557729,7594916,2937043,5641761,2525671,6318408,5641761,2937043,6102236,566269,5991231,5991231,1996912,5606840,2588701,
    3557729,1996912,1542015,3557729,2588701,5632143,5606840,1542015,1302688,1996912,1912359,6969891,1614364,5632143,1912359,
    2588701,1996912,1542015,1302688,2588701,1614364,5632143,3557729,1137275,2588701,1302688,7594916,1542015,3557729,5641761,
    1542015,518262,566269,5991231,7594916,8142419,5504183,8090913,6651929,8090913,8090913,1120821,5632143,3557729,1137275,
    1996912,1542015,7594916,2588701,5641761,1542015,1614364,1120821,7594916,4361753,5504183,9085190,7838613,1996912,6969891,
    8652168,2937043,2577324,566269,3606656,8458587,2225277,8794449,8142419,566269,2577324,566269,566269,6102236,2937043,
    1427788,566269,8142419,2937043,8090913,1786149,613247,2937043,1912359,1137275,7594916,7594916,1302688,5606840,6969891,
    1996912,3557729,1996912,5641761,1316766,6347114,7594916,4361753,3557729,6969891,1302688,613247,613247,6969891,2937043,
    7767974,123413,2937043,1996912,2588701,1316766,1542015,6969891,5606840,1996912,7594916,5632143,5991231,5632143,1912359,
    7594916,1542015,3557729,6969891,1302688,1614364,5641761,1786149,613247,2937043,5641761,1786149,613247,2937043,5641761,
    1786149,613247,2937043,5641761,2525671,6318408,5641761,2937043,4111266,4639684,2937043,1427788,743293,7594916,4361753,
    6969891,1316766,3753688,9085190,6969891,3753688,5632143,5991231,1912359,1137275,1542015,1996912,1996912,1316766,6969891,
    5641761,1542015,1120821,5991231,5991231,2588701,1137275,1542015,1912359,1542015,1542015,2588701,5641761,1542015,1120821,
    5632143,1912359,6969891,5606840,3557729,3557729,3557729,1614364,1120821,5632143,6969891,1302688,2588701,3557729,2588701,
    5606840,1614364,1614364,1624432,2556538,5641761,1786149,2937043,4111266,4639684,2937043,5606840,1912359,1912359,1912359,
    1996912,1912359,2588701,5606840,7594916,7594916,6347114,7594916,8142419,1996912,6969891,613247,1302688,8090913,1996912,
    6969891,743293,1427788,2937043,1624432,2556538,5641761,1786149,2937043,4111266,4639684,5632143,5606840,1542015,1542015,
    1912359,1316766,1996912,1120821,1996912,1137275,1996912,2588701,1302688,1316766,6969891,1996912,2588701,5641761,1912359,
    743293,1427788,2937043,1624432,2556538,5641761,1786149,2937043,1427788,3279271,5504183,566269,6318408,3279271,5793077,
    2937043,1427788,566269,5793077,2937043,8090913,1786149,613247,2937043,7594916,8142419,3557729,1996912,7594916,5606840,
    1316766,7594916,5632143,2588701,6969891,1302688,1302688,1542015,1302688,2937043,7767974,123413,2937043,7594916,4361753,
    1302688,6969891,6651929,7838613,7594916,1120821,1996912,1137275,1996912,1302688,6969891,1302688,1316766,1542015,1912359,
    5641761,1912359,2937043,5641761,2525671,6318408,5641761,4111266,4639684,2937043,1427788,1170709,1996912,7594916,2588701,
    7594916,1996912,3557729,1302688,7594916,5632143,5991231,5632143,1316766,7594916,1316766,3557729,3557729,1316766,1614364,
    1624432,2556538,5641761,1786149,2937043,8652168,3279271,1427788,566269,3318536,749336,3279271,5991231,7594916,4361753,
    2537456,613247,2588701,1996912,6969891,1120821,5632143,6969891,1137275,5606840,6969891,3557729,3557729,2588701,5641761,
    1542015,1614364,1120821,5991231,7594916,4361753,5504183,1542015,1302688,3557729,2588701,3557729,5632143,1996912,3557729,
    1542015,1996912,6969891,1542015,1614364,518262,566269,1542015,6969891,3557729,1302688,1316766,2588701,1542015,5632143,
    5991231,5632143,1542015,3557729,5606840,1316766,1316766,1302688,1614364,3606656,8458587,2556538,8458587,1996912,1137275,
    1912359,1542015,1302688,3557729,2588701,1912359,5606840,1912359,5641761,1316766,6347114,2588701,1302688,3557729,1542015,
    3557729,5606840,6969891,1120821,5632143,1996912,7594916,3557729,5606840,1912359,1302688,2588701,8794449,8794449,566269,
    1427788,2937043,1427788,566269,4639684,8458587,4458139,5991231,1542015,1137275,1542015,1316766,1996912,1542015,5641761,
    1542015,1120821,5632143,1542015,1996912,6969891,1542015,6969891,1316766,1614364,8794449,5641761,2525671,6318408,5641761,
    2937043,2225277,566269,3606656,8458587,2556538,8458587,5632143,1302688,1137275,3557729,1996912,1542015,1316766,1542015,
    5641761,1542015,5632143,5991231,5632143,1302688,1137275,3557729,1996912,1542015,1316766,1912359,5641761,1542015,1614364,
    8794449,8794449,2525671,566269,3606656,8458587,2556538,8458587,1996912,1137275,1542015,5606840,6969891,2588701,3557729,
    1996912,5606840,7594916,1542015,5641761,6969891,6347114,7594916,8142419,4361962,1302688,3557729,5606840,2537456,6969891,
    8794449,8794449,1786149,566269,2225277,566269,566269,2525671,2937043,8652168,3279271,1427788,566269,1786149,3279271,
    1996912,1996912,1912359,1996912,1302688,6969891,7594916,3557729,5632143,5991231,5632143,1912359,5606840,1996912,3557729,
    1302688,2588701,1614364,5641761,1786149,613247,2937043,5641761,2525671,6318408,5641761,2937043,4111266,4639684,2937043,
    1316766,1302688,1996912,7594916,1316766,6969891,1120821,7594916,4361753,6969891,4639684,1316766,1912359,7838613,3557729,
    743293,1427788,2937043,1624432,2556538,5641761,1786149,2937043,1427788,566269,7594916,8142419,1912359,3753688,1996912,
    6969891,5641761,1912359,5632143,5991231,5632143,1996912,1137275,2588701,2588701,3557729,5606840,5641761,3557729,5632143,
    7594916,8142419,1912359,1912359,3557729,1996912,1614364,5641761,2525671,6318408,5641761,2937043,1427788,566269,3606656,
    8458587,2556538,8458587,5632143,2588701,1137275,3557729,1912359,6969891,1316766,5641761,1542015,1120821,2588701,1137275,
    3557729,1912359,6969891,1316766,1996912,5641761,1542015,8794449,8794449,3753688,3279271,3322816,566269,1786149,4111266,
    2525671,3279271,1786149,4111266,2525671,2937043,8652168,566269,3606656,8458587,2556538,8458587,5632143,1542015,2588701,
    1912359,1316766,1912359,2588701,5632143,5991231,5632143,1542015,1137275,2588701,1912359,1316766,1912359,3557729,5641761,
    1542015,1614364,8794449,8794449,1427788,8458587,2525671,8794449,566269,3753688,2937043,8652168,8458587,2525671,8794449,
    566269,3322816,2937043,1427788,566269,5632143,1302688,1137275,6969891,2588701,1542015,1302688,3557729,5641761,1542015,
    1120821,1996912,1137275,7594916,1302688,1542015,1912359,5606840,1316766,1912359,5641761,1912359,2937043,5641761,1786149,
    613247,2937043,5641761,1786149,613247,2937043,5641761,2525671,6318408,5641761,2937043,4111266,4639684,2937043,1427788,
    743293,5991231,1996912,7594916,5606840,6969891,1912359,5606840,5606840,5606840,5632143,7594916,4361753,1302688,1302688,
    5606840,8090913,5641761,1614364,5632143,5991231,5632143,1542015,1996912,1912359,1302688,2588701,7594916,1614364,1624432,
    2556538,5641761,1786149,2937043,4111266,4639684,2937043,1427788,1170709,6969891,1316766,6969891,1912359,2588701,7594916,
    2588701,5632143,5991231,5632143,1542015,1137275,1316766,1302688,2588701,2588701,2588701,5641761,1542015,1120821,5991231,
    1542015,7594916,1316766,1996912,5606840,1120821,5632143,1996912,1137275,7594916,7594916,7594916,1316766,6969891,5641761,
    1542015,1614364,1614364,1624432,2556538,5641761,1786149,2937043,4361962,566269,6651929,5991231,1614364,6102236,566269,
    6651929,5991231,1614364,5260148,566269,6651929,5991231,1614364,2225277,566269,6651929,5991231,1614364,2525671,566269,
    6651929,5991231,1614364,3753688,566269,6651929,5991231,1614364,3606656,8458587,2225277,8794449,566269,6003611,8458587,
    7594916,8142419,1542015,1542015,1302688,8090913,1996912,5632143,7594916,8142419,1542015,1542015,1302688,6969891,6651929,
    8794449,6904463,566269,6651929,5991231,1614364,3322816,566269,6003611,8458587,2588701,1137275,3557729,1542015,5606840,
    1316766,3557729,1302688,1996912,7594916,2588701,5641761,6969891,6347114,1996912,1137275,1996912,1996912,7594916,5606840,
    5606840,1912359,1302688,5641761,1912359,8794449,2237146,566269,6651929,5991231,1614364,3606656,8458587,2525671,8794449,
    566269,6003611,8458587,1542015,3557729,7594916,1542015,5632143,7594916,4361753,1996912,1542015,1996912,2537456,8794449,
    2577324,566269,6651929,5991231,1614364,6318408,566269,6651929,5991231,1614364,3606656,8458587,6904463,8794449,566269,
    6003611,8458587,1996912,1316766,6969891,5606840,1542015,1996912,5632143,1996912,1316766,6969891,5606840,3557729,1912359,
    8794449,3606656,8458587,3753688,8794449,566269,6003611,8458587,7594916,4361753,1996912,1542015,4361962,4639684,9085190,
    6969891,8090913,613247,6347114,1996912,1137275,5606840,1996912,3557729,3557729,7594916,7594916,1302688,5641761,1912359,
    8794449,8159549,566269,7594916,8142419,1542015,613247,8652168,9085190,1542015,1316766,7838613,7594916,6347114,1996912,
    1137275,1996912,3557729,1996912,7594916,1542015,1542015,2588701,5641761,1912359,2937043,9085190,566269,6651929,5991231,
    1614364,3606656,8458587,2237146,8794449,566269,6003611,8458587,7594916,4361753,8090913,3557729,6969891,7594916,1542015,
    5632143,1302688,1912359,3557729,7594916,3557729,1302688,8794449,7767974,566269,6003611,8458587,2588701,5606840,3557729,
    2588701,1542015,1996912,1302688,1542015,3557729,2588701,6347114,1996912,1137275,5606840,1542015,3557729,7594916,1542015,
    1542015,1316766,5641761,1912359,8794449,4904021,566269,9062081,5991231,5632143,1912359,1302688,1316766,1996912,5606840,
    6969891,5632143,5991231,5632143,6969891,1137275,7594916,1542015,6969891,3557729,5606840,5641761,1542015,1614364,3279271,
    3318536,9085190,3279271,2577324,749336,1614364,8142419,566269,6651929,5991231,1614364,3606656,8458587,8142419,8794449,
    566269,6003611,8458587,2588701,7594916,3557729,5606840,1912359,6969891,7594916,1302688,1542015,6969891,6347114,5991231,
    7594916,4361753,1302688,1912359,2588701,8090913,4639684,1120821,7594916,4361753,5504183,6969891,1912359,1542015,7594916,
    1316766,1614364,8794449,5793077,566269,6651929,5991231,1614364,3606656,8458587,2577324,8794449,566269,6003611,8458587,
    5991231,5632143,1316766,1912359,1912359,1302688,7594916,1302688,5632143,5991231,5632143,2588701,1316766,1912359,1996912,
    6969891,5606840,1614364,1614364,5632143,5991231,5632143,1542015,1137275,6969891,7594916,3557729,2588701,5606840,5641761,
    1542015,1614364,8794449,1786149,566269,6003611,8458587,1996912,1912359,1302688,1316766,1912359,1302688,5632143,5991231,
    3557729,7594916,1542015,1996912,1996912,7594916,1120821,5632143,2588701,2588701,1316766,2588701,5606840,1542015,1614364,
    8794449,2434528,566269,4111266,5991231,7594916,4361753,7838613,3557729,7838613,6969891,1912359,2588701,5632143,7594916,
    8142419,6969891,3557729,2588701,1912359,3279271,3318536,8142419,3279271,6318408,749336,1614364,5504183,566269,6651929,
    5991231,1614364,3454205,566269,3949987,5991231,1912359,2588701,1912359,7594916,2588701,1996912,1120821,7594916,4361753,
    1316766,8090913,6969891,2588701,7594916,6969891,3279271,3318536,5793077,7384885,9085190,749336,1614364,8652168,566269,
    2173957,5991231,7594916,4361753,3557729,1542015,1316766,6969891,9085190,5641761,5632143,5991231,5632143,1912359,5606840,
    1316766,2588701,1316766,1316766,1614364,3279271,3318536,9085190,3279271,2577324,749336,1614364,2537456,3279271,7767974,
    566269,3318536,749336,3279271,2434528,2937043,3606656,8458587,6102236,8794449,566269,6003611,8458587,7594916,8142419,
    1542015,2588701,8090913,5606840,1542015,1120821,5632143,5606840,5606840,1316766,3557729,1912359,3557729,8794449,4621789,
    566269,3318536,749336,3606656,8458587,5260148,8794449,566269,6003611,8458587,5632143,1912359,1912359,5606840,1912359,
    5606840,6969891,5632143,5991231,5632143,1912359,1912359,5606840,1912359,1542015,1996912,1614364,8794449,3606656,8458587,
    5504183,8794449,566269,6003611,8458587,7594916,8142419,1302688,1542015,1316766,8090913,7594916,1542015,5641761,3557729,
    6347114,7594916,4361753,1912359,1302688,9085190,1996912,9085190,1542015,8794449,3606656,8458587,9085190,8794449,566269,
    6003611,8458587,1996912,1137275,3557729,1996912,1302688,5606840,1996912,2588701,2588701,5641761,1912359,6347114,5606840,
    1542015,3557729,7594916,1912359,1912359,1912359,8794449,3606656,8458587,5793077,8794449,566269,6003611,8458587,1996912,
    1137275,2588701,1996912,3557729,1316766,1912359,1316766,1302688,2588701,3557729,5641761,6969891,6347114,1912359,1137275,
    3557729,1542015,5606840,2588701,3557729,5606840,5641761,1302688,8794449,4140023,566269,3576238,5991231,5991231,6969891,
    1137275,1912359,6969891,1316766,1912359,1912359,5606840,5641761,1302688,5632143,5991231,5632143,1996912,3557729,1912359,
    1912359,1996912,1302688,1614364,1614364,5632143,5991231,5632143,3557729,3557729,2588701,1316766,3557729,3557729,1614364,
    3279271,3318536,2556538,8458587,5991231,7594916,4361753,6969891,1996912,8090913,9085190,3557729,1912359,3557729,8652168,
    1996912,6347114,7594916,4361753,1996912,9085190,5504183,7594916,4639684,9085190,6651929,7594916,1614364,6347114,5991231,
    1316766,3557729,6969891,2588701,3557729,1316766,3557729,2588701,6347114,7594916,8142419,1996912,1302688,1912359,6969891,
    1302688,1912359,5641761,1614364,8794449,7384885,2556538,8458587,5991231,7594916,8142419,5606840,7594916,8090913,3557729,
    8652168,6969891,7594916,2588701,5632143,5991231,5632143,1996912,1996912,2588701,7594916,1316766,2588701,5632143,5991231,
    5991231,1912359,1137275,1316766,5606840,1912359,1302688,6969891,5641761,1542015,1120821,5991231,1912359,1137275,5606840,
    1996912,6969891,5606840,1302688,5641761,1542015,1120821,5632143,2588701,7594916,1316766,5606840,1542015,7594916,1912359,
    1614364,1614364,5632143,5991231,5632143,5606840,6969891,6969891,1316766,1912359,2588701,1614364,1614364,1614364,1614364,
    6347114,1996912,1137275,1996912,5606840,5606840,3557729,7594916,1316766,5606840,5641761,1912359,8794449,3279271,3753688,
    3279271,2577324,3279271,5504183,3279271,5260148,7384885,6904463,3279271,4361962,749336,1614364,3606656,8458587,6318408,
    8794449,566269,6003611,8458587,7594916,4361753,3753688,7838613,613247,1542015,7594916,1912359,613247,6347114,5991231,
    5991231,5632143,3557729,6969891,1996912,1542015,1316766,1912359,1120821,5991231,7594916,8142419,1316766,6969891,6651929,
    1996912,5606840,5632143,5991231,5632143,1996912,2588701,2588701,1542015,1912359,7594916,1614364,1614364,1614364,5632143,
    5991231,5632143,6969891,1137275,5606840,3557729,1316766,1912359,1996912,5641761,1542015,1614364,1614364,8794449,3606656,
    8458587,4361962,8794449,566269,6003611,8458587,5632143,5606840,1316766,1996912,1996912,1912359,1302688,1120821,3557729,
    1137275,5606840,5606840,7594916,1996912,1996912,1302688,1996912,5641761,1912359,6347114,7594916,8142419,1996912,6651929,
    2588701,4639684,2537456,7594916,8794449,1427788,566269,9062081,5991231,1996912,1137275,2588701,5606840,1996912,7594916,
    1302688,2588701,5606840,1316766,1316766,5641761,6969891,6347114,1996912,1996912,5606840,1912359,5606840,6969891,1912359,
    7594916,3279271,3318536,8142419,7384885,6318408,749336,1614364,7701716,566269,3949987,5991231,5991231,1996912,1137275,
    3557729,1542015,6969891,6969891,2588701,7594916,7594916,1996912,5641761,6969891,5632143,5991231,5632143,1302688,1542015,
    6969891,1996912,1542015,3557729,1614364,1614364,6347114,7594916,8142419,6969891,1302688,1542015,1542015,5641761,2537456,
    3279271,3318536,9085190,3279271,2225277,3279271,2237146,3279271,2556538,8458587,1302688,5606840,1542015,1316766,1912359,
    1912359,5632143,1302688,5606840,1542015,1316766,1912359,1302688,8794449,7384885,2556538,8458587,6969891,2588701,6969891,
    1316766,7594916,1302688,1120821,5632143,6969891,2588701,6969891,1316766,7594916,3557729,8794449,7384885,6102236,3279271,
    2525671,749336,1614364,2185202,566269,5991231,1316766,1137275,5606840,2588701,1912359,6969891,1542015,5641761,1542015,
    1120821,5632143,6969891,1316766,1542015,1996912,1316766,1996912,1614364,1120821,1302688,1137275,3557729,5606840,1996912,
    7594916,1912359,1996912,5641761,1302688,2937043,3606656,8458587,5260148,8794449,566269,1427788,2937043,3606656,8458587,
    4361962,8794449,566269,8652168,2937043,3606656,8458587,8142419,8794449,566269,7701716,2937043,3606656,8458587,5793077,
    8794449,566269,8159549,2937043,3606656,8458587,9085190,8794449,566269,2537456,2937043,3606656,8458587,2577324,8794449,
    566269,4621789,2937043,3606656,8458587,6318408,8794449,566269,4140023,2937043,3606656,8458587,6102236,8794449,566269,
    4904021,2937043,3606656,8458587,5504183,8794449,566269,3454205,2937043,4361753,566269,3318536,749336,8090913,566269,
    7767974,5991231,2185202,3279271,4361753,1614364,4361753,566269,3606656,8458587,6904463,8794449,1427788,566269,4639684,
    8458587,4458139,5991231,1316766,3557729,1316766,1912359,1302688,1912359,5632143,7594916,8142419,3753688,1542015,3753688,
    8652168,6651929,1614364,8794449,1624432,566269,3318536,4361753,5991231,3322816,1614364,749336,2185202,566269,3318536,
    8090913,5991231,123413,5991231,1624432,1614364,1614364,749336,8652168,566269,3318536,123413,5991231,2185202,1614364,
    749336,5641761,2525671,6318408,5641761,4111266,4639684,5991231,1996912,1137275,7594916,1542015,3557729,7594916,7594916,
    1542015,2588701,5641761,1912359,5632143,1316766,1542015,3557729,1302688,1302688,7594916,1614364,5632143,5991231,5632143,
    6969891,7594916,6969891,6969891,1316766,2588701,1614364,743293,1427788,2937043,1624432,2556538,5641761,1786149,2937043,
    7767974,566269,4458139,5991231,7594916,8142419,4639684,2588701,2537456,613247,2588701,1120821,5632143,6969891,1542015,
    1542015,3557729,6969891,7594916,1614364,8652168,566269,3606656,8458587,2225277,8794449,1427788,566269,8652168,518262,
    566269,7767974,2937043,1427788,566269,1427788,2937043,8090913,1786149,613247,5991231,5632143,3557729,7594916,3557729,
    5606840,1542015,1120821,5991231,7594916,4361753,1302688,8652168,1542015,4639684,1912359,5641761,3557729,3753688,613247,
    6969891,9085190,6347114,1912359,2588701,6969891,1912359,1996912,1542015,7594916,1912359,2588701,6969891,1316766,1614364,
    6347114,7594916,4361753,1996912,5606840,1302688,9085190,2588701,7594916,4639684,8090913,2537456,1614364,6347114,2588701,
    1137275,5606840,1912359,6969891,1912359,3557729,3557729,2588701,5641761,1912359,2937043,7767974,123413,2937043,7594916,
    4361753,3557729,1996912,1542015,1542015,7594916,8652168,5632143,5991231,5632143,1912359,1137275,3557729,2588701,1316766,
    1542015,1912359,5641761,1542015,5632143,5991231,5606840,1912359,6969891,1542015,2588701,1996912,1120821,5632143,1542015,
    1137275,5606840,1316766,1912359,1302688,6969891,5641761,1542015,1614364,1614364,5641761,2525671,6318408,5641761,2937043,
    4503935,4140023,8458587,7594916,8142419,2588701,1316766,4639684,8090913,6969891,4639684,3557729,5641761,6347114,1542015,
    1137275,3557729,1996912,5606840,3557729,6969891,1996912,5641761,1302688,8794449,3279271,4503935,4140023,8458587,5632143,
    1996912,7594916,1996912,6969891,1912359,1912359,1912359,1120821,7594916,8142419,4639684,1316766,4639684,6969891,2588701,
    8794449,3279271,4503935,4140023,8458587,1912359,1316766,1302688,3557729,1996912,5632143,1912359,1316766,3557729,6969891,
    1302688,8794449,3279271,4503935,4140023,8458587,2588701,1137275,5606840,1302688,1542015,6969891,3557729,5606840,6969891,
    6969891,5641761,1316766,6347114,1996912,1996912,1542015,3557729,1996912,1996912,1316766,8794449,3279271,4503935,4140023,
    8458587,1542015,1137275,1912359,1996912,7594916,1912359,2588701,5641761,1542015,1120821,5632143,1542015,1912359,1996912,
    7594916,1542015,3557729,8794449,3279271,4503935,4140023,8458587,1302688,1912359,1996912,2588701,3557729,5606840,1120821,
    5991231,5632143,1302688,1137275,1912359,7594916,7594916,1542015,1542015,5641761,1542015,1120821,5632143,1996912,7594916,
    7594916,1316766,1614364,8794449,3279271,4503935,4140023,8458587,5991231,5632143,1912359,2588701,1542015,1542015,1542015,
    6969891,1120821,2588701,6969891,6969891,3557729,1912359,6969891,1316766,1316766,1542015,1614364,6347114,7594916,4361753,
    2588701,6651929,1912359,3753688,1542015,1316766,8794449,3279271,4503935,4140023,8458587,5632143,2588701,6969891,7594916,
    6969891,6969891,1912359,5632143,5991231,5632143,2588701,1137275,6969891,1996912,7594916,1912359,2588701,5641761,1542015,
    1614364,8794449,3279271,4503935,4140023,8458587,1542015,1137275,2588701,5606840,5606840,7594916,1302688,1912359,2588701,
    5641761,1912359,6347114,7594916,4361753,6969891,6651929,7838613,5606840,5606840,7594916,8794449,3279271,4503935,4140023,
    8458587,5991231,5991231,7594916,8142419,2588701,3753688,1316766,7838613,5641761,5632143,5991231,5632143,1996912,1137275,
    1912359,6969891,7594916,5606840,1302688,5641761,1542015,1614364,1614364,5632143,2588701,5606840,6969891,1302688,5606840,
    1302688,1614364,1120821,5991231,1912359,1137275,2588701,6969891,2588701,1912359,3557729,5641761,1542015,1120821,5991231,
    5632143,6969891,1137275,2588701,6969891,6969891,7594916,1912359,5641761,1542015,5632143,5991231,5632143,1912359,1316766,
    1316766,2588701,1302688,1614364,1614364,1614364,8794449,3279271,4503935,4140023,8458587,2588701,3557729,1542015,1302688,
    1302688,6969891,1316766,1912359,5606840,1542015,6347114,6969891,1137275,1912359,3557729,1316766,1316766,7594916,3557729,
    5641761,1302688,8794449,3279271,4503935,4140023,8458587,5632143,1542015,1137275,1302688,3557729,1316766,1912359,1996912,
    5641761,1542015,5632143,5991231,5991231,5632143,1996912,1137275,7594916,1996912,1542015,1912359,2588701,5641761,1302688,
    1120821,6969891,1137275,7594916,1542015,1316766,1302688,1302688,5641761,1542015,1614364,5632143,7594916,8142419,1302688,
    4639684,1996912,6969891,1302688,1614364,8794449,3279271,4503935,4140023,8458587,5991231,5632143,1316766,1137275,1912359,
    1542015,2588701,3557729,2588701,5641761,1542015,1120821,2588701,1137275,2588701,1912359,1302688,5606840,5606840,5606840,
    1912359,3557729,5606840,5641761,6969891,1614364,6347114,7594916,8142419,8090913,2537456,5606840,5606840,2588701,7594916,
    8794449,3279271,4503935,4140023,8458587,5632143,1996912,1137275,1316766,1316766,1996912,1542015,5606840,5641761,1542015,
    5632143,5991231,5632143,1996912,1316766,1316766,5606840,2588701,1996912,1614364,8794449,3279271,4503935,4140023,8458587,
    7594916,8142419,1912359,1302688,6969891,1996912,1542015,6651929,9085190,1912359,6347114,5991231,7594916,4361753,4639684,
    8090913,7594916,9085190,7594916,4361962,5632143,5991231,5632143,1302688,1137275,1996912,2588701,1996912,1912359,1912359,
    5641761,1542015,1614364,1614364,1120821,5632143,5606840,1137275,1542015,3557729,1316766,5606840,3557729,5641761,1542015,
    8794449,3279271,4503935,4140023,8458587,1316766,1542015,1996912,2588701,1302688,3557729,2588701,5606840,1912359,6347114,
    1996912,1137275,1302688,7594916,1302688,1996912,1542015,1316766,6969891,5641761,1912359,8794449,3279271,4503935,4140023,
    8458587,1542015,2588701,6969891,2588701,1302688,1912359,7594916,5606840,5606840,6347114,2588701,1137275,6969891,1912359,
    5606840,3557729,1996912,5641761,1302688,8794449,3279271,4503935,4140023,8458587,5632143,1912359,1137275,7594916,1316766,
    1542015,1996912,2588701,5641761,1542015,1120821,1912359,7594916,1316766,1542015,1542015,1542015,8794449,3279271,4503935,
    4140023,8458587,5606840,1137275,2588701,2588701,1996912,3557729,1542015,1302688,1302688,5606840,2588701,5641761,6969891,
    6347114,1996912,3557729,7594916,7594916,1302688,5606840,5606840,5606840,8794449,3279271,4503935,4140023,8458587,5632143,
    2588701,1137275,1316766,6969891,1912359,6969891,1302688,5641761,1542015,1120821,7594916,8142419,3557729,1302688,5504183,
    5606840,8652168,8794449,3279271,4503935,4140023,8458587,7594916,8142419,1996912,1996912,6651929,1302688,1912359,1120821,
    5632143,1912359,5606840,1542015,2588701,1996912,8794449,3279271,4503935,4140023,8458587,1542015,3557729,3557729,7594916,
    1316766,3557729,1120821,5632143,1542015,3557729,3557729,7594916,2588701,3557729,8794449,3279271,4503935,4140023,8458587,
    1996912,1137275,5606840,1316766,6969891,1912359,3557729,5641761,1542015,5632143,1996912,1137275,5606840,1316766,6969891,
    1542015,1316766,5641761,1542015,8794449,3279271,4503935,4140023,8458587,7594916,8142419,1542015,3753688,2588701,5504183,
    3753688,9085190,1302688,7594916,6347114,7594916,4361753,613247,3557729,6969891,1542015,1302688,6651929,8794449,3279271,
    4503935,4140023,8458587,5991231,5606840,7594916,1316766,5606840,6969891,7594916,2588701,7594916,5632143,5991231,5632143,
    3557729,1137275,5606840,1302688,1542015,1302688,1542015,5641761,1542015,1614364,1614364,6347114,5991231,7594916,4361753,
    5606840,1912359,7594916,2537456,5606840,2588701,2588701,5606840,6347114,5606840,1137275,6969891,1996912,1302688,7594916,
    1302688,2588701,5641761,1302688,5632143,7594916,8142419,3557729,1316766,6969891,5606840,6969891,1614364,8794449,3279271,
    4503935,4140023,8458587,7594916,4361753,2588701,3557729,613247,6969891,5504183,8090913,6651929,1316766,6347114,1912359,
    1137275,1542015,5606840,6969891,1302688,1912359,1996912,5641761,1302688,8794449,3279271,4503935,4140023,8458587,6969891,
    5606840,7594916,1302688,1542015,6969891,1120821,5632143,6969891,5606840,7594916,1302688,5606840,1542015,8794449,3279271,
    4503935,4140023,8458587,5632143,6969891,2588701,1912359,1996912,3557729,1542015,1120821,7594916,8142419,5641761,2588701,
    1542015,7838613,4361962,8794449,3279271,4503935,4140023,8458587,5991231,7594916,4361753,5606840,6969891,7838613,1542015,
    6969891,1912359,2537456,1996912,1912359,6347114,1542015,1542015,5606840,2588701,1302688,5606840,1542015,1302688,1912359,
    1614364,6347114,5606840,7594916,7594916,1302688,7594916,1912359,1302688,8794449,3279271,4503935,4140023,8458587,7594916,
    8142419,1302688,6969891,1912359,5606840,3557729,7594916,3753688,6347114,7594916,4361753,1996912,1302688,1912359,4361962,
    4639684,3753688,8794449,3279271,4503935,4140023,8458587,5991231,7594916,8142419,3753688,1302688,6651929,8090913,2537456,
    5632143,1912359,5606840,1302688,2588701,7594916,1614364,1120821,5632143,1912359,3557729,1996912,2588701,1302688,5606840,
    8794449,3279271,4503935,4140023,8458587,5606840,1137275,1542015,1912359,1542015,1912359,1542015,1912359,1542015,3557729,
    5641761,1316766,6347114,5991231,1542015,1137275,3557729,1302688,1316766,7594916,1316766,5606840,5641761,1302688,5632143,
    5991231,5632143,1996912,1137275,7594916,5606840,5606840,2588701,6969891,3557729,5641761,1302688,1614364,1614364,8794449,
    3279271,4503935,4140023,8458587,5632143,5606840,1137275,6969891,1316766,3557729,2588701,3557729,5641761,1542015,5632143,
    5991231,5632143,5606840,6969891,1316766,3557729,3557729,6969891,1614364,8794449,3279271,4503935,4140023,8458587,1996912,
    1137275,1316766,7594916,5606840,7594916,1912359,5641761,1542015,1120821,5632143,1996912,1316766,7594916,2588701,1316766,
    3557729,8794449,3279271,4503935,4140023,8458587,1542015,2588701,6969891,6969891,6969891,7594916,5632143,1542015,2588701,
    6969891,6969891,1542015,1316766,8794449,3279271,4503935,4140023,8458587,5632143,3557729,2588701,3557729,1302688,2588701,
    2588701,5632143,5991231,5632143,3557729,2588701,3557729,1302688,6969891,1316766,1614364,8794449,3279271,4503935,4140023,
    8458587,5632143,1316766,1912359,5606840,7594916,7594916,1912359,1120821,5991231,5991231,1996912,1542015,3557729,2588701,
    1996912,1912359,5606840,2588701,6969891,5606840,1542015,1996912,6347114,7594916,8142419,1912359,1316766,4639684,1542015,
    6651929,8652168,7838613,1912359,1614364,6347114,1996912,1137275,7594916,1316766,1912359,1912359,1316766,2588701,6969891,
    5641761,1912359,1120821,5632143,1996912,1316766,1542015,1302688,6969891,1614364,8794449,3279271,4503935,4140023,8458587,
    7594916,4361753,1996912,1912359,7838613,3557729,5606840,1302688,1316766,1912359,6347114,3557729,1137275,1996912,1316766,
    1302688,1996912,1912359,1996912,5641761,1302688,8794449,3279271,4503935,4140023,8458587,1542015,1137275,3557729,1542015,
    1996912,1912359,1302688,1912359,6969891,1542015,5641761,1316766,6347114,7594916,4361753,2588701,613247,1912359,1542015,
    2588701,3557729,8794449,566269,5991231,2588701,2588701,1912359,1302688,1302688,5606840,7594916,1316766,1302688,3557729,
    7594916,1542015,1912359,5632143,5991231,5632143,3557729,1137275,1542015,2588701,6969891,2588701,1302688,5641761,1542015,
    1120821,7594916,8142419,1996912,1302688,1996912,4639684,3557729,8090913,1614364,1614364,5632143,5991231,7594916,4361753,
    7838613,3753688,6651929,7594916,1542015,1120821,5991231,1542015,6969891,5606840,1912359,1912359,1996912,1120821,5632143,
    1996912,1996912,2588701,6969891,2588701,6969891,5606840,1614364,1614364,3279271,5991231,5632143,1302688,1137275,1316766,
    7594916,5606840,5606840,1302688,5641761,1542015,1120821,7594916,8142419,1996912,5641761,3753688,5606840,1542015,1614364,
    5632143,5991231,5632143,1542015,1542015,3557729,5606840,3557729,3557729,1614364,3279271,5991231,5991231,7594916,8142419,
    6969891,613247,1542015,613247,3557729,1120821,5632143,1996912,7594916,2588701,3557729,5606840,7594916,1316766,1614364,
    1120821,2588701,2588701,1302688,1912359,7594916,1316766,2588701,6969891,7594916,1542015,6347114,5991231,1542015,1137275,
    6969891,1912359,2588701,1996912,5606840,5641761,1542015,1120821,7594916,4361753,613247,4361962,7838613,6969891,9085190,
    8652168,1614364,1614364,5632143,2588701,1542015,5606840,1912359,1996912,7594916,3279271,6969891,1137275,3557729,1302688,
    1542015,1302688,2588701,5641761,1542015,1120821,5632143,6969891,3557729,1302688,1542015,3557729,1542015,3279271,7594916,
    8142419,2588701,6651929,1302688,4361962,1542015,5632143,1996912,1137275,6969891,3557729,2588701,1912359,1996912,5641761,
    1542015,3279271,1996912,7594916,1302688,7594916,6969891,3557729,1302688,1302688,1316766,2588701,6347114,7594916,4361753,
    4639684,1316766,4361962,2588701,6651929,5606840,1120821,5606840,7594916,1542015,2588701,1302688,7594916,1542015,3279271,
    5632143,1996912,7594916,5606840,2588701,1316766,5606840,1542015,5632143,5991231,5632143,1996912,1137275,7594916,5606840,
    2588701,1316766,3557729,1542015,5641761,1302688,1614364,3279271,5991231,5991231,5991231,5991231,5632143,1542015,1542015,
    3557729,5606840,1542015,1120821,7594916,8142419,1542015,8090913,3557729,6969891,8090913,1614364,1120821,1912359,1996912,
    2588701,1302688,6969891,1302688,1996912,6969891,7594916,6347114,7594916,4361753,2588701,9085190,1912359,1316766,4361962,
    2537456,1614364,1120821,5632143,1996912,1996912,3557729,3557729,7594916,3557729,1996912,1614364,1120821,5632143,3557729,
    3557729,5606840,5606840,3557729,6969891,1614364,1120821,7594916,8142419,1996912,1316766,8652168,1912359,1542015,6969891,
    4639684,1996912,1316766,5504183,4361962,7838613,3279271,5632143,6969891,2588701,1302688,1542015,7594916,6969891,1120821,
    7594916,8142419,1302688,1302688,8090913,7594916,4361962,1996912,3279271,1996912,3557729,7594916,2588701,1316766,1542015,
    7594916,1996912,5606840,3557729,7594916,1912359,2588701,1316766,6969891,1542015,6347114,7594916,8142419,1996912,1302688,
    1302688,2588701,3557729,8090913,1996912,8652168,1542015,5606840,5606840,2588701,3279271,3557729,6969891,7594916,1542015,
    1316766,6969891,1912359,2588701,1302688,3557729,6969891,1316766,7594916,5632143,6969891,1996912,1996912,2588701,1912359,
    3279271,5991231,5991231,5632143,1302688,1542015,1316766,1316766,1316766,6969891,1120821,5991231,1302688,1316766,1316766,
    1316766,6969891,1120821,1996912,1137275,3557729,3557729,1542015,6969891,1996912,1302688,5641761,1302688,1614364,1614364,
    1120821,2588701,1137275,1912359,1302688,1542015,1316766,2588701,1996912,5606840,1912359,3557729,5606840,1316766,3557729,
    1912359,1302688,5641761,1996912,1912359,6347114,2588701,1137275,7594916,6969891,1542015,5606840,1996912,6969891,2588701,
    2588701,5606840,7594916,2588701,5606840,5606840,5606840,5641761,1996912,1542015,1614364,6347114,2588701,3557729,1302688,
    1542015,7594916,1316766,1996912,3557729,3557729,6969891,2588701,6969891,2588701,3557729,3279271,7594916,8142419,1542015,
    5606840,1912359,2588701,4639684,5504183,1302688,1316766,1542015,1996912,5606840,5632143,7594916,4361753,5606840,1542015,
    1302688,5504183,6969891,3279271,5991231,1542015,1912359,5606840,1996912,6969891,1996912,1316766,6969891,1302688,1302688,
    1316766,6347114,7594916,8142419,2588701,3557729,1542015,2537456,1316766,1302688,8652168,5504183,1614364,6347114,2588701,
    1996912,1996912,1996912,1542015,1996912,5606840,3557729,5632143,5991231,5632143,1912359,1137275,1302688,1996912,3557729,
    2588701,5606840,5641761,1542015,1614364,3279271,5606840,3557729,1542015,1542015,7594916,5606840,3557729,1316766,3557729,
    5606840,6969891,1996912,6969891,5632143,5991231,5632143,6969891,1912359,1996912,1542015,1912359,7594916,1614364,3279271,
    1542015,1316766,1316766,1302688,3557729,1542015,5632143,5991231,1912359,1912359,3557729,1302688,1316766,3557729,7594916,
    1316766,6347114,5991231,5632143,1302688,1137275,1302688,3557729,1302688,1912359,1996912,5641761,1542015,1120821,5606840,
    1137275,7594916,1542015,1302688,7594916,5606840,6969891,5641761,1302688,1614364,1120821,1912359,1137275,7594916,1316766,
    7594916,1912359,1912359,6969891,1912359,5641761,1316766,1614364,6347114,1302688,2588701,1996912,3557729,5606840,5606840,
    5606840,3279271,7594916,4361753,4639684,1996912,5606840,2588701,1996912,1302688,5641761,8090913,7594916,2588701,5606840,
    5632143,7594916,8142419,8652168,1912359,1912359,1542015,3279271,5991231,5991231,5991231,5991231,3557729,2588701,6969891,
    1316766,7594916,1912359,1120821,7594916,8142419,6651929,5641761,1996912,1996912,1614364,5632143,5991231,5632143,1996912,
    1137275,1912359,5606840,1996912,6969891,1542015,5641761,1542015,1614364,1614364,1120821,5991231,5632143,1542015,1302688,
    1542015,2588701,3557729,1302688,1120821,5632143,1996912,1996912,5606840,3557729,2588701,1302688,1302688,1614364,1614364,
    1120821,5991231,5632143,6969891,1137275,7594916,5606840,1542015,1912359,3557729,5641761,1542015,1120821,7594916,4361753,
    8652168,1996912,9085190,5641761,9085190,1302688,6969891,1302688,6651929,1912359,1302688,1614364,1614364,5632143,7594916,
    8142419,3557729,6969891,3557729,2588701,1542015,3279271,1912359,1137275,1302688,1996912,5606840,3557729,5606840,5641761,
    1542015,1120821,7594916,8142419,8090913,613247,2537456,1316766,6651929,1316766,7838613,7594916,7594916,5606840,1302688,
    5606840,2588701,6347114,1996912,1137275,1542015,3557729,2588701,6969891,1542015,6969891,1542015,7594916,5606840,1912359,
    1912359,3557729,1912359,5641761,1996912,5606840,3279271,6969891,1137275,1996912,2588701,1912359,1912359,6969891,5606840,
    1912359,7594916,1912359,1302688,1912359,5641761,1996912,1996912,5632143,1542015,1137275,1542015,2588701,1996912,6969891,
    6969891,5641761,1542015,3279271,4458139,5991231,5632143,6969891,1137275,3557729,2588701,1996912,1912359,1912359,5641761,
    1542015,1120821,6969891,1316766,7594916,1302688,1912359,3557729,1614364,3279271,6969891,1912359,1996912,1912359,1316766,
    7594916,2588701,7594916,1542015,1302688,1316766,1996912,5606840,5632143,7594916,8142419,1316766,6651929,7594916,1912359,
    1542015,3279271,1996912,1137275,3557729,1302688,1912359,3557729,3557729,5641761,1542015,5632143,1542015,3557729,6969891,
    1542015,5606840,1912359,1302688,3557729,3557729,6347114,7594916,8142419,1302688,5606840,5504183,3753688,1542015,7594916,
    3279271,7594916,8142419,1996912,1996912,6651929,1912359,5606840,2537456,4639684,7594916,7594916,1912359,1542015,1996912,
    1996912,6347114,5991231,7594916,4361753,5504183,5606840,5641761,8090913,1120821,2588701,1137275,1302688,5606840,5606840,
    1316766,7594916,1542015,1316766,1542015,1302688,1912359,1912359,1996912,3557729,5641761,1996912,5606840,1614364,3279271,
    1302688,1137275,1302688,3557729,1316766,1996912,1996912,5606840,1542015,1316766,3557729,1996912,1912359,1912359,1912359,
    1302688,5641761,1996912,3557729,6347114,1996912,3557729,1912359,1912359,5606840,1542015,1316766,1542015,1912359,1302688,
    1912359,1316766,2588701,1996912,3279271,7594916,4361753,3753688,1996912,1316766,2588701,1302688,5632143,1912359,1137275,
    6969891,2588701,1302688,7594916,5606840,5641761,1542015,3279271,7594916,4361753,2588701,1542015,2537456,1996912,4361962,
    5632143,1996912,1137275,1542015,3557729,1996912,3557729,1996912,5641761,1542015,3279271,7594916,4361753,2588701,8090913,
    5641761,1302688,7594916,3557729,5504183,1912359,6347114,5991231,5606840,1912359,7594916,1912359,1542015,1316766,1996912,
    5606840,3557729,6347114,7594916,4361753,1996912,2588701,5606840,9085190,9085190,6969891,5504183,1614364,3279271,5632143,
    6969891,1137275,1316766,1542015,3557729,1542015,1996912,5641761,1542015,1120821,5991231,5991231,1302688,5606840,7594916,
    1996912,6969891,1316766,1120821,1996912,7594916,6969891,2588701,1542015,1912359,3557729,1996912,7594916,5606840,3557729,
    1542015,2588701,1614364,5632143,5991231,5632143,2588701,1912359,2588701,1302688,1542015,1996912,1614364,1614364,3279271,
    5606840,1137275,1542015,7594916,1316766,1542015,2588701,1302688,1996912,1302688,1912359,5606840,1542015,1302688,1302688,
    5641761,1996912,5606840,5632143,5991231,5632143,5606840,7594916,7594916,3557729,2588701,1912359,1614364,3279271,5632143,
    5606840,1137275,1302688,1996912,3557729,1302688,1542015,5641761,1542015,1120821,1302688,1137275,6969891,5606840,1302688,
    1316766,5606840,5641761,1542015,3279271,5632143,2588701,1137275,1912359,7594916,1316766,2588701,3557729,5641761,1542015,
    5632143,5991231,6969891,1137275,7594916,1316766,2588701,1302688,1996912,5641761,1542015,1120821,5632143,1996912,1996912,
    1912359,6969891,7594916,1316766,1912359,1614364,3279271,6969891,1316766,5606840,5606840,3557729,3557729,1120821,5632143,
    6969891,1137275,1316766,5606840,5606840,2588701,6969891,5641761,1542015,3279271,5991231,5991231,5632143,1316766,1137275,
    6969891,1542015,3557729,7594916,1302688,5641761,1542015,5632143,5991231,5632143,3557729,1137275,1316766,2588701,6969891,
    1302688,6969891,5641761,1542015,1614364,1614364,5632143,5991231,1996912,7594916,1996912,1542015,7594916,1912359,5606840,
    1120821,5632143,3557729,1137275,1542015,1316766,5606840,1542015,6969891,5641761,1542015,1614364,1614364,1120821,6969891,
    1137275,1302688,6969891,1996912,1542015,6969891,5641761,1542015,3279271,5991231,7594916,8142419,1302688,8090913,1912359,
    2537456,5641761,9085190,8090913,8090913,7838613,9085190,3557729,613247,7594916,5632143,1316766,3557729,1996912,1302688,
    1316766,5606840,1614364,6347114,5991231,5991231,7594916,8142419,1996912,2588701,8090913,613247,5641761,8652168,1316766,
    1912359,1302688,1912359,1316766,1996912,9085190,7838613,5632143,5991231,5632143,6969891,1137275,1996912,1316766,7594916,
    5606840,1316766,5641761,1542015,5632143,5991231,5991231,5991231,1996912,1912359,7594916,1996912,1542015,5606840,5632143,
    5991231,5632143,1302688,3557729,3557729,5606840,5606840,1542015,1614364,1614364,1120821,5632143,1996912,1137275,1542015,
    3557729,5606840,5606840,5606840,5641761,1542015,1614364,1120821,5991231,5632143,1996912,1316766,1912359,1542015,1542015,
    6969891,1912359,5632143,5991231,5632143,1302688,1542015,7594916,2588701,1912359,1316766,1614364,1614364,1614364,1614364,
    1614364,6347114,2588701,1996912,2588701,1316766,1302688,1542015,1316766,7594916,7594916,1302688,7594916,3557729,5606840,
    1996912,1614364,3279271,4458139,5991231,5606840,1912359,7594916,1302688,1542015,7594916,2588701,5606840,1316766,6347114,
    5606840,1137275,1912359,3557729,5606840,1542015,1542015,2588701,5641761,1302688,1614364,3279271,4458139,5991231,1996912,
    1137275,5606840,2588701,2588701,3557729,1912359,2588701,5606840,5641761,1912359,6347114,1996912,1137275,7594916,6969891,
    1316766,1316766,1542015,1996912,5641761,1302688,1614364,3279271,5991231,5632143,1912359,3557729,1542015,6969891,1542015,
    6969891,5632143,5991231,5632143,3557729,1912359,7594916,7594916,6969891,1912359,1614364,1614364,1120821,2588701,1137275,
    1316766,1542015,1542015,6969891,1302688,1912359,5641761,1302688,3279271,4458139,5991231,5632143,1912359,3557729,1996912,
    1542015,1912359,1912359,1120821,1912359,1316766,7594916,7594916,3557729,1996912,1614364,4503935,4140023,8458587,1996912,
    1137275,7594916,7594916,1316766,1542015,1316766,6969891,5641761,1302688,5632143,1996912,7594916,7594916,1316766,1542015,
    1302688,1996912,8794449,566269,3606656,8458587,2556538,8458587,1912359,1137275,3557729,3557729,1912359,1996912,1996912,
    1996912,1542015,5641761,1316766,6347114,1316766,1996912,1316766,5606840,1302688,5606840,6969891,8794449,8794449,4503935,
    4140023,8458587,7594916,8142419,5606840,7594916,1302688,1316766,7594916,5632143,5991231,7594916,4361753,1542015,2588701,
    2588701,3753688,5606840,2537456,5606840,9085190,6347114,7594916,4361753,1302688,7594916,1912359,1316766,5606840,2537456,
    1120821,5991231,5632143,1542015,1137275,5606840,6969891,2588701,6969891,1542015,5641761,1542015,1120821,1996912,1137275,
    1302688,1542015,7594916,6969891,7594916,1542015,3557729,6969891,1316766,5641761,6969891,1614364,1614364,6347114,1996912,
    1137275,5606840,1542015,2588701,6969891,1996912,7594916,6969891,5641761,1912359,8794449,566269,5632143,1912359,7594916,
    3557729,1316766,1996912,7594916,1120821,1996912,1137275,1912359,1996912,5606840,1912359,1912359,2588701,5641761,1302688,
    2937043,4503935,4140023,8458587,1912359,1137275,7594916,1316766,3557729,3557729,1542015,1542015,2588701,6969891,5641761,
    1316766,6347114,7594916,8142419,7838613,3557729,2588701,2537456,5504183,1996912,8794449,566269,3606656,8458587,2556538,
    8458587,1996912,1137275,1912359,1912359,1912359,6969891,1996912,1912359,1912359,1912359,5641761,6969891,6347114,1996912,
    1137275,7594916,1316766,3557729,7594916,6969891,1302688,2588701,5641761,1912359,8794449,8794449,4503935,4140023,8458587,
    2588701,2588701,3557729,5606840,7594916,7594916,1542015,6969891,6969891,6347114,5991231,5991231,3557729,1137275,2588701,
    1316766,6969891,5606840,7594916,1996912,1316766,1302688,1302688,1316766,5641761,1996912,7594916,6347114,7594916,8142419,
    3753688,3557729,7838613,1542015,6969891,1912359,2537456,4639684,1614364,6347114,5991231,1996912,5606840,5606840,3557729,
    3557729,7594916,1302688,1996912,5632143,5991231,5632143,1912359,1137275,1542015,1996912,3557729,5641761,3557729,1614364,
    1614364,1614364,8794449,3279271,4503935,4140023,8458587,5991231,1912359,1137275,3557729,1912359,7594916,1316766,7594916,
    2588701,1302688,5641761,1316766,5632143,5991231,5632143,1996912,3557729,1316766,5606840,5606840,2588701,1614364,1614364,
    6347114,5606840,5606840,7594916,1302688,5606840,2588701,1996912,8794449,566269,5632143,1912359,2588701,3557729,1912359,
    6969891,3557729,1120821,3557729,1137275,2588701,1542015,1316766,1542015,1302688,1316766,5641761,1302688,3279271,5991231,
    5632143,3557729,1542015,6969891,7594916,6969891,1316766,1120821,5632143,1996912,1542015,7594916,7594916,3557729,2588701,
    1614364,1120821,7594916,4361753,1996912,9085190,1542015,1996912,1912359,3557729,8652168,1912359,6969891,9085190,5641761,
    1302688,2937043,4503935,4140023,8458587,1996912,1137275,1542015,6969891,1542015,2588701,3557729,1316766,6969891,1316766,
    5641761,6969891,6347114,1996912,1137275,1996912,1542015,1542015,6969891,1912359,1912359,1542015,5641761,1912359,8794449,
    566269,4503935,4140023,8458587,5991231,1302688,1137275,1302688,6969891,3557729,2588701,3557729,5641761,1542015,1120821,
    5632143,1996912,1137275,2588701,1302688,7594916,2588701,3557729,1302688,5641761,1302688,1614364,1120821,7594916,8142419,
    6969891,7594916,3557729,7594916,5606840,8794449,5991231,4503935,4140023,8458587,1996912,1137275,1302688,1912359,3557729,
    1542015,6969891,5641761,1542015,5632143,1996912,1137275,1302688,1912359,3557729,2588701,1316766,5641761,1542015,8794449,
    3279271,4503935,4140023,8458587,7594916,4361753,3557729,7594916,5504183,1912359,3557729,1120821,5632143,2588701,1137275,
    1302688,1542015,5606840,5641761,1542015,8794449,1614364,4503935,4140023,8458587,6969891,1137275,1316766,1912359,1316766,
    3557729,1302688,3557729,1996912,1302688,5641761,1316766,6347114,7594916,8142419,1542015,1302688,8090913,7594916,613247,
    5641761,8794449,3279271,4503935,4140023,8458587,5606840,1137275,6969891,6969891,7594916,1542015,6969891,5641761,1542015,
    1120821,5991231,7594916,8142419,3753688,3557729,9085190,8090913,8652168,1120821,5632143,1996912,2588701,7594916,3557729,
    1316766,2588701,6969891,1614364,8794449,3279271,4503935,4140023,8458587,2588701,1137275,1996912,6969891,2588701,1302688,
    5606840,2588701,1316766,6969891,2588701,5641761,6969891,6347114,1996912,1137275,1542015,1912359,1912359,3557729,5606840,
    5606840,1912359,5641761,1912359,8794449,566269,4458139,5991231,5991231,7594916,4361753,8652168,7594916,6651929,1996912,
    3557729,1120821,5632143,5606840,1912359,5606840,3557729,2588701,1316766,1614364,5632143,3557729,1137275,3557729,5606840,
    6969891,1996912,6969891,5641761,1542015,1614364,3279271,6969891,1137275,1912359,1316766,2588701,5606840,1302688,6969891,
    5606840,1912359,6969891,1912359,5606840,5641761,1996912,1996912,5632143,7594916,8142419,1912359,2588701,8652168,4639684,
    1316766,3279271,4458139,5991231,7594916,8142419,5606840,3753688,3753688,9085190,1996912,1120821,5632143,2588701,1996912,
    7594916,3557729,5606840,1912359,1614364,4503935,4140023,8458587,5991231,7594916,4361753,1302688,1302688,1996912,8090913,
    5641761,5632143,5991231,5632143,5606840,5606840,6969891,1316766,2588701,1912359,1614364,1614364,5632143,5991231,5632143,
    1996912,1316766,6969891,1912359,1912359,3557729,1120821,6969891,3557729,1912359,1912359,6969891,1302688,1614364,8794449,
    566269,4503935,4140023,8458587,7594916,8142419,5606840,7838613,1996912,6969891,6969891,1120821,5632143,2588701,3557729,
    2588701,7594916,3557729,1542015,8794449,8458587,4503935,4140023,8458587,1302688,1302688,3557729,3557729,5606840,7594916,
    1120821,5632143,1302688,1302688,3557729,3557729,7594916,7594916,8794449,8794449,4503935,4140023,8458587,2588701,1137275,
    5606840,1316766,2588701,7594916,3557729,2588701,1996912,6969891,5641761,1316766,6347114,5991231,7594916,4361753,3557729,
    1912359,4361962,8090913,1542015,8652168,5632143,6969891,1137275,5606840,3557729,3557729,1912359,5606840,5641761,1542015,
    1614364,5632143,1996912,1137275,1542015,5606840,1302688,5641761,1542015,8794449,3279271,4503935,4140023,8458587,5632143,
    1996912,2588701,2588701,5606840,7594916,2588701,1120821,6969891,7594916,1302688,6969891,6969891,3557729,1996912,1316766,
    6969891,6347114,7594916,8142419,1542015,1302688,1912359,5504183,1302688,613247,8794449,3279271,4503935,4140023,8458587,
    5632143,5606840,7594916,1996912,1302688,1912359,5606840,1120821,5606840,1137275,7594916,1996912,1912359,7594916,1542015,
    5641761,1542015,8794449,3279271,4503935,4140023,8458587,5632143,3557729,3557729,1912359,1302688,1912359,5606840,5632143,
    5991231,5632143,1302688,2588701,1996912,5606840,1542015,6969891,5632143,5991231,5632143,1996912,1137275,1912359,5606840,
    1302688,7594916,5606840,5641761,1542015,1614364,1614364,8794449,3279271,4503935,4140023,8458587,5632143,1996912,1137275,
    1912359,7594916,1912359,1996912,1542015,5641761,1542015,1120821,7594916,4361753,2588701,6969891,2537456,4639684,4639684,
    8794449,566269,5991231,2588701,5606840,1302688,1912359,5606840,6969891,2588701,6969891,1996912,7594916,1996912,5606840,
    1316766,5606840,5632143,5991231,5632143,1912359,1302688,2588701,2588701,1302688,6969891,1614364,1614364,5632143,5991231,
    5632143,1996912,7594916,7594916,7594916,1996912,1912359,5606840,1614364,3279271,7594916,4361753,3753688,1542015,6651929,
    1316766,2588701,1912359,1542015,7838613,1316766,8652168,4361962,7594916,7594916,6347114,7594916,4361753,1996912,1302688,
    4639684,5606840,4639684,1542015,7838613,8090913,7838613,1996912,4361962,1302688,3279271,4458139,5991231,7594916,4361753,
    1302688,1316766,1912359,2588701,8652168,5632143,5606840,1137275,1316766,6969891,2588701,1316766,1996912,5641761,1542015,
    1614364,3279271,7594916,4361753,1996912,1302688,1542015,4361962,4639684,1302688,2588701,3753688,1316766,6969891,5641761,
    1996912,3557729,3557729,6347114,7594916,4361753,1996912,7838613,2588701,3557729,1542015,6969891,6651929,4639684,1542015,
    6969891,4361962,8652168,3279271,5991231,6969891,1996912,1996912,6969891,1302688,6969891,1120821,6969891,1137275,2588701,
    3557729,6969891,6969891,5641761,1542015,1614364,5632143,2588701,1912359,1542015,1542015,1996912,1316766,2937043,4503935,
    4140023,8458587,5991231,5632143,6969891,5606840,6969891,3557729,1302688,5606840,1120821,1912359,1137275,5606840,1542015,
    1912359,1316766,2588701,5641761,1542015,1614364,5632143,5991231,5632143,2588701,7594916,5606840,1912359,1996912,7594916,
    1614364,8794449,566269,3606656,8458587,2556538,8458587,5991231,7594916,4361753,1996912,1542015,3753688,1316766,5606840,
    1316766,5641761,1912359,6347114,3557729,1542015,1302688,5606840,1912359,1316766,1912359,1120821,5632143,1996912,1137275,
    2588701,2588701,1316766,1316766,1996912,6969891,5641761,1302688,1614364,5632143,5991231,5632143,1316766,1316766,1316766,
    3557729,1912359,1912359,1614364,8794449,8794449,4503935,4140023,8458587,5632143,1912359,7594916,1542015,5606840,1316766,
    1302688,1120821,7594916,4361753,2537456,3753688,5606840,1316766,1316766,8794449,566269,3606656,8458587,2556538,8458587,
    5606840,1137275,1542015,1302688,2588701,1996912,3557729,3557729,3557729,1302688,1316766,5641761,6969891,6347114,7594916,
    4361753,4639684,5606840,7838613,8652168,1302688,4361962,8794449,8794449,4503935,4140023,8458587,1316766,1137275,6969891,
    7594916,1912359,1542015,3557729,5641761,1542015,5632143,7594916,4361753,613247,6969891,1912359,1542015,6969891,8794449,
    566269,4458139,5991231,5632143,6969891,1137275,7594916,2588701,2588701,3557729,1316766,5641761,1542015,1120821,6969891,
    3557729,7594916,1912359,1996912,1912359,1614364,4503935,4140023,8458587,2588701,1137275,1316766,1542015,7594916,2588701,
    1912359,5641761,1542015,1120821,5632143,2588701,1316766,3557729,6969891,6969891,1302688,8794449,566269,4503935,4140023,
    8458587,1302688,1137275,1316766,7594916,1302688,1302688,1302688,1996912,7594916,6969891,5641761,1316766,6347114,7594916,
    8142419,3557729,6969891,2537456,6969891,1996912,9085190,8794449,5991231,4503935,4140023,8458587,5991231,1912359,1137275,
    6969891,6969891,1996912,1912359,6969891,3557729,3557729,1912359,5641761,1316766,5632143,1316766,1137275,5606840,7594916,
    7594916,7594916,1542015,5641761,1542015,1614364,6347114,7594916,4361753,1542015,3557729,7594916,5606840,3557729,2588701,
    8794449,3279271,4503935,4140023,8458587,5991231,5632143,2588701,6969891,5606840,1316766,1302688,1120821,5632143,1996912,
    1137275,2588701,1302688,1302688,3557729,5606840,5641761,1542015,1614364,1120821,1996912,1542015,1302688,7594916,1302688,
    2588701,8794449,1614364,4503935,4140023,8458587,5632143,1996912,6969891,2588701,2588701,2588701,1302688,1120821,7594916,
    4361753,2588701,4361962,4361962,4639684,4361962,8794449,566269,4503935,4140023,8458587,1316766,1137275,1912359,7594916,
    5606840,1316766,1996912,5641761,1542015,1120821,5632143,1316766,1137275,1912359,7594916,5606840,1542015,2588701,5641761,
    1542015,8794449,8458587,4503935,4140023,8458587,5632143,1542015,5606840,5606840,1302688,1996912,1120821,1542015,1137275,
    5606840,5606840,6969891,2588701,5641761,3557729,8794449,8794449,4503935,4140023,8458587,3557729,1316766,1542015,1302688,
    1542015,6969891,1120821,5632143,3557729,1316766,1542015,1302688,2588701,6969891,8794449,566269,3606656,8458587,2556538,
    8458587,5632143,2588701,5606840,5606840,3557729,1302688,3557729,5632143,5991231,5632143,2588701,5606840,5606840,3557729,
    1302688,1542015,1614364,8794449,8794449,4503935,4140023,8458587,5632143,1542015,1137275,5606840,1996912,2588701,2588701,
    6969891,5641761,1542015,5632143,5991231,5632143,1542015,1137275,5606840,1996912,2588701,1316766,1996912,5641761,1542015,
    1614364,8794449,3279271,4503935,4140023,8458587,5632143,1316766,1912359,1542015,1542015,7594916,1316766,1120821,1316766,
    1912359,1542015,1542015,3557729,1996912,8794449,566269,4458139,5991231,5632143,3557729,1542015,7594916,1302688,7594916,
    1302688,1120821,5991231,3557729,1137275,2588701,1302688,1996912,2588701,1996912,5641761,1542015,5632143,5991231,5632143,
    1542015,3557729,5606840,2588701,1316766,1542015,5632143,5991231,5632143,3557729,1316766,7594916,2588701,1316766,7594916,
    1614364,1614364,1614364,1614364,3279271,4458139,5991231,1316766,1137275,6969891,7594916,1302688,1302688,1912359,5606840,
    5606840,1316766,5641761,1316766,6347114,3557729,1137275,3557729,5606840,7594916,6969891,1316766,6969891,5641761,1302688,
    1614364,4503935,4140023,8458587,5632143,5606840,1912359,1996912,3557729,2588701,5606840,5632143,5991231,5632143,1542015,
    1542015,6969891,1302688,1302688,1912359,1120821,1996912,1137275,1316766,1316766,2588701,1996912,5606840,5641761,1542015,
    1614364,8794449,566269,3606656,8458587,2556538,8458587,6969891,1137275,1912359,1316766,5606840,6969891,5641761,3557729,
    1120821,5632143,6969891,1912359,1316766,5606840,1912359,8794449,8794449,4503935,4140023,8458587,1542015,5606840,2588701,
    1996912,1316766,7594916,5632143,7594916,4361753,1996912,6969891,7594916,1996912,7594916,8652168,2537456,613247,6347114,
    5991231,5606840,1137275,1542015,5606840,1996912,3557729,2588701,2588701,5641761,1302688,5632143,5991231,5632143,2588701,
    1137275,1316766,3557729,1542015,1542015,5641761,1542015,1120821,2588701,5606840,1542015,7594916,1542015,1542015,1614364,
    1614364,8794449,566269,4503935,4140023,8458587,5632143,3557729,1316766,1316766,6969891,7594916,6969891,5632143,5991231,
    5632143,3557729,1316766,1316766,6969891,3557729,7594916,1614364,8794449,5991231,4503935,4140023,8458587,5991231,7594916,
    4361753,2588701,5504183,8090913,5606840,1316766,1996912,3557729,1302688,6347114,1302688,1137275,6969891,5606840,2588701,
    2588701,1542015,3557729,5641761,1302688,5632143,5991231,5991231,5991231,5606840,1137275,1996912,5606840,1912359,1302688,
    5641761,1542015,5632143,7594916,8142419,1302688,1302688,1316766,1912359,5504183,1614364,5632143,5991231,5991231,5632143,
    1912359,1137275,1542015,3557729,7594916,1912359,2588701,5641761,1542015,1120821,1996912,1137275,1912359,1996912,1316766,
    1302688,1912359,3557729,5641761,1302688,1614364,5632143,7594916,4361753,6969891,5641761,1912359,2537456,3557729,8090913,
    4639684,5606840,6347114,7594916,8142419,5504183,1912359,8652168,3557729,1996912,6969891,1614364,1614364,5632143,5991231,
    5632143,1996912,1316766,5606840,7594916,1912359,1912359,1614364,1614364,1614364,1120821,5632143,1912359,1137275,1316766,
    2588701,1302688,7594916,1302688,5641761,1542015,8794449,3279271,4503935,4140023,8458587,5606840,1137275,1542015,5606840,
    7594916,1302688,5606840,5641761,1542015,5632143,5606840,1137275,1542015,5606840,7594916,2588701,6969891,5641761,1542015,
    8794449,1614364,4503935,4140023,8458587,6969891,1137275,3557729,1996912,1316766,1996912,2588701,5641761,1542015,5632143,
    6969891,1137275,3557729,1996912,1912359,1316766,5606840,5641761,1542015,8794449,566269,4503935,4140023,8458587,5632143,
    1912359,1137275,1542015,1912359,1302688,5606840,5641761,1542015,1120821,1912359,1137275,1542015,1912359,1302688,1302688,
    5641761,1542015,8794449,8458587,4503935,4140023,8458587,1996912,1137275,5606840,1316766,7594916,6969891,3557729,1912359,
    7594916,5606840,2588701,5641761,6969891,6347114,5991231,5632143,1996912,1542015,7594916,1542015,1912359,2588701,1120821,
    1542015,1302688,1912359,3557729,5606840,1302688,7594916,1614364,8794449,8794449,4503935,4140023,8458587,5632143,6969891,
    5606840,1316766,3557729,1316766,6969891,1120821,6969891,5606840,1316766,1302688,1996912,1316766,8794449,3279271,4503935,
    4140023,8458587,5991231,5632143,1996912,1996912,3557729,6969891,1302688,1912359,3557729,5632143,5991231,5632143,2588701,
    6969891,3557729,3557729,1316766,1316766,1614364,1614364,5632143,5991231,5632143,2588701,1137275,1996912,1316766,1302688,
    6969891,5641761,1542015,1120821,5632143,1302688,1137275,5606840,1302688,1302688,7594916,3557729,5641761,1542015,1614364,
    8794449,566269,5606840,2588701,7594916,6969891,7594916,6969891,1302688,7594916,3557729,1912359,5606840,6969891,1302688,
    1316766,5632143,1542015,2588701,5606840,6969891,1542015,7594916,3279271,7594916,8142419,1996912,1316766,6969891,5606840,
    1912359,1316766,6969891,3557729,5504183,7838613,6969891,8652168,5632143,7594916,4361753,613247,7594916,1912359,2537456,
    5641761,1542015,1542015,6347114,5991231,1542015,1302688,7594916,1996912,1912359,1120821,1316766,1137275,1302688,1302688,
    1316766,7594916,6969891,1996912,5641761,1302688,1614364,4503935,4140023,8458587,5991231,5606840,1302688,1542015,1302688,
    3557729,3557729,1996912,1542015,6969891,5632143,1912359,1302688,2588701,1542015,6969891,1996912,1614364,6347114,1996912,
    1137275,5606840,1542015,1996912,3557729,1996912,5606840,1996912,5641761,1912359,8794449,566269,3606656,8458587,2556538,
    8458587,1996912,1302688,1912359,1912359,1302688,2588701,1912359,1302688,7594916,1996912,6347114,7594916,4361753,2537456,
    6651929,1542015,1542015,2588701,1316766,8794449,8794449,4503935,4140023,8458587,5991231,7594916,4361753,1996912,1316766,
    7594916,3753688,8652168,7838613,1302688,1912359,9085190,2588701,6347114,1302688,1996912,3557729,6969891,2588701,1996912,
    1316766,7594916,1996912,1614364,6347114,5991231,5632143,1302688,1302688,1316766,1996912,1302688,1996912,1120821,1996912,
    1137275,1542015,5606840,1912359,3557729,6969891,1316766,1302688,5641761,1912359,1614364,8794449,3279271,4503935,4140023,
    8458587,5991231,5632143,1302688,1137275,2588701,1912359,2588701,2588701,1542015,5641761,1542015,5632143,5991231,7594916,
    8142419,5606840,1302688,2537456,1302688,2537456,1302688,1542015,3557729,6347114,1316766,1302688,3557729,1542015,3557729,
    1316766,2588701,1120821,5632143,1996912,7594916,3557729,1996912,1302688,1996912,6969891,1614364,1614364,1120821,5991231,
    5632143,1316766,1996912,1302688,7594916,1302688,1302688,1120821,1316766,1912359,1996912,6969891,6969891,3557729,1614364,
    8794449,566269,4458139,5991231,5991231,1542015,1137275,3557729,7594916,1912359,1996912,1316766,1316766,7594916,1996912,
    5641761,1316766,6347114,5991231,3557729,1137275,1302688,7594916,2588701,1996912,1996912,6969891,5606840,1302688,5641761,
    1316766,6347114,1996912,1137275,2588701,1912359,1996912,1302688,7594916,5606840,6969891,5641761,1912359,1614364,1120821,
    5632143,1316766,1912359,1302688,3557729,1912359,1542015,1614364,1120821,7594916,8142419,2537456,1996912,7838613,2588701,
    1542015,1614364,3279271,7594916,4361753,1316766,7838613,5606840,613247,5641761,5641761,5632143,1316766,5606840,2588701,
    6969891,1316766,3557729,2937043,4503935,4140023,8458587,1912359,3557729,6969891,1996912,1996912,1302688,1996912,2588701,
    1912359,6347114,7594916,8142419,1302688,8090913,8652168,5606840,4639684,613247,8794449,566269,3606656,8458587,2556538,
    8458587,5606840,1302688,3557729,2588701,2588701,1316766,2588701,1302688,6347114,5991231,5632143,1996912,1302688,5606840,
    1996912,7594916,3557729,5632143,5991231,5632143,5606840,1137275,1996912,1912359,3557729,5606840,1316766,5641761,1542015,
    1614364,1614364,8794449,8794449,4503935,4140023,8458587,5991231,1996912,1542015,1542015,3557729,2588701,1302688,6969891,
    1316766,1302688,1912359,5632143,5991231,5632143,3557729,1137275,2588701,5606840,1316766,6969891,2588701,5641761,1542015,
    1120821,1996912,1137275,2588701,3557729,3557729,1912359,3557729,3557729,5641761,1302688,1614364,1614364,6347114,5991231,
    7594916,4361753,2588701,8652168,8090913,1316766,4361962,1316766,6969891,7594916,6347114,7594916,8142419,1996912,7594916,
    6969891,4639684,1316766,1316766,1996912,1614364,8794449,566269,4503935,4140023,8458587,2588701,1137275,1912359,1302688,
    5606840,1996912,2588701,3557729,5606840,1302688,5641761,1316766,6347114,5991231,5606840,1137275,1912359,6969891,1302688,
    1542015,6969891,1316766,5606840,1912359,1302688,5641761,6969891,6347114,5991231,7594916,8142419,1996912,3557729,7838613,
    1542015,4639684,5606840,2588701,1996912,7838613,6347114,7594916,4361753,1996912,9085190,1996912,613247,4361962,1316766,
    7594916,5632143,5991231,5632143,1316766,1912359,6969891,3557729,1316766,6969891,1614364,1614364,1614364,8794449,5991231,
    4503935,4140023,8458587,2588701,1137275,1996912,2588701,1542015,5606840,1996912,1302688,1996912,6969891,5641761,1316766,
    6347114,3557729,6969891,3557729,2588701,1542015,6969891,1542015,8794449,3279271,4503935,4140023,8458587,5632143,2588701,
    1316766,3557729,1542015,1912359,3557729,5632143,5991231,5632143,2588701,1316766,3557729,1302688,7594916,6969891,1614364,
    8794449,1614364,4503935,4140023,8458587,1302688,1137275,6969891,2588701,7594916,1316766,5606840,5641761,1542015,5632143,
    1302688,1137275,6969891,1996912,6969891,1316766,2588701,5641761,1542015,8794449,3279271,4503935,4140023,8458587,5991231,
    2588701,6969891,6969891,7594916,7594916,1542015,7594916,1912359,1912359,3557729,7594916,1542015,6347114,1996912,1542015,
    1542015,1912359,5606840,6969891,6969891,2588701,3557729,1542015,1614364,6347114,7594916,4361753,1912359,1912359,6651929,
    4361962,6651929,1912359,5632143,3557729,1302688,1302688,1912359,1996912,5606840,8794449,566269,1996912,1542015,1542015,
    1996912,1302688,5606840,1302688,1302688,5606840,7594916,6969891,3557729,3557729,1912359,5632143,5991231,5632143,1996912,
    2588701,5606840,1542015,5606840,2588701,1614364,3279271,7594916,4361753,1542015,613247,4639684,8090913,1316766,2588701,
    3557729,2588701,5606840,7594916,5641761,5632143,5606840,6969891,1996912,3557729,2588701,7594916,2937043,4503935,4140023,
    8458587,2588701,1137275,3557729,1316766,6969891,1542015,2588701,7594916,1996912,6969891,1316766,5641761,6969891,6347114,
    1996912,1137275,1996912,5606840,1302688,1912359,1302688,1912359,2588701,5641761,1912359,8794449,566269,4503935,4140023,
    8458587,7594916,4361753,5641761,613247,2537456,2588701,5606840,5632143,6969891,1137275,1912359,5606840,5606840,1996912,
    1302688,5641761,1542015,8794449,8458587,4503935,4140023,8458587,5991231,1996912,2588701,6969891,7594916,6969891,1120821,
    5991231,1912359,1542015,1542015,6969891,5606840,2588701,1120821,5632143,2588701,1137275,6969891,7594916,5606840,7594916,
    5606840,5641761,1542015,1614364,1614364,5632143,3557729,1137275,1912359,1316766,1542015,7594916,1542015,5641761,1542015,
    8794449,8794449,4503935,4140023,8458587,2588701,1137275,1542015,5606840,5606840,3557729,1912359,5641761,1542015,1120821,
    5632143,2588701,1137275,1542015,5606840,5606840,7594916,6969891,5641761,1542015,8794449,566269,3606656,8458587,2556538,
    8458587,7594916,8142419,1912359,1302688,3557729,6969891,1316766,1120821,5632143,3557729,1137275,1316766,3557729,1542015,
    7594916,5606840,5641761,1542015,8794449,8794449,4503935,4140023,8458587,5991231,2588701,1137275,1542015,1316766,1302688,
    1996912,1996912,1316766,1996912,2588701,5641761,1316766,5632143,1542015,6969891,1542015,1302688,2588701,1302688,7594916,
    3557729,2588701,6347114,7594916,4361753,5606840,5606840,5641761,3753688,3753688,1542015,1614364,6347114,5991231,7594916,
    4361753,8652168,8090913,8090913,5606840,3753688,1302688,1542015,7594916,6347114,5991231,5632143,1996912,1137275,7594916,
    1996912,1302688,1316766,1996912,5641761,1302688,1120821,1996912,1316766,1912359,1316766,1996912,1542015,2588701,1302688,
    1614364,5632143,5991231,1996912,6969891,1542015,1316766,6969891,1302688,5632143,3557729,1137275,1912359,1542015,7594916,
    2588701,5606840,5641761,1542015,1614364,1614364,8794449,3279271,4503935,4140023,8458587,1996912,7594916,7594916,1316766,
    1912359,6969891,1302688,5606840,1996912,1996912,6347114,6969891,1542015,1996912,1302688,6969891,3557729,1302688,8794449,
    3279271,4503935,4140023,8458587,5632143,1912359,1137275,7594916,5606840,1542015,6969891,1542015,5641761,1542015,1120821,
    7594916,8142419,2537456,7838613,5504183,1316766,8652168,8794449,3279271,4503935,4140023,8458587,5991231,1996912,1137275,
    1302688,7594916,1302688,5606840,2588701,1996912,7594916,1302688,6969891,2588701,1912359,5641761,1996912,1996912,6347114,
    7594916,8142419,3557729,6969891,1996912,1316766,2588701,4361962,1302688,1316766,1614364,6347114,5991231,7594916,4361753,
    3557729,1316766,2588701,1542015,8652168,3753688,6969891,6347114,1912359,1302688,2588701,5606840,6969891,1316766,1542015,
    1614364,8794449,3279271,4503935,4140023,8458587,5632143,1996912,1137275,2588701,3557729,1316766,3557729,6969891,5641761,
    1542015,5632143,5991231,5632143,1996912,1137275,2588701,3557729,6969891,1302688,6969891,5641761,1542015,1614364,8794449,
    3279271,4503935,4140023,8458587,5991231,1542015,1316766,6969891,5606840,1996912,1996912,1120821,5632143,6969891,1996912,
    5606840,1996912,1542015,1302688,1614364,1120821,5991231,5632143,1542015,1912359,6969891,7594916,6969891,3557729,5632143,
    5991231,5632143,6969891,7594916,5606840,7594916,2588701,1912359,1614364,1614364,8794449,566269,2588701,1542015,1302688,
    2588701,6969891,1912359,1302688,1996912,3557729,3557729,2588701,1302688,3557729,1302688,5632143,5606840,5606840,1302688,
    5606840,2588701,1302688,3279271,5606840,1137275,1542015,5606840,1316766,1302688,1302688,5606840,5641761,1302688,5632143,
    6969891,1137275,1542015,1316766,1542015,1542015,1316766,5641761,1542015,3279271,6969891,1137275,5606840,1542015,1996912,
    1302688,5641761,3557729,1120821,7594916,8142419,1302688,5606840,7594916,2588701,1996912,5606840,3279271,5606840,1137275,
    5606840,1302688,3557729,6969891,1302688,7594916,1316766,1316766,5641761,1316766,6347114,5991231,5606840,3557729,3557729,
    6969891,7594916,5606840,2588701,1996912,5606840,1996912,6347114,2588701,1137275,1996912,1316766,6969891,2588701,1302688,
    1912359,2588701,5641761,1912359,1614364,3279271,2588701,1137275,1912359,7594916,2588701,7594916,5606840,1316766,1542015,
    1302688,3557729,7594916,2588701,1542015,1542015,5641761,1996912,5606840,5632143,7594916,4361753,4361962,3557729,1912359,
    5504183,1302688,3279271,3557729,1996912,1302688,1996912,1996912,1542015,3557729,3557729,1316766,1542015,1316766,1996912,
    6969891,2588701,2588701,1912359,6347114,5991231,5632143,5606840,5606840,1996912,1302688,5606840,1542015,1120821,1996912,
    1137275,6969891,1316766,1996912,1542015,7594916,2588701,1996912,1912359,1302688,5606840,1542015,1302688,3557729,5641761,
    1996912,5606840,1614364,4503935,4140023,8458587,5632143,3557729,1996912,1302688,1996912,1302688,1316766,5632143,5991231,
    5632143,3557729,1996912,1996912,7594916,7594916,1542015,5632143,1542015,2588701,7594916,2588701,1614364,8794449,566269,
    3606656,8458587,2556538,8458587,5632143,6969891,1912359,1542015,3557729,1316766,2588701,5632143,5991231,5632143,6969891,
    1137275,1912359,1542015,3557729,1316766,3557729,5641761,1542015,1614364,8794449,8794449,4503935,4140023,8458587,5632143,
    1316766,5606840,3557729,7594916,3557729,5632143,5991231,5632143,1316766,5606840,1542015,1996912,1316766,1614364,8794449,
    3279271,4503935,4140023,8458587,5632143,1912359,1137275,1316766,5606840,2588701,1542015,5641761,1542015,5632143,5991231,
    5632143,1912359,1316766,5606840,2588701,1316766,5606840,1614364,8794449,3279271,4503935,4140023,8458587,5632143,1912359,
    1137275,5606840,1542015,7594916,1542015,5641761,1542015,5632143,5991231,5632143,1912359,1137275,5606840,1542015,7594916,
    1316766,2588701,5641761,1542015,1614364,8794449,3279271,4503935,4140023,8458587,5991231,5606840,5606840,7594916,1542015,
    1316766,1302688,2588701,2588701,6969891,6969891,3557729,6347114,7594916,4361753,8652168,5641761,1996912,7594916,2537456,
    2588701,613247,1614364,6347114,5991231,2588701,1912359,5606840,1316766,7594916,6969891,5606840,5632143,7594916,4361753,
    5641761,3753688,1912359,3753688,1912359,1614364,8794449,566269,3557729,1996912,6969891,1302688,2588701,1542015,6969891,
    7594916,5606840,6347114,7594916,4361753,2588701,4639684,5504183,1912359,2537456,5606840,1120821,7594916,8142419,3753688,
    1996912,7594916,2588701,3753688,1542015,1912359,1912359,4639684,4361962,7594916,3279271,2588701,1137275,1302688,5606840,
    1316766,7594916,1316766,1542015,1316766,1912359,3557729,5641761,6969891,6347114,1996912,1137275,1542015,1996912,1996912,
    1302688,1316766,7594916,1542015,5641761,1912359,3279271,5632143,1912359,7594916,6969891,1316766,2588701,1316766,1120821,
    1302688,1137275,2588701,7594916,1542015,1912359,1302688,5641761,1302688,3279271,5991231,1302688,1912359,7594916,7594916,
    1996912,7594916,2588701,2588701,3557729,1996912,1912359,7594916,5606840,5632143,5991231,2588701,1137275,1302688,1912359,
    5606840,3557729,5641761,3557729,1120821,7594916,8142419,4361962,7838613,5606840,8090913,3557729,1614364,1614364,5632143,
    5991231,5632143,1996912,1137275,3557729,5606840,5606840,2588701,1912359,5641761,1542015,1614364,4503935,4140023,8458587,
    7594916,8142419,4639684,7594916,6651929,1996912,1912359,5632143,6969891,1316766,1302688,1316766,1302688,5606840,8794449,
    566269,4503935,4140023,8458587,1316766,1542015,6969891,1302688,6969891,3557729,7594916,1316766,3557729,6347114,6969891,
    1137275,7594916,3557729,6969891,3557729,1996912,1996912,5641761,1302688,8794449,5991231,4503935,4140023,8458587,7594916,
    4361753,1996912,1542015,7594916,5606840,7594916,2588701,6969891,6969891,6347114,1996912,1137275,1316766,3557729,1542015,
    1302688,3557729,1316766,5641761,1302688,8794449,3279271,4503935,4140023,8458587,2588701,1137275,1542015,6969891,6969891,
    6969891,1316766,1302688,1912359,1542015,1316766,5641761,6969891,6347114,5991231,7594916,8142419,9085190,1912359,1996912,
    7594916,3753688,2588701,5632143,7594916,8142419,1912359,1316766,1542015,613247,3557729,1614364,8794449,1614364,4503935,
    4140023,8458587,5632143,2588701,2588701,2588701,1542015,2588701,1996912,1120821,5991231,6969891,1996912,1316766,5606840,
    1316766,5606840,5632143,1302688,1137275,6969891,1542015,1316766,2588701,1542015,5641761,1542015,1614364,8794449,566269,
    4503935,4140023,8458587,7594916,4361753,8652168,3753688,6651929,2537456,2588701,6969891,1912359,6347114,7594916,8142419,
    3557729,4361962,6969891,1996912,613247,1542015,8794449,8458587,4503935,4140023,8458587,5991231,1542015,6969891,1912359,
    6969891,1302688,1302688,1542015,6969891,7594916,1316766,1542015,6347114,5991231,7594916,8142419,2588701,5606840,2537456,
    1996912,3557729,5606840,1302688,9085190,5632143,5991231,5632143,2588701,2588701,1542015,1542015,3557729,1316766,1614364,
    1614364,1614364,6347114,1302688,5606840,1996912,1316766,1542015,6969891,7594916,1120821,5632143,1996912,7594916,3557729,
    1996912,6969891,3557729,1316766,8794449,8794449,4503935,4140023,8458587,5991231,5991231,5991231,5991231,5632143,5606840,
    7594916,1912359,1542015,1316766,6969891,1120821,5632143,1302688,1912359,6969891,1302688,3557729,6969891,1614364,5632143,
    5991231,5632143,5606840,5606840,1996912,1542015,7594916,6969891,1614364,1614364,1120821,1302688,1137275,5606840,7594916,
    1316766,1996912,2588701,5641761,1542015,1614364,5632143,5991231,5632143,6969891,1996912,1996912,1316766,1996912,1912359,
    1614364,1614364,5632143,7594916,8142419,8652168,1316766,1316766,3557729,2537456,8794449,3279271,4503935,4140023,8458587,
    1996912,1137275,7594916,1542015,1316766,6969891,1996912,7594916,7594916,1912359,6969891,5641761,6969891,6347114,1542015,
    2588701,1302688,1316766,2588701,7594916,6969891,8794449,566269,4458139,5991231,1996912,1137275,1996912,1996912,1302688,
    1996912,1302688,1316766,3557729,5606840,1316766,5641761,6969891,6347114,1542015,1137275,7594916,1912359,5606840,5606840,
    1996912,1316766,5641761,1302688,1614364,3279271,7594916,4361753,3557729,9085190,1316766,1316766,6969891,1120821,5991231,
    2588701,1302688,1316766,1302688,1316766,6969891,6969891,1302688,1302688,1302688,3557729,1542015,1316766,6969891,5632143,
    5991231,5632143,1996912,3557729,1302688,2588701,1912359,1614364,1614364,4503935,4140023,8458587,7594916,4361753,1912359,
    2588701,3753688,2588701,1316766,5632143,3557729,1137275,1912359,7594916,7594916,1996912,1912359,5641761,1542015,8794449,
    566269,3606656,8458587,2556538,8458587,7594916,8142419,1542015,1996912,3557729,6969891,1542015,5504183,1996912,1542015,
    6347114,1996912,5606840,1542015,7594916,2588701,1542015,6969891,1302688,8794449,8794449,4503935,4140023,8458587,5991231,
    5991231,5632143,1542015,7594916,1996912,3557729,1996912,1912359,1120821,2588701,3557729,1316766,2588701,7594916,1996912,
    2588701,5606840,1302688,7594916,1614364,6347114,1996912,1912359,2588701,2588701,1316766,6969891,1302688,1302688,1120821,
    5632143,1316766,3557729,2588701,2588701,1316766,6969891,1614364,5632143,5991231,5632143,5606840,7594916,2588701,1542015,
    5606840,2588701,1614364,8794449,566269,1996912,3557729,2588701,2588701,5606840,3557729,1302688,7594916,1542015,3557729,
    1316766,1996912,2588701,1316766,5632143,5991231,5632143,1996912,1137275,3557729,1302688,1542015,1542015,1302688,5641761,
    1542015,1614364,4503935,4140023,8458587,5632143,5606840,1912359,3557729,2588701,1912359,2588701,5632143,5991231,5632143,
    1316766,3557729,7594916,7594916,1542015,1542015,1120821,5991231,5991231,5632143,5606840,1912359,1542015,1316766,6969891,
    2588701,1120821,1996912,6969891,6969891,5606840,1302688,1996912,1614364,1120821,5991231,1912359,1137275,6969891,1542015,
    7594916,1996912,5606840,5641761,1542015,1120821,5632143,1996912,1542015,2588701,1912359,5606840,6969891,1614364,1614364,
    1614364,8794449,566269,3606656,8458587,2556538,8458587,5606840,1137275,3557729,1542015,2588701,3557729,1316766,7594916,
    3557729,1316766,1996912,5641761,6969891,6347114,1996912,1137275,3557729,5606840,1316766,5606840,3557729,1316766,1912359,
    5641761,1912359,5632143,3557729,1137275,3557729,5606840,1542015,6969891,6969891,5641761,1542015,8794449,8794449,4503935,
    4140023,8458587,5991231,6969891,1137275,5606840,1912359,5606840,3557729,1996912,5641761,1542015,1120821,5632143,1996912,
    5606840,6969891,1316766,1316766,1996912,1614364,1120821,5991231,1302688,1137275,1316766,1996912,7594916,1316766,5641761,
    3557729,5632143,7594916,4361753,8652168,5606840,3557729,4639684,1912359,1614364,8794449,566269,4503935,4140023,8458587,
    5632143,3557729,1137275,1302688,7594916,1912359,2588701,6969891,5641761,1542015,5632143,5991231,7594916,8142419,2588701,
    6651929,7594916,2588701,2588701,5632143,7594916,4361753,6969891,6651929,1316766,7594916,5606840,1614364,8794449,5991231,
    4503935,4140023,8458587,5991231,7594916,4361753,4361962,5606840,1316766,3753688,8652168,1120821,5632143,1996912,1137275,
    1316766,3557729,1302688,1302688,5641761,1542015,1614364,1120821,5632143,1912359,3557729,1912359,5606840,3557729,5606840,
    8794449,3279271,4503935,4140023,8458587,5632143,3557729,5606840,6969891,7594916,5606840,1302688,5632143,5991231,5632143,
    3557729,1137275,5606840,6969891,7594916,1912359,6969891,5641761,1542015,1614364,8794449,1614364,4503935,4140023,8458587,
    7594916,4361753,1316766,9085190,8090913,1542015,1996912,1912359,1542015,4361962,6347114,1996912,5606840,1316766,1302688,
    5606840,7594916,5606840,2588701,8794449,566269,4503935,4140023,8458587,5991231,5606840,1137275,1316766,6969891,3557729,
    1316766,5641761,1542015,1120821,5991231,7594916,8142419,6651929,1302688,6969891,1542015,1912359,1120821,5991231,5632143,
    2588701,1137275,1912359,7594916,7594916,1996912,7594916,1542015,5641761,1302688,5632143,5991231,5632143,1912359,1316766,
    1996912,1302688,1316766,1302688,1614364,1614364,1614364,1614364,5632143,5991231,5632143,1542015,1996912,1316766,6969891,
    1912359,1996912,1614364,8794449,8458587,4503935,4140023,8458587,5632143,1316766,1542015,5606840,7594916,7594916,6969891,
    5632143,5991231,5632143,1316766,1137275,1542015,5606840,7594916,1542015,5641761,1542015,1614364,8794449,8794449,4503935,
    4140023,8458587,3557729,5606840,7594916,6969891,6969891,5606840,5632143,7594916,4361753,1302688,6969891,5606840,1302688,
    8090913,8794449,3279271,4503935,4140023,8458587,5991231,5606840,1137275,3557729,1316766,1912359,7594916,6969891,3557729,
    7594916,1316766,1996912,1996912,5641761,1996912,7594916,6347114,3557729,1137275,1912359,1996912,5606840,5606840,6969891,
    3557729,1996912,1996912,5641761,1316766,1614364,6347114,6969891,1302688,3557729,6969891,2588701,3557729,1542015,8794449,
    3279271,4503935,4140023,8458587,7594916,8142419,2588701,2537456,4639684,7594916,2588701,5606840,1996912,6347114,5991231,
    1996912,7594916,7594916,6969891,1542015,6969891,7594916,1120821,7594916,4361753,2588701,1316766,9085190,3753688,5641761,
    1912359,1614364,1120821,5632143,1316766,1137275,1912359,1996912,7594916,1302688,3557729,5641761,1542015,8794449,566269,
    1542015,2588701,1316766,7594916,5606840,1542015,1542015,5632143,5991231,5632143,1542015,1137275,1996912,1316766,6969891,
    6969891,5606840,5641761,1542015,1614364,3279271,5991231,5991231,5991231,7594916,4361753,1996912,1996912,6969891,1996912,
    1302688,8090913,5632143,7594916,4361753,5641761,7838613,613247,5504183,5504183,1614364,5632143,7594916,8142419,8090913,
    5504183,5606840,2588701,4639684,1614364,1120821,5606840,7594916,2588701,1542015,1996912,1912359,1996912,1912359,1316766,
    7594916,1996912,1542015,6969891,1542015,1614364,5632143,7594916,8142419,3753688,4361962,2588701,1912359,1996912,3279271,
    4458139,5991231,1996912,7594916,7594916,1302688,2588701,5606840,1120821,5991231,7594916,8142419,6969891,2588701,5606840,
    1912359,5641761,1120821,5632143,1302688,1302688,1996912,7594916,2588701,1912359,1614364,1614364,4503935,4140023,8458587,
    5632143,3557729,1137275,1996912,1316766,2588701,6969891,1912359,5641761,1542015,1120821,3557729,1137275,1996912,1316766,
    5606840,5606840,1316766,5641761,1542015,8794449,566269,3606656,8458587,2556538,8458587,5991231,7594916,4361753,5606840,
    2588701,3557729,7594916,1316766,1120821,5632143,1996912,1996912,1542015,1302688,2588701,1912359,2588701,1614364,5632143,
    5991231,5632143,6969891,1542015,7594916,3557729,3557729,1996912,1614364,8794449,8794449,4503935,4140023,8458587,1996912,
    1137275,1912359,7594916,5606840,1912359,3557729,5641761,1542015,1120821,5632143,1996912,1912359,7594916,2588701,3557729,
    1316766,8794449,566269,5991231,7594916,8142419,5606840,2537456,1316766,6969891,2537456,1120821,5991231,2588701,1137275,
    1542015,1302688,2588701,5606840,5641761,1542015,1120821,1996912,2588701,1912359,7594916,1316766,2588701,1302688,3557729,
    1542015,7594916,1302688,6969891,1542015,7594916,1614364,1614364,5632143,6969891,2588701,6969891,5606840,1912359,1542015,
    2937043,4503935,4140023,8458587,1996912,1137275,6969891,6969891,1542015,3557729,1542015,5641761,1542015,1120821,5632143,
    1996912,6969891,6969891,1542015,7594916,5606840,8794449,566269,3606656,8458587,2556538,8458587,7594916,4361753,5606840,
    1912359,3557729,1302688,6651929,4639684,7594916,6347114,2588701,1137275,3557729,1316766,1912359,1302688,1302688,5641761,
    1542015,8794449,8794449,4503935,4140023,8458587,1912359,7594916,1542015,1302688,1912359,6969891,1120821,5632143,1912359,
    7594916,1542015,1302688,5606840,1302688,8794449,566269,4503935,4140023,8458587,7594916,4361753,2588701,7594916,7838613,
    1996912,6651929,8652168,6347114,2588701,1137275,1996912,3557729,2588701,1302688,1912359,1542015,5641761,1302688,8794449,
    5991231,4503935,4140023,8458587,1302688,1316766,2588701,6969891,1542015,1542015,1996912,1316766,6347114,1542015,2588701,
    1542015,5606840,3557729,6969891,1316766,8794449,3279271,4503935,4140023,8458587,2588701,5606840,3557729,7594916,1912359,
    1316766,1120821,5632143,2588701,5606840,3557729,7594916,5606840,5606840,8794449,1614364,4503935,4140023,8458587,5632143,
    1996912,1137275,7594916,1996912,1912359,5606840,1302688,2588701,5641761,1302688,1120821,7594916,8142419,4639684,1316766,
    1302688,5606840,8090913,8794449,566269,4503935,4140023,8458587,5632143,2588701,2588701,1542015,2588701,6969891,3557729,
    5632143,5991231,7594916,4361753,1542015,5504183,1912359,1316766,613247,1120821,5632143,1302688,7594916,3557729,1996912,
    7594916,7594916,1614364,8794449,8458587,4503935,4140023,8458587,5991231,1996912,2588701,1542015,2588701,2588701,2588701,
    5632143,5991231,5632143,1996912,1996912,6969891,1542015,7594916,1316766,1912359,5632143,5991231,7594916,8142419,1302688,
    613247,3557729,2537456,6969891,5632143,1912359,1137275,5606840,1542015,1542015,2588701,1912359,5641761,1542015,1614364,
    1614364,1614364,5632143,7594916,8142419,4639684,3753688,7594916,3753688,5504183,8794449,8794449,4503935,4140023,8458587,
    1912359,1137275,7594916,5606840,3557729,1302688,1996912,3557729,3557729,5641761,1316766,6347114,5991231,2588701,6969891,
    6969891,1996912,1542015,1912359,1996912,1912359,1302688,5606840,6347114,1996912,1137275,1996912,6969891,5606840,5606840,
    6969891,3557729,3557729,5641761,1912359,1614364,8794449,3279271,4503935,4140023,8458587,7594916,8142419,1542015,3557729,
    9085190,9085190,9085190,1542015,2588701,1912359,6347114,5991231,5991231,5632143,1302688,1137275,3557729,1316766,1996912,
    5606840,1302688,5641761,1542015,1120821,5991231,2588701,1137275,6969891,6969891,1302688,2588701,1302688,5641761,1542015,
    1120821,7594916,8142419,1316766,1542015,3557729,5606840,2537456,2588701,5504183,6347114,2588701,1137275,1996912,1542015,
    2588701,1542015,6969891,1316766,1912359,5641761,1912359,1614364,1614364,5632143,1996912,1137275,7594916,7594916,2588701,
    1996912,2588701,5606840,5641761,1302688,1614364,8794449,566269,1996912,3557729,2588701,6969891,5606840,2588701,1912359,
    1912359,7594916,1912359,6969891,1912359,3557729,5606840,1912359,1302688,6347114,2588701,1137275,7594916,1996912,5606840,
    1996912,5606840,1912359,1302688,1996912,1912359,6969891,1542015,2588701,1542015,5641761,1996912,5606840,3279271,4458139,
    5991231,7594916,8142419,1996912,6651929,1912359,613247,6969891,8652168,1912359,3557729,6347114,3557729,1912359,1996912,
    1302688,1316766,1542015,2588701,1614364,4503935,4140023,8458587,1996912,1137275,3557729,1302688,6969891,2588701,1996912,
    3557729,6969891,7594916,2588701,5641761,6969891,6347114,1996912,1137275,7594916,6969891,1302688,3557729,2588701,6969891,
    5641761,1912359,8794449,566269,3606656,8458587,2556538,8458587,5991231,5632143,1302688,7594916,5606840,1996912,1996912,
    3557729,1120821,7594916,8142419,1996912,3557729,3557729,8090913,8090913,5606840,1614364,5632143,1912359,2588701,1302688,
    1912359,1996912,2588701,8794449,8794449,4503935,4140023,8458587,1542015,1996912,2588701,5606840,1996912,7594916,5632143,
    1542015,1137275,1996912,2588701,2588701,1302688,1912359,5641761,1542015,8794449,566269,3606656,8458587,2556538,8458587,
    7594916,4361753,5504183,9085190,1542015,1302688,1996912,1120821,5991231,1302688,7594916,1912359,1316766,5606840,1302688,
    1120821,5991231,5632143,2588701,1137275,2588701,7594916,3557729,7594916,1302688,1996912,5641761,1302688,5632143,5991231,
    5632143,1912359,1137275,1302688,5606840,5606840,1302688,2588701,5641761,1542015,1614364,1614364,1614364,8794449,8794449,
    4503935,4140023,8458587,1996912,1137275,1996912,3557729,6969891,1302688,1302688,1912359,2588701,6969891,5641761,6969891,
    6347114,5991231,3557729,3557729,1542015,1912359,1996912,1120821,7594916,4361753,1542015,4639684,7838613,1542015,1996912,
    2537456,1614364,8794449,566269,4503935,4140023,8458587,7594916,8142419,1316766,5641761,4639684,1996912,2537456,1120821,
    5632143,1542015,1316766,1542015,3557729,1542015,1542015,8794449,5991231,4503935,4140023,8458587,7594916,8142419,2537456,
    8090913,8090913,7594916,4639684,1120821,5632143,1302688,6969891,1316766,1316766,1542015,7594916,8794449,3279271,4503935,
    4140023,8458587,7594916,8142419,1542015,6969891,2588701,1912359,1912359,6651929,2588701,4361962,6347114,1542015,1137275,
    1316766,1302688,1542015,1912359,2588701,1316766,5641761,1302688,8794449,1614364,4503935,4140023,8458587,1996912,1316766,
    1912359,1996912,1912359,7594916,1120821,5991231,5991231,5632143,1542015,1542015,1912359,1302688,5606840,1996912,5632143,
    5991231,5632143,1996912,7594916,5606840,1542015,6969891,2588701,6969891,1614364,1614364,5632143,1302688,1137275,1302688,
    1542015,3557729,2588701,1912359,5641761,1542015,1614364,8794449,566269,4503935,4140023,8458587,1316766,1137275,1912359,
    1302688,3557729,1542015,5641761,1542015,1120821,5632143,1316766,1912359,1302688,3557729,7594916,1316766,8794449,8458587,
    4503935,4140023,8458587,1302688,1137275,1996912,1316766,1996912,1302688,7594916,5606840,6969891,3557729,5641761,1316766,
    6347114,1996912,2588701,5606840,1302688,5606840,2588701,7594916,1912359,8794449,8794449,4503935,4140023,8458587,1316766,
    3557729,5606840,3557729,2588701,1316766,7594916,3557729,1302688,6347114,1996912,3557729,2588701,6969891,1542015,5606840,
    1316766,6969891,8794449,566269,2588701,1137275,1542015,1996912,2588701,7594916,1912359,6969891,1996912,5606840,6969891,
    1316766,7594916,5606840,2588701,5641761,1996912,5606840,5632143,5991231,5632143,6969891,2588701,1542015,1302688,1912359,
    1614364,4503935,4140023,8458587,1996912,2588701,5606840,1996912,5606840,7594916,1542015,1912359,5606840,6347114,5991231,
    5632143,6969891,1316766,1542015,6969891,1912359,1316766,1120821,1996912,1137275,1912359,3557729,1302688,7594916,3557729,
    5606840,5641761,1302688,1614364,8794449,566269,3606656,8458587,2556538,8458587,1542015,1137275,2588701,7594916,1996912,
    1316766,1912359,5641761,1542015,5632143,1542015,1137275,2588701,7594916,1996912,1316766,1302688,5641761,1542015,8794449,
    8794449,4503935,4140023,8458587,6969891,3557729,5606840,2588701,6969891,5606840,5632143,6969891,3557729,5606840,1996912,
    3557729,1302688,8794449,3279271,4503935,4140023,8458587,5991231,1996912,1996912,1302688,2588701,1912359,5606840,6969891,
    1302688,1302688,1912359,6347114,5991231,5632143,1302688,7594916,1912359,5606840,1302688,1542015,1120821,7594916,8142419,
    6969891,1302688,5606840,8090913,1542015,6969891,4361962,4361962,6347114,5991231,5606840,1137275,5606840,1542015,1542015,
    7594916,1912359,5641761,1542015,1120821,6969891,1912359,1316766,1316766,5606840,3557729,1542015,1614364,1614364,1120821,
    7594916,4361753,7838613,613247,8090913,1316766,1912359,1614364,1120821,5632143,1912359,1316766,5606840,1912359,7594916,
    7594916,8794449,3279271,4503935,4140023,8458587,1996912,5606840,7594916,2588701,1302688,1542015,5632143,7594916,8142419,
    1996912,4639684,5504183,5606840,7838613,8794449,3279271,4503935,4140023,8458587,5991231,3557729,2588701,1302688,1912359,
    6969891,7594916,5632143,1912359,5606840,6969891,1316766,1996912,3557729,1614364,5632143,5991231,5632143,5606840,1996912,
    5606840,7594916,1912359,7594916,1614364,8794449,566269,7594916,4361753,1996912,1996912,613247,1542015,6651929,7838613,
    2537456,8652168,5641761,6347114,5991231,7594916,8142419,613247,8652168,5606840,1316766,1996912,6969891,1912359,5606840,
    6347114,2588701,7594916,1302688,2588701,3557729,5606840,1542015,1316766,1614364,3279271,5606840,5606840,1542015,1912359,
    7594916,6969891,6969891,5632143,5991231,5632143,3557729,2588701,1542015,3557729,5606840,5606840,1614364,3279271,5632143,
    6969891,2588701,1316766,1302688,6969891,6969891,1120821,7594916,8142419,5606840,7594916,5641761,4639684,5504183,8652168,
    3279271,4458139,5991231,1542015,7594916,1316766,1996912,1316766,1542015,5632143,3557729,1137275,1302688,6969891,1542015,
    1316766,1316766,5641761,1542015,1614364,4503935,4140023,8458587,2588701,1137275,1996912,1542015,2588701,1316766,1316766,
    5606840,1912359,1316766,3557729,5641761,6969891,6347114,6969891,1137275,7594916,3557729,1542015,1912359,5606840,5641761,
    1302688,8794449,566269,3606656,8458587,2556538,8458587,1302688,1912359,1996912,1996912,1996912,7594916,5632143,7594916,
    8142419,1302688,1316766,5606840,9085190,3753688,1542015,3557729,6347114,2588701,1137275,3557729,1302688,1316766,1912359,
    1302688,3557729,5641761,1302688,8794449,8794449,4503935,4140023,8458587,7594916,4361753,8090913,5641761,1912359,1542015,
    3557729,5632143,1912359,1996912,3557729,5606840,1912359,1316766,8794449,566269,1996912,7594916,2588701,1912359,2588701,
    1316766,1302688,5632143,1996912,7594916,2588701,1912359,2588701,1912359,1302688,2937043,4503935,4140023,8458587,5632143,
    6969891,1302688,1996912,6969891,1302688,1996912,5632143,5991231,5632143,6969891,1302688,2588701,7594916,7594916,1302688,
    1614364,8794449,566269,4503935,4140023,8458587,5991231,5632143,1542015,1996912,1912359,3557729,1996912,1996912,1120821,
    7594916,4361753,5606840,1996912,4361962,1912359,2537456,1614364,5632143,5991231,5632143,5606840,1996912,5606840,7594916,
    3557729,1542015,1614364,8794449,5991231,4503935,4140023,8458587,5991231,5991231,5632143,5606840,1316766,1316766,1302688,
    2588701,1120821,5632143,2588701,1137275,1912359,7594916,1542015,1302688,1542015,5641761,1542015,1614364,1120821,5632143,
    1996912,1137275,1996912,2588701,1316766,1302688,5606840,5641761,1542015,1614364,5632143,5991231,5632143,3557729,1137275,
    2588701,2588701,5606840,5606840,1302688,5641761,1542015,1614364,8794449,3279271,4503935,4140023,8458587,7594916,8142419,
    1316766,1912359,9085190,4361962,1996912,5632143,7594916,8142419,1316766,1912359,7838613,7838613,2588701,8794449,1614364,
    4503935,4140023,8458587,5632143,2588701,3557729,1316766,7594916,5606840,6969891,5632143,5991231,5632143,2588701,1137275,
    3557729,1316766,7594916,1316766,1996912,5641761,1542015,1614364,8794449,566269,4503935,4140023,8458587,5606840,1137275,
    5606840,1316766,1996912,3557729,3557729,5641761,1542015,1120821,5632143,5606840,5606840,1316766,1996912,7594916,1996912,
    8794449,8458587,4503935,4140023,8458587,2588701,1137275,1996912,1912359,1542015,1912359,3557729,7594916,1996912,1316766,
    5606840,5641761,6969891,6347114,1996912,1137275,1996912,1302688,5606840,3557729,6969891,1912359,3557729,5641761,1912359,
    8794449,8794449,4503935,4140023,8458587,1996912,1137275,3557729,5606840,3557729,1302688,1912359,1316766,5606840,5641761,
    6969891,6347114,1302688,1137275,1996912,1316766,5606840,6969891,1542015,1316766,5641761,1302688,8794449,566269,3606656,
    8458587,2556538,8458587,1302688,1302688,6969891,3557729,7594916,5606840,6969891,1996912,6347114,7594916,4361753,5606840,
    3753688,1996912,1542015,1316766,1302688,8794449,8794449,4503935,4140023,8458587,3557729,2588701,6969891,1542015,1542015,
    1542015,5632143,5991231,2588701,1137275,1542015,3557729,1996912,2588701,3557729,5641761,1542015,1120821,1996912,1137275,
    1912359,1542015,5606840,1316766,1302688,5641761,1542015,1614364,8794449,566269,3606656,8458587,2556538,8458587,5632143,
    1996912,1316766,6969891,1542015,1912359,5606840,5632143,5991231,5632143,1996912,1316766,6969891,1542015,1912359,1542015,
    1614364,8794449,8794449,4503935,4140023,8458587,5632143,1996912,3557729,1316766,1542015,1996912,5606840,1120821,1996912,
    1137275,3557729,1316766,1542015,1316766,5641761,1542015,8794449,3279271,4503935,4140023,8458587,5632143,1912359,1316766,
    1912359,7594916,2588701,1542015,1120821,5991231,5632143,1316766,1316766,6969891,1542015,1996912,1912359,1120821,1996912,
    1137275,1302688,1912359,1302688,1542015,1316766,6969891,5641761,1302688,1614364,8794449,3279271,4503935,4140023,8458587,
    5632143,1996912,5606840,1912359,1542015,2588701,3557729,1120821,1996912,1137275,5606840,1912359,1302688,5606840,6969891,
    5641761,1542015,8794449,566269,3557729,1542015,1302688,3557729,6969891,3557729,6969891,1542015,6969891,3557729,1996912,
    6969891,1912359,5632143,1912359,1302688,5606840,2588701,6969891,1302688,3279271,4458139,5991231,7594916,4361753,7838613,
    1302688,5606840,613247,7838613,5632143,1912359,7594916,1912359,1316766,1542015,6969891,1614364,3279271,5606840,1137275,
    2588701,6969891,1912359,1996912,1912359,2588701,7594916,1542015,1302688,1542015,1302688,1302688,1542015,5641761,1996912,
    1542015,6347114,7594916,8142419,1996912,9085190,3557729,2588701,4361962,4639684,7594916,7594916,7594916,7838613,9085190,
    2537456,2937043,4503935,4140023,8458587,2588701,1137275,1912359,1302688,1316766,3557729,2588701,5641761,1542015,5632143,
    2588701,1912359,1302688,1912359,6969891,1302688,8794449,566269,4503935,4140023,8458587,5632143,1302688,1302688,2588701,
    2588701,1302688,1542015,1120821,1302688,1302688,2588701,5606840,1996912,7594916,8794449,5991231,4503935,4140023,8458587,
    5632143,1316766,1137275,1316766,1316766,1316766,3557729,2588701,5641761,1542015,1120821,1316766,1316766,1316766,1316766,
    1316766,6969891,8794449,3279271,4503935,4140023,8458587,5632143,1542015,7594916,1996912,1302688,5606840,6969891,5632143,
    5991231,5632143,1542015,1137275,7594916,1996912,1302688,1316766,1912359,5641761,1542015,1614364,8794449,1614364,4503935,
    4140023,8458587,5632143,5606840,1302688,1316766,5606840,5606840,1542015,1120821,5606840,1302688,1316766,5606840,1912359,
    1316766,8794449,566269,4503935,4140023,8458587,5991231,5991231,1912359,7594916,6969891,3557729,2588701,1316766,1542015,
    1316766,3557729,2588701,1542015,1316766,6347114,1542015,3557729,1542015,1912359,2588701,1996912,2588701,1542015,1996912,
    1302688,3557729,1614364,6347114,7594916,8142419,2588701,2588701,5606840,8652168,6969891,2588701,3557729,8652168,1614364,
    6347114,2588701,1542015,1996912,1302688,6969891,3557729,1302688,8794449,8458587,4503935,4140023,8458587,7594916,8142419,
    1996912,7594916,1316766,613247,5606840,6651929,1912359,5641761,6347114,5991231,5991231,7594916,4361753,6969891,3753688,
    1316766,1542015,5606840,1912359,5632143,5991231,5632143,1302688,3557729,5606840,5606840,1542015,1120821,5632143,1912359,
    1542015,7594916,1302688,1542015,5606840,1614364,1614364,5632143,5991231,5632143,3557729,6969891,1912359,1316766,7594916,
    5606840,1614364,1614364,8794449,8794449,4503935,4140023,8458587,5632143,3557729,1912359,5606840,6969891,1316766,1316766,
    1120821,3557729,1912359,3557729,7594916,5606840,3557729,8794449,566269,3606656,8458587,2556538,8458587,2588701,6969891,
    3557729,1912359,3557729,1302688,5632143,7594916,4361753,3557729,1912359,6651929,1542015,6969891,8794449,8794449,4503935,
    4140023,8458587,5632143,2588701,1316766,7594916,5606840,2588701,1120821,1996912,1996912,5606840,1542015,1996912,3557729,
    1542015,7594916,3557729,6347114,2588701,1137275,1542015,1912359,6969891,2588701,5606840,1912359,5641761,1302688,8794449,
    566269,5632143,1316766,1912359,3557729,1302688,1316766,1996912,1120821,5991231,1996912,5606840,1302688,1542015,5606840,
    1542015,3557729,1542015,1316766,6347114,1996912,1302688,1316766,1316766,1302688,6969891,2588701,1316766,5632143,7594916,
    8142419,4639684,6969891,6969891,1316766,1614364,4503935,4140023,8458587,1996912,5606840,1316766,1302688,2588701,3557729,
    1120821,5991231,1316766,2588701,6969891,6969891,6969891,1542015,1120821,5632143,6969891,1302688,1316766,1542015,1912359,
    2588701,1614364,8794449,566269,3606656,8458587,2556538,8458587,1302688,1137275,3557729,1912359,6969891,3557729,3557729,
    2588701,6969891,1316766,5641761,1316766,6347114,1542015,1137275,1316766,5606840,1912359,5606840,5606840,1302688,5641761,
    1302688,8794449,8794449,4503935,4140023,8458587,3557729,1137275,7594916,1996912,6969891,6969891,6969891,6969891,3557729,
    1316766,3557729,5641761,6969891,6347114,7594916,4361753,1996912,7594916,1302688,1996912,9085190,1302688,1316766,5632143,
    3557729,1912359,1302688,1302688,7594916,3557729,8794449,566269,4503935,4140023,8458587,2588701,1137275,7594916,1912359,
    1996912,1316766,1302688,1542015,5606840,1542015,1912359,5641761,6969891,6347114,1996912,1137275,2588701,1996912,1316766,
    1912359,3557729,3557729,5606840,5641761,1912359,8794449,5991231,4503935,4140023,8458587,5606840,1542015,1996912,1542015,
    5606840,3557729,5606840,1302688,7594916,1996912,6347114,7594916,8142419,5641761,4639684,1912359,1302688,9085190,2537456,
    8794449,3279271,4503935,4140023,8458587,5632143,1316766,1996912,6969891,3557729,6969891,1302688,1120821,7594916,8142419,
    3753688,1316766,1996912,1542015,2537456,8794449,1614364,4503935,4140023,8458587,1302688,5606840,7594916,1912359,3557729,
    1996912,1316766,3557729,6969891,6347114,5991231,5632143,5606840,7594916,1912359,1542015,1302688,6969891,1120821,2588701,
    1996912,5606840,7594916,1542015,7594916,1316766,1302688,1912359,6969891,6347114,5991231,7594916,8142419,1996912,1912359,
    5641761,7838613,6651929,8090913,2537456,5632143,3557729,1137275,2588701,1542015,1996912,1302688,2588701,5641761,1542015,
    1614364,1614364,8794449,566269,4503935,4140023,8458587,5632143,6969891,1137275,1316766,1316766,1996912,6969891,5641761,
    3557729,5632143,5991231,5632143,6969891,1316766,1316766,1302688,1542015,1614364,8794449,8458587,4503935,4140023,8458587,
    2588701,1912359,1542015,1542015,2588701,1912359,1542015,2588701,1542015,1316766,6347114,1996912,1542015,1316766,5606840,
    3557729,6969891,1996912,1542015,8794449,8794449,4503935,4140023,8458587,3557729,1137275,2588701,6969891,3557729,1302688,
    6969891,3557729,1316766,1996912,5641761,1316766,6347114,7594916,8142419,1542015,1316766,1316766,5641761,1912359,6969891,
    8794449,566269,3606656,8458587,2556538,8458587,7594916,4361753,1912359,5504183,5606840,8090913,8090913,1120821,5632143,
    1542015,1137275,7594916,1316766,1316766,3557729,1996912,5641761,1542015,8794449,8794449,4503935,4140023,8458587,5991231,
    5632143,1542015,1302688,1302688,1316766,7594916,7594916,5632143,5991231,5632143,6969891,1302688,1302688,1542015,1996912,
    1302688,1614364,1614364,1120821,5632143,5606840,6969891,6969891,1302688,1302688,1316766,8794449,566269,3606656,8458587,
    2556538,8458587,2588701,2588701,1316766,1996912,3557729,1542015,1912359,6969891,3557729,1542015,6347114,1996912,1542015,
    1996912,7594916,1316766,6969891,6969891,5606840,8794449,8794449,4503935,4140023,8458587,5632143,1912359,1316766,5606840,
    3557729,6969891,1316766,1120821,7594916,8142419,7838613,6651929,3557729,7838613,613247,8794449,3279271,4503935,4140023,
    8458587,5632143,1316766,1137275,1542015,7594916,1316766,2588701,1542015,5641761,1542015,1120821,7594916,8142419,5504183,
    4639684,7838613,7838613,7838613,8794449,566269,3557729,1137275,5606840,3557729,2588701,1316766,1542015,5641761,1542015,
    1120821,1316766,6969891,1996912,6969891,1302688,1912359,6969891,7594916,3557729,2588701,5606840,7594916,1996912,3279271,
    4458139,5991231,5632143,3557729,1912359,1316766,1542015,1316766,5606840,5632143,5991231,5632143,1542015,1137275,1996912,
    1912359,7594916,1912359,1316766,5641761,1542015,1614364,1614364,4503935,4140023,8458587,5991231,1542015,1137275,1542015,
    7594916,5606840,1912359,1316766,1302688,1302688,7594916,1302688,1542015,5641761,1996912,7594916,6347114,5991231,2588701,
    1137275,5606840,1996912,2588701,1542015,1912359,1316766,1542015,6969891,5641761,1316766,5632143,5991231,5632143,6969891,
    1912359,6969891,6969891,1302688,6969891,1614364,1614364,1614364,6347114,1996912,1137275,5606840,7594916,1542015,5606840,
    5606840,5606840,5641761,1302688,8794449,566269,4503935,4140023,8458587,1996912,1137275,3557729,1912359,3557729,7594916,
    3557729,5606840,1996912,2588701,1912359,5641761,6969891,6347114,7594916,8142419,1912359,6651929,1996912,2588701,6651929,
    1912359,8794449,5991231,4503935,4140023,8458587,7594916,4361753,1542015,9085190,613247,6651929,1542015,7594916,8652168,
    4361962,6347114,7594916,8142419,4361962,6651929,4639684,5641761,5606840,1302688,8794449,3279271,4503935,4140023,8458587,
    5991231,1542015,1302688,5606840,5606840,1912359,1316766,1120821,5991231,5632143,1996912,1137275,3557729,1996912,1542015,
    1996912,3557729,1912359,5641761,1302688,5632143,1996912,1137275,1912359,1316766,3557729,1316766,5606840,5641761,1542015,
    1614364,1614364,5632143,5991231,5632143,1996912,7594916,5606840,7594916,5606840,7594916,5606840,1614364,8794449,1614364,
    4503935,4140023,8458587,2588701,1542015,1316766,1542015,1302688,2588701,5606840,7594916,1912359,1316766,6347114,5991231,
    7594916,8142419,1912359,3557729,7594916,6651929,6651929,1120821,1996912,1137275,7594916,1996912,1302688,1542015,7594916,
    5606840,5606840,5641761,1912359,1614364,8794449,566269,4503935,4140023,8458587,7594916,8142419,3557729,1912359,5504183,
    1316766,8652168,1302688,1316766,8652168,6347114,7594916,4361753,6969891,8652168,1996912,1996912,2588701,1302688,8794449,
    8458587,4503935,4140023,8458587,5991231,2588701,1542015,1316766,5606840,7594916,1996912,1912359,6969891,1316766,7594916,
    5632143,5991231,5632143,1996912,1137275,2588701,7594916,1302688,1316766,1912359,1302688,5641761,1302688,5632143,5991231,
    5632143,5606840,1316766,6969891,1542015,1542015,5606840,1614364,1614364,1614364,6347114,7594916,8142419,613247,1316766,
    8090913,7594916,8090913,1996912,8794449,8794449,4503935,4140023,8458587,5991231,5991231,5632143,6969891,1137275,2588701,
    2588701,3557729,1912359,5606840,5641761,1542015,1120821,1996912,1137275,2588701,1996912,1542015,5606840,5606840,1542015,
    5641761,1302688,1614364,5632143,1316766,1137275,3557729,1542015,2588701,1542015,1302688,5641761,1542015,1614364,1120821,
    1542015,1137275,1542015,2588701,3557729,3557729,5606840,5641761,1542015,8794449,566269,3606656,8458587,2556538,8458587,
    1996912,1137275,1996912,1996912,1316766,1542015,5641761,3557729,5632143,7594916,8142419,2588701,7838613,7838613,7594916,
    8794449,8794449,4503935,4140023,8458587,6969891,1137275,5606840,6969891,5606840,6969891,5641761,3557729,5632143,7594916,
    4361753,1996912,1302688,5641761,2588701,7838613,8794449,566269,5632143,2588701,2588701,6969891,5606840,1996912,3557729,
    1120821,5991231,5991231,5632143,1996912,1542015,1542015,2588701,1996912,1316766,5632143,5991231,5632143,1316766,1542015,
    1302688,2588701,5606840,1316766,1614364,1614364,1120821,5632143,3557729,1137275,1912359,1996912,1302688,6969891,1316766,
    5641761,1542015,1614364,4503935,4140023,8458587,7594916,4361753,4639684,5641761,1996912,1912359,4639684,1120821,5632143,
    1996912,1137275,7594916,3557729,7594916,1912359,1996912,1912359,5641761,1302688,8794449,566269,3606656,8458587,2556538,
    8458587,7594916,4361753,3557729,7594916,5504183,3557729,5606840,5632143,7594916,8142419,3557729,7594916,5504183,3557729,
    1996912,8794449,8794449,4503935,4140023,8458587,7594916,4361753,6969891,1302688,1912359,4361962,8090913,3557729,1542015,
    5606840,6347114,1996912,1137275,1996912,1996912,2588701,2588701,1316766,2588701,1316766,5641761,1912359,8794449,3279271,
    4503935,4140023,8458587,5632143,5606840,1996912,1302688,5606840,1996912,2588701,1120821,5606840,1137275,1996912,1302688,
    5606840,6969891,2588701,5641761,1542015,8794449,566269,7594916,4361753,2588701,5641761,3753688,4639684,7594916,1542015,
    7594916,7838613,6347114,1996912,1137275,1302688,6969891,1542015,1996912,2588701,2588701,1996912,5641761,1912359,3279271,
    4458139,5991231,5991231,1302688,1137275,1302688,1996912,3557729,1912359,1996912,5641761,1542015,1120821,5632143,3557729,
    3557729,1542015,1302688,1542015,1912359,1614364,5632143,7594916,8142419,2588701,9085190,3557729,8090913,4639684,1614364,
    4503935,4140023,8458587,1996912,1137275,1996912,1912359,2588701,6969891,5606840,6969891,1316766,7594916,1316766,5641761,
    6969891,6347114,7594916,8142419,6969891,5606840,4361962,8090913,1996912,1542015,8794449,566269,4503935,4140023,8458587,
    5991231,5991231,5632143,1542015,1316766,3557729,5606840,6969891,1302688,1120821,1996912,1137275,5606840,1996912,1996912,
    1912359,1316766,7594916,1912359,1302688,6969891,5606840,5641761,1996912,1996912,1614364,6347114,1302688,1137275,1542015,
    1542015,1316766,6969891,1912359,1316766,2588701,5606840,5641761,1316766,1614364,6347114,5991231,7594916,4361753,5504183,
    1912359,4361962,1996912,7594916,8652168,4639684,1542015,6347114,5606840,1137275,7594916,6969891,7594916,6969891,5606840,
    1542015,1996912,5641761,1912359,1614364,8794449,5991231,4503935,4140023,8458587,7594916,8142419,1316766,3557729,7838613,
    6651929,9085190,5504183,7594916,6347114,7594916,8142419,9085190,7594916,6651929,6651929,2537456,1996912,8794449,3279271,
    4503935,4140023,8458587,5991231,7594916,8142419,1912359,2588701,1316766,1912359,1542015,1120821,1542015,1912359,7594916,
    1912359,1302688,2588701,1614364,1120821,5632143,1996912,7594916,5606840,6969891,1316766,1996912,1316766,8794449,1614364,
    4503935,4140023,8458587,5632143,1316766,7594916,1912359,7594916,3557729,7594916,5632143,5991231,5632143,1912359,1137275,
    5606840,5606840,7594916,1302688,5641761,1542015,5632143,7594916,4361753,1996912,2588701,1996912,2588701,3753688,1614364,
    8794449,566269,4503935,4140023,8458587,6969891,6969891,1996912,3557729,1302688,1912359,1302688,1996912,6347114,7594916,
    4361753,6969891,7594916,1996912,3557729,6651929,8794449,8458587,4503935,4140023,8458587,1996912,1137275,3557729,1316766,
    1316766,5606840,1912359,1912359,5606840,1996912,5641761,1316766,6347114,7594916,4361753,6969891,1912359,1302688,1912359,
    613247,8794449,8794449,4503935,4140023,8458587,5632143,1912359,5606840,6969891,1912359,6969891,1120821,7594916,8142419,
    1996912,2588701,1996912,2588701,3753688,8794449,566269,1316766,1302688,1542015,1912359,1302688,2588701,1996912,5632143,
    5606840,1137275,1302688,1542015,2588701,3557729,1912359,5641761,1542015,2937043,4503935,4140023,8458587,1996912,6969891,
    1996912,5606840,1542015,6969891,2588701,5606840,6347114,1316766,1137275,1542015,3557729,2588701,1316766,5641761,3557729,
    8794449,566269,3606656,8458587,2556538,8458587,5632143,1542015,1912359,1302688,5606840,1542015,1542015,1120821,1542015,
    1912359,1302688,5606840,1542015,1302688,8794449,8794449,4140023,566269,4503935,4140023,8458587,5991231,5991231,5632143,
    2588701,6969891,1542015,7594916,1912359,2588701,5632143,5991231,3557729,1137275,1316766,1316766,5606840,6969891,1912359,
    5641761,1542015,5632143,5991231,5632143,5606840,1912359,1996912,1912359,1996912,1316766,1614364,1614364,1614364,5632143,
    5991231,5632143,1302688,1137275,3557729,1912359,5606840,5641761,1542015,1614364,1614364,1120821,1542015,1137275,7594916,
    1912359,6969891,2588701,1542015,5641761,1542015,8794449,4503935,4140023,8458587,7594916,8142419,2588701,1316766,3557729,
    5641761,1302688,1120821,5632143,1996912,1302688,1542015,7594916,3557729,2588701,8794449,566269,3606656,8458587,2556538,
    8458587,1302688,1137275,1316766,5606840,3557729,3557729,1316766,1316766,1996912,2588701,5641761,1316766,6347114,7594916,
    8142419,7838613,613247,6969891,5504183,1302688,1302688,8794449,8794449,4503935,4140023,8458587,5991231,5632143,3557729,
    1316766,1542015,5606840,1542015,7594916,1120821,1996912,1137275,5606840,1996912,6969891,1316766,1912359,5641761,1542015,
    1614364,1120821,7594916,4361753,1542015,1302688,3557729,1316766,1316766,8794449,566269,4503935,4140023,8458587,5606840,
    6969891,2588701,1912359,6969891,3557729,5632143,5606840,1137275,6969891,2588701,1912359,3557729,2588701,5641761,1542015,
    8794449,5991231,4503935,4140023,8458587,5991231,5632143,1316766,5606840,1912359,1316766,1996912,1542015,5632143,5991231,
    5632143,3557729,1137275,7594916,2588701,2588701,1912359,1996912,5641761,1542015,1614364,1614364,5632143,5991231,5632143,
    3557729,5606840,1542015,1542015,6969891,1316766,1614364,8794449,3279271,4503935,4140023,8458587,1996912,1137275,1912359,
    1996912,1996912,1316766,1912359,1302688,3557729,5606840,5641761,1316766,6347114,1996912,1137275,1996912,6969891,1912359,
    1996912,1996912,1302688,5641761,1302688,8794449,1614364,4503935,4140023,8458587,1996912,2588701,1912359,5606840,2588701,
    3557729,1542015,1542015,2588701,6347114,5991231,3557729,1912359,1302688,5606840,2588701,1996912,3557729,1996912,6347114,
    7594916,4361753,5606840,1542015,1912359,4639684,1912359,1316766,1614364,8794449,566269,4503935,4140023,8458587,7594916,
    8142419,1996912,2588701,1316766,3753688,4639684,1302688,613247,5606840,6347114,1996912,1137275,1316766,1542015,2588701,
    1542015,3557729,1316766,5641761,1302688,8794449,8458587,4503935,4140023,8458587,3557729,1137275,7594916,7594916,5606840,
    1996912,5606840,5641761,1542015,5632143,7594916,8142419,1302688,1996912,9085190,1316766,3557729,8794449,8794449,4503935,
    4140023,8458587,5632143,1912359,1996912,2588701,3557729,1912359,1120821,1912359,1996912,2588701,6969891,6969891,8794449,
    566269,3606656,8458587,2556538,8458587,7594916,4361753,1996912,613247,7594916,613247,4639684,3753688,6969891,1912359,
    6347114,1912359,1316766,3557729,1912359,5606840,7594916,1302688,1120821,5632143,6969891,2588701,2588701,6969891,2588701,
    2588701,8794449,8794449,4503935,4140023,8458587,5632143,1542015,1137275,1302688,1542015,7594916,1996912,1542015,5641761,
    1542015,5632143,5991231,5632143,1542015,1302688,1542015,1996912,1912359,6969891,1614364,8794449,3279271,4503935,4140023,
    8458587,5632143,5606840,1137275,6969891,1996912,1996912,6969891,1542015,5641761,1542015,5632143,5991231,5632143,1996912,
    3557729,5606840,7594916,2588701,1912359,1542015,5632143,5991231,5632143,1996912,7594916,5606840,1316766,6969891,5606840,
    3557729,1614364,1614364,8794449,566269,1996912,1137275,1302688,1542015,7594916,1316766,1996912,5641761,1542015,1120821,
    1542015,1137275,1316766,7594916,1996912,3557729,6969891,1912359,5641761,1302688,3279271,1316766,7594916,7594916,1912359,
    6969891,2588701,1542015,5632143,3557729,2588701,7594916,1316766,1542015,1912359,2937043,4503935,4140023,8458587,5632143,
    1302688,3557729,1912359,1542015,1302688,1542015,5632143,5991231,5991231,5991231,1912359,1912359,1542015,1542015,7594916,
    1302688,1120821,5991231,1996912,1996912,7594916,1542015,6969891,5606840,5606840,1542015,1996912,1316766,5632143,1542015,
    1137275,1912359,1316766,7594916,7594916,5606840,5641761,1542015,1614364,1614364,6347114,7594916,8142419,3557729,2537456,
    6969891,7838613,9085190,1996912,5632143,1316766,1137275,5606840,7594916,7594916,6969891,1542015,5641761,1542015,1614364,
    5632143,6969891,1137275,1996912,1302688,1912359,6969891,1316766,5641761,1542015,1614364,8794449,566269,3606656,8458587,
    2556538,8458587,1996912,6969891,1542015,1912359,1542015,3557729,1542015,3557729,6969891,7594916,6347114,1912359,1912359,
    7594916,1302688,1316766,1912359,2588701,8794449,8794449,4503935,4140023,8458587,5991231,5991231,5632143,2588701,1137275,
    1542015,1912359,1912359,5641761,3557729,5632143,5991231,5632143,5606840,1137275,1542015,1912359,1302688,6969891,2588701,
    5641761,1542015,1614364,1614364,1120821,5632143,1912359,1316766,1996912,2588701,6969891,6969891,1614364,5632143,5991231,
    5632143,3557729,1137275,3557729,6969891,1542015,1542015,2588701,5641761,1542015,1614364,8794449,3279271,4503935,4140023,
    8458587,5632143,1996912,1137275,1996912,1316766,5641761,2588701,5632143,5991231,1996912,7594916,5606840,5606840,5606840,
    1542015,2588701,1120821,5632143,1996912,7594916,5606840,5606840,1542015,3557729,1912359,1614364,8794449,3279271,4503935,
    4140023,8458587,5991231,7594916,8142419,6969891,9085190,4361962,9085190,1542015,1120821,5632143,1316766,1996912,1542015,
    1542015,1316766,5606840,1614364,5632143,5991231,2588701,1996912,1542015,5606840,3557729,2588701,5632143,5606840,1137275,
    6969891,2588701,5606840,5606840,1542015,5641761,1542015,1614364,8794449,566269,7594916,4361753,2537456,5641761,6969891,
    7838613,8090913,1120821,5991231,5991231,5632143,1996912,3557729,5606840,1996912,1316766,1542015,7594916,5632143,5991231,
    5632143,1996912,5606840,1316766,5606840,5606840,6969891,1542015,5632143,5991231,5632143,3557729,7594916,3557729,5606840,
    1542015,1316766,1120821,5632143,1542015,1302688,5606840,1912359,6969891,1316766,1614364,1614364,1614364,1120821,1316766,
    5606840,2588701,6969891,1542015,3557729,1542015,1614364,3279271,1996912,1137275,1996912,1912359,3557729,6969891,1912359,
    1912359,1996912,1542015,1316766,7594916,3557729,3557729,1542015,1996912,5641761,1996912,3557729,6347114,5606840,1137275,
    1302688,1912359,1996912,1316766,7594916,3557729,7594916,2588701,5606840,1316766,1996912,5641761,1996912,2588701,3279271,
    4458139,5991231,2588701,1996912,2588701,1302688,7594916,1542015,3557729,1542015,1996912,1542015,6347114,7594916,4361753,
    4361962,9085190,1996912,5606840,1542015,6969891,1614364,4503935,4140023,8458587,5632143,1996912,1996912,6969891,5606840,
    1542015,2588701,5632143,5991231,5632143,5606840,7594916,1316766,7594916,3557729,2588701,5632143,5991231,5632143,1996912,
    1137275,1316766,1316766,1302688,5606840,1302688,5641761,1542015,1614364,1614364,8794449,566269,4503935,4140023,8458587,
    2588701,1996912,5606840,1542015,1912359,3557729,5632143,1912359,1137275,1316766,1996912,6969891,1316766,1542015,1316766,
    6969891,1912359,5641761,1316766,6347114,7594916,4361753,1542015,8652168,5641761,8652168,2537456,1316766,8794449,5991231,
    4503935,4140023,8458587,1996912,1137275,1302688,5606840,1542015,2588701,1912359,5641761,1542015,1120821,5632143,1996912,
    1302688,5606840,3557729,1912359,2588701,8794449,3279271,4503935,4140023,8458587,5991231,7594916,8142419,7838613,4639684,
    5606840,2588701,6969891,5632143,1996912,2588701,1316766,1316766,5606840,7594916,1614364,1120821,5632143,1302688,1542015,
    3557729,2588701,1542015,6969891,8794449,1614364,4503935,4140023,8458587,2588701,1137275,6969891,5606840,1912359,1542015,
    1996912,5606840,1996912,3557729,6969891,5641761,6969891,6347114,7594916,4361753,5641761,5606840,1316766,1912359,7594916,
    2588701,8794449,566269,4503935,4140023,8458587,7594916,8142419,7838613,7594916,6969891,4361962,3753688,1120821,5632143,
    1912359,1137275,2588701,5606840,5606840,1316766,3557729,5641761,1542015,8794449,8458587,4503935,4140023,8458587,5991231,
    5991231,1996912,1137275,1316766,1302688,2588701,1996912,3557729,5606840,1542015,1912359,1542015,5641761,6969891,5632143,
    5991231,5632143,6969891,1137275,7594916,1996912,7594916,7594916,6969891,5641761,1542015,1614364,1614364,5632143,5991231,
    5632143,1996912,1316766,1316766,7594916,1912359,2588701,1614364,1614364,6347114,1316766,1137275,7594916,1302688,1542015,
    6969891,3557729,2588701,5641761,1302688,8794449,8794449,4503935,4140023,8458587,1996912,1912359,1912359,6969891,1302688,
    7594916,1996912,1912359,1912359,6969891,6347114,7594916,8142419,2537456,1302688,6969891,1912359,8090913,8090913,8794449,
    566269,3606656,8458587,2556538,8458587,1302688,1137275,6969891,1912359,3557729,1302688,1316766,1996912,6969891,5641761,
    1912359,6347114,7594916,8142419,1996912,6651929,3557729,613247,5606840,1996912,8794449,8794449,4503935,4140023,8458587,
    5632143,1996912,1137275,7594916,7594916,2588701,7594916,6969891,1302688,5641761,1302688,1120821,7594916,4361753,6651929,
    3557729,2537456,2537456,1302688,8794449,566269,3606656,8458587,2556538,8458587,1912359,6969891,3557729,2588701,6969891,
    1996912,1120821,5632143,1912359,6969891,3557729,2588701,1316766,6969891,8794449,8794449,4503935,4140023,8458587,7594916,
    8142419,8652168,9085190,1302688,6651929,1316766,1120821,5991231,5632143,1542015,1912359,1912359,1316766,1996912,1996912,
    1120821,5632143,5606840,1137275,2588701,7594916,6969891,2588701,1302688,5641761,1542015,1614364,8794449,3279271,4503935,
    4140023,8458587,7594916,4361753,2588701,1542015,1542015,5606840,5641761,5606840,3753688,1542015,6347114,5991231,3557729,
    1137275,1316766,1912359,1542015,6969891,1542015,1316766,3557729,5641761,1912359,6347114,7594916,8142419,3753688,5606840,
    2588701,1912359,3557729,5606840,5632143,5991231,5632143,2588701,1137275,2588701,5606840,1302688,1996912,1302688,5641761,
    1542015,1614364,1614364,8794449,566269,1542015,3557729,2588701,5606840,1912359,1542015,1912359,1996912,3557729,1316766,
    1996912,1912359,7594916,1996912,6347114,2588701,1137275,1542015,5606840,3557729,3557729,1302688,1302688,7594916,1542015,
    3557729,7594916,1316766,5641761,1996912,1996912,3279271,4458139,5991231,5632143,1542015,1137275,5606840,6969891,1302688,
    1996912,1912359,5641761,1542015,1120821,1542015,1912359,1316766,7594916,1316766,2588701,1614364,4503935,4140023,8458587,
    3557729,1137275,7594916,1996912,3557729,1996912,6969891,5606840,1302688,5641761,1316766,6347114,7594916,8142419,1316766,
    1316766,1996912,613247,1302688,613247,8794449,566269,4503935,4140023,8458587,5606840,1137275,3557729,3557729,7594916,
    1316766,2588701,5641761,1542015,5632143,5991231,2588701,3557729,3557729,2588701,5606840,1120821,7594916,8142419,3557729,
    5641761,7594916,1912359,1542015,1614364,8794449,5991231,4503935,4140023,8458587,5606840,1137275,3557729,1316766,1912359,
    5606840,1996912,3557729,1302688,1542015,1302688,5641761,6969891,6347114,1996912,1137275,1542015,7594916,6969891,1302688,
    1302688,5641761,1912359,8794449,3279271,4503935,4140023,8458587,1996912,6969891,1542015,6969891,6969891,1912359,7594916,
    7594916,1912359,7594916,6347114,5991231,3557729,1542015,5606840,6969891,5606840,1302688,1542015,1316766,7594916,3557729,
    6347114,5606840,1137275,7594916,1912359,1302688,5606840,1996912,1996912,5641761,1912359,1614364,1120821,5632143,3557729,
    1302688,1542015,1912359,5606840,1912359,8794449,1614364,4503935,4140023,8458587,2588701,7594916,1316766,2588701,2588701,
    1996912,1316766,1302688,6969891,2588701,6347114,1316766,1137275,1302688,1912359,1542015,6969891,1996912,1996912,5641761,
    1302688,8794449,566269,4503935,4140023,8458587,7594916,4361753,1316766,6969891,6651929,1302688,2588701,8652168,6969891,
    6347114,7594916,4361753,3557729,4361962,8652168,1542015,3753688,6651929,8794449,8458587,4503935,4140023,8458587,5632143,
    1912359,1137275,1542015,1542015,1302688,1996912,1302688,5641761,1542015,5632143,5991231,5632143,1316766,1542015,2588701,
    1912359,1912359,5606840,5632143,5991231,5606840,1996912,6969891,5606840,1302688,1316766,5632143,3557729,1996912,1302688,
    3557729,1912359,7594916,1614364,1614364,8794449,8794449,4503935,4140023,8458587,1302688,3557729,1912359,1302688,7594916,
    1912359,6969891,1996912,1316766,6347114,7594916,4361753,3557729,3753688,6969891,8090913,5606840,1316766,8794449,566269,
    3606656,8458587,2556538,8458587,1316766,1316766,1996912,6969891,3557729,1542015,5632143,7594916,8142419,613247,1912359,
    1542015,1996912,1316766,8794449,8794449,4503935,4140023,8458587,6969891,2588701,1316766,2588701,2588701,1996912,1302688,
    3557729,3557729,6347114,5991231,5606840,1316766,1912359,3557729,1996912,2588701,7594916,1302688,1542015,1912359,6347114,
    5991231,5606840,1912359,1316766,1302688,6969891,1120821,7594916,4361753,1996912,1302688,7594916,8090913,6969891,9085190,
    5641761,1614364,1614364,8794449,566269,4458139,5991231,1996912,1137275,1316766,1316766,1316766,3557729,1996912,5606840,
    2588701,3557729,5641761,1316766,6347114,1996912,1137275,5606840,3557729,1316766,1542015,6969891,1996912,1542015,5641761,
    1912359,1614364,4503935,4140023,8458587,2588701,1302688,7594916,5606840,1542015,6969891,1302688,1996912,1316766,5606840,
    6347114,1996912,1137275,7594916,5606840,1912359,2588701,7594916,1302688,6969891,5641761,1912359,1120821,5632143,2588701,
    7594916,1302688,1316766,7594916,6969891,8794449,566269,3606656,8458587,2556538,8458587,5991231,5632143,6969891,7594916,
    3557729,7594916,1996912,6969891,1120821,3557729,1137275,6969891,7594916,6969891,2588701,1302688,6969891,1302688,6969891,
    5641761,1316766,1614364,6347114,7594916,4361753,3557729,1302688,1316766,2537456,7594916,8090913,8794449,8794449,4503935,
    4140023,8458587,1316766,1137275,1912359,1316766,1302688,1996912,5606840,1542015,5641761,1316766,6347114,1996912,1137275,
    5606840,1996912,7594916,7594916,6969891,1302688,1996912,5641761,1912359,1120821,5632143,1316766,3557729,6969891,7594916,
    1542015,1302688,8794449,3279271,6102236,566269,4458139,5991231,7594916,4361753,613247,7594916,1996912,1302688,613247,
    5632143,1316766,1996912,5606840,1316766,5606840,2588701,1614364,3279271,4503935,4140023,8458587,5632143,1912359,1137275,
    5606840,3557729,7594916,7594916,2588701,5641761,1542015,1120821,5991231,2588701,1542015,1316766,2588701,1996912,6969891,
    1316766,1316766,1996912,5632143,2588701,1912359,1996912,5606840,1912359,1302688,1614364,6347114,6969891,1996912,1316766,
    1302688,2588701,5606840,1996912,8794449,4503935,4140023,8458587,1542015,1137275,3557729,1302688,7594916,7594916,1996912,
    5641761,1542015,1120821,5991231,1996912,1542015,1542015,2588701,1302688,5606840,5632143,1912359,1137275,7594916,1996912,
    2588701,7594916,1316766,5641761,1542015,1614364,8794449,566269,4503935,4140023,8458587,5632143,2588701,3557729,5606840,
    1302688,2588701,1912359,5632143,5991231,5632143,2588701,1137275,3557729,5606840,1302688,1316766,2588701,5641761,1542015,
    1614364,8794449,5991231,4503935,4140023,8458587,7594916,4361753,1912359,3557729,1316766,5606840,4361962,4639684,6969891,
    4639684,6347114,7594916,8142419,6969891,6969891,3753688,7594916,6969891,5606840,8794449,3279271,4503935,4140023,8458587,
    5632143,2588701,5606840,1542015,1302688,1912359,3557729,5632143,5991231,5632143,2588701,5606840,1542015,1912359,5606840,
    2588701,1614364,8794449,1614364,4503935,4140023,8458587,1302688,1316766,5606840,1316766,1316766,1302688,3557729,1542015,
    5606840,6347114,1996912,5606840,1302688,1912359,1912359,1912359,2588701,1316766,8794449,566269,4503935,4140023,8458587,
    5632143,2588701,1137275,6969891,5606840,2588701,3557729,1912359,5641761,1542015,1120821,7594916,4361753,3557729,1912359,
    6969891,7838613,1542015,8794449,8458587,4503935,4140023,8458587,5991231,5632143,1316766,7594916,1316766,1302688,6969891,
    1316766,1120821,5606840,1912359,6969891,1996912,1316766,1912359,1614364,1120821,3557729,1137275,2588701,6969891,1542015,
    1302688,1912359,5641761,1542015,8794449,8794449,4503935,4140023,8458587,5632143,1316766,1542015,1912359,6969891,7594916,
    1542015,5632143,5991231,5632143,1316766,1542015,1912359,6969891,1302688,5606840,1614364,8794449,566269,4458139,5991231,
    1316766,1316766,1542015,1302688,3557729,2588701,5632143,1316766,1137275,3557729,1912359,7594916,3557729,1316766,5641761,
    1542015,1614364,4503935,4140023,8458587,2588701,1996912,2588701,1302688,1996912,1120821,5632143,2588701,1996912,2588701,
    7594916,1302688,8794449,566269,3606656,8458587,2556538,8458587,5991231,5632143,1302688,1542015,1302688,3557729,1316766,
    1316766,1120821,7594916,8142419,5606840,4361962,7594916,1996912,3557729,1614364,5632143,5991231,5632143,3557729,1137275,
    7594916,2588701,1542015,1996912,1912359,5641761,1542015,1614364,8794449,8794449,4503935,4140023,8458587,7594916,4361753,
    1542015,4361962,9085190,1912359,5632143,2588701,3557729,1996912,1912359,6969891,8794449,566269,7594916,8142419,5504183,
    3557729,4361962,3557729,5504183,1120821,5606840,1137275,2588701,1542015,1542015,1302688,5606840,2588701,1912359,1542015,
    6969891,1912359,1302688,1996912,5641761,1996912,2588701,2937043,4503935,4140023,8458587,5632143,1542015,5606840,1542015,
    3557729,6969891,1912359,1120821,1542015,5606840,1542015,1542015,1542015,5606840,8794449,566269,3606656,8458587,2556538,
    8458587,5991231,7594916,4361753,1316766,1912359,9085190,1912359,1120821,5991231,5606840,1912359,7594916,1996912,6969891,
    2588701,7594916,1302688,1316766,5632143,5991231,5632143,6969891,2588701,1996912,7594916,7594916,1996912,1614364,1614364,
    1614364,6347114,5991231,5991231,5991231,7594916,8142419,7838613,613247,1542015,1912359,6651929,1542015,5632143,1302688,
    1137275,6969891,1302688,1316766,1316766,5641761,1542015,1614364,5632143,5991231,5632143,1912359,1912359,3557729,1996912,
    2588701,1912359,1614364,1614364,5632143,5606840,1137275,1912359,1542015,6969891,1302688,1302688,1302688,1542015,1302688,
    1316766,5641761,6969891,6347114,1996912,3557729,1912359,6969891,6969891,1316766,1996912,1542015,1614364,8794449,8794449,
    4503935,4140023,8458587,5632143,3557729,1137275,1542015,6969891,6969891,1302688,5606840,5641761,1542015,1120821,3557729,
    1137275,1302688,7594916,7594916,2588701,5641761,1542015,8794449,566269,4503935,4140023,8458587,5632143,5606840,7594916,
    3557729,1996912,1302688,3557729,5632143,5991231,5632143,5606840,1137275,7594916,3557729,2588701,2588701,5641761,1542015,
    1614364,8794449,5991231,4503935,4140023,8458587,7594916,4361753,2537456,3557729,2588701,3557729,1316766,5632143,5991231,
    1302688,6969891,7594916,1542015,1316766,6969891,5632143,1996912,1137275,1316766,5606840,1996912,6969891,5641761,3557729,
    1614364,8794449,3279271,4503935,4140023,8458587,7594916,8142419,2588701,1542015,7594916,3557729,7838613,1542015,1316766,
    2588701,6347114,1996912,1137275,2588701,1302688,1912359,3557729,1316766,7594916,1912359,5641761,1912359,8794449,1614364,
    4503935,4140023,8458587,5632143,3557729,1912359,2588701,1316766,3557729,1120821,3557729,1912359,5606840,6969891,7594916,
    8794449,3279271,4503935,4140023,8458587,5632143,1912359,5606840,5606840,1316766,1316766,5632143,5991231,5632143,1912359,
    5606840,3557729,3557729,1912359,1614364,8794449,566269,5632143,1542015,1137275,7594916,2588701,7594916,6969891,5641761,
    1542015,1120821,2588701,1137275,1316766,1302688,6969891,2588701,5606840,6969891,6969891,1542015,5606840,6969891,1542015,
    7594916,1996912,5641761,1996912,5606840,3279271,4458139,5991231,5632143,6969891,7594916,5606840,1912359,1542015,2588701,
    1120821,6969891,1137275,3557729,2588701,5606840,2588701,2588701,5641761,1542015,1614364,4503935,4140023,8458587,5632143,
    6969891,3557729,3557729,3557729,6969891,5606840,5632143,5991231,5632143,6969891,3557729,3557729,1542015,3557729,1912359,
    1614364,8794449,566269,4503935,4140023,8458587,5991231,3557729,3557729,1302688,1542015,1302688,3557729,1120821,5632143,
    3557729,1996912,3557729,1316766,1996912,7594916,1614364,5632143,5606840,1137275,1996912,1302688,6969891,6969891,5641761,
    3557729,8794449,8458587,4503935,4140023,8458587,7594916,8142419,5606840,3753688,3557729,3557729,3753688,613247,1302688,
    6969891,6347114,3557729,1137275,7594916,1996912,2588701,3557729,1302688,1316766,5641761,1302688,8794449,8794449,4503935,
    4140023,8458587,2588701,1137275,3557729,7594916,1912359,2588701,5606840,5641761,1542015,5632143,2588701,3557729,7594916,
    1302688,1542015,1996912,8794449,3279271,5641761,4140023,566269,4458139,5991231,5991231,1996912,1137275,7594916,5606840,
    1912359,1996912,3557729,7594916,6969891,1542015,3557729,1302688,3557729,5641761,1996912,1996912,6347114,7594916,4361753,
    5606840,1542015,3557729,9085190,1302688,1302688,2588701,5504183,1614364,6347114,3557729,1137275,1302688,2588701,1316766,
    3557729,1316766,1912359,5641761,1302688,1614364,3279271,4503935,4140023,8458587,5991231,7594916,8142419,3557729,1996912,
    5641761,1542015,1302688,5632143,5991231,5632143,2588701,3557729,1302688,1542015,1542015,1542015,1614364,1614364,1120821,
    5632143,1542015,1996912,1302688,3557729,5606840,5606840,8794449,4503935,4140023,8458587,5632143,2588701,5606840,1542015,
    6969891,1542015,1912359,1120821,2588701,1137275,5606840,1302688,7594916,1996912,5606840,5641761,1542015,8794449,566269,
    3606656,8458587,2556538,8458587,7594916,8142419,9085190,1302688,3557729,9085190,1996912,3557729,6969891,6347114,6969891,
    1137275,1542015,1542015,1912359,3557729,1996912,1316766,5641761,1302688,8794449,8794449,4503935,4140023,8458587,1542015,
    1137275,7594916,2588701,1302688,6969891,2588701,5641761,1542015,1120821,5632143,1542015,7594916,2588701,1302688,5606840,
    1542015,8794449,566269,3606656,8458587,2556538,8458587,7594916,4361753,9085190,1302688,2537456,1996912,1542015,5641761,
    1542015,1302688,6347114,7594916,4361753,5641761,2588701,6651929,1542015,3557729,1302688,8794449,8794449,4503935,4140023,
    8458587,7594916,8142419,2537456,1302688,7594916,8090913,1302688,1120821,5632143,1302688,1316766,7594916,7594916,3557729,
    3557729,8794449,566269,4503935,4140023,8458587,1996912,7594916,1912359,3557729,1542015,1996912,5606840,3557729,6969891,
    1912359,6347114,1912359,1137275,1302688,1912359,1542015,7594916,6969891,1302688,5641761,1302688,8794449,5991231,4503935,
    4140023,8458587,5632143,1912359,1137275,1316766,1302688,2588701,7594916,5606840,5641761,1542015,1120821,1912359,1137275,
    1316766,1302688,2588701,1302688,2588701,5641761,1542015,8794449,3279271,4503935,4140023,8458587,1542015,2588701,1302688,
    3557729,7594916,3557729,1316766,1302688,2588701,6347114,1302688,1316766,5606840,1302688,3557729,2588701,1302688,8794449,
    1614364,4503935,4140023,8458587,5632143,5606840,1302688,1996912,3557729,1542015,6969891,5632143,5991231,5632143,5606840,
    1302688,1996912,1542015,1912359,1996912,1614364,8794449,566269,5991231,3557729,1316766,5606840,1316766,1542015,6969891,
    5606840,1316766,1302688,2588701,1302688,1302688,2588701,5606840,3557729,5632143,5991231,5632143,3557729,1137275,1316766,
    2588701,3557729,1912359,1912359,5641761,1542015,1614364,1614364,6347114,1912359,1137275,1316766,7594916,3557729,1996912,
    1316766,5606840,1912359,1996912,1996912,1996912,3557729,1302688,5641761,1996912,2588701,2937043,4503935,4140023,8458587,
    7594916,8142419,1542015,3557729,6969891,2588701,7594916,1120821,5991231,5632143,2588701,7594916,3557729,7594916,6969891,
    1302688,1120821,5632143,1996912,3557729,2588701,2588701,3557729,6969891,1614364,8794449,566269,4503935,4140023,8458587,
    7594916,4361753,6969891,7594916,3557729,4361962,1542015,1120821,5632143,1542015,1137275,6969891,1996912,7594916,2588701,
    1996912,5641761,1542015,8794449,8458587,4503935,4140023,8458587,1996912,7594916,7594916,3557729,1912359,2588701,3557729,
    1542015,7594916,6347114,5991231,1542015,1316766,1912359,1316766,3557729,3557729,5606840,5606840,1912359,1316766,6347114,
    5991231,7594916,8142419,2537456,3753688,1316766,7594916,8090913,1120821,2588701,1137275,5606840,1302688,5606840,5606840,
    1996912,6969891,6969891,5641761,1912359,1614364,1614364,8794449,8794449,4503935,4140023,8458587,5632143,1302688,1137275,
    7594916,7594916,6969891,2588701,3557729,5641761,1542015,5632143,5991231,5632143,1302688,7594916,7594916,6969891,1316766,
    7594916,1614364,8794449,566269,5606840,1542015,6969891,2588701,1302688,1316766,7594916,1996912,7594916,6347114,2588701,
    7594916,1316766,3557729,5606840,1996912,1996912,2588701,2937043,4503935,4140023,8458587,3557729,1137275,1542015,7594916,
    2588701,1912359,1302688,1302688,1316766,1912359,5641761,1316766,6347114,1302688,1137275,1996912,1302688,1316766,1996912,
    1912359,5606840,5641761,1302688,8794449,566269,3606656,8458587,2556538,8458587,5606840,5606840,2588701,1996912,2588701,
    1302688,1120821,5632143,5606840,5606840,2588701,1996912,2588701,1542015,8794449,8794449,4503935,4140023,8458587,5991231,
    5632143,1912359,1316766,1912359,6969891,6969891,7594916,1120821,1912359,1912359,1302688,3557729,3557729,1542015,1614364,
    5632143,5991231,5632143,1996912,1137275,1996912,1302688,7594916,1912359,5641761,3557729,1614364,8794449,3279271,4503935,
    4140023,8458587,7594916,8142419,5504183,7594916,6651929,5504183,1542015,5632143,1912359,1137275,6969891,7594916,3557729,
    7594916,5606840,5641761,1542015,8794449,3279271,4503935,4140023,8458587,2588701,2588701,2588701,7594916,5606840,1316766,
    1316766,3557729,1542015,3557729,6347114,5991231,7594916,8142419,1912359,2537456,5606840,2588701,5606840,8652168,1912359,
    1316766,6347114,7594916,8142419,5641761,2588701,7838613,9085190,3557729,4361962,1614364,8794449,3279271,4503935,4140023,
    8458587,5991231,5632143,1996912,1137275,7594916,1996912,1996912,6969891,7594916,1302688,5641761,1302688,5632143,5991231,
    5632143,1996912,1137275,1912359,5606840,5606840,1542015,5641761,3557729,1614364,1614364,5632143,5991231,5632143,6969891,
    6969891,3557729,1302688,6969891,7594916,1614364,8794449,566269,7594916,8142419,5641761,1996912,6969891,5606840,4361962,
    1120821,7594916,4361753,5504183,7838613,4361962,6969891,1996912,6969891,2588701,1542015,6969891,6969891,3753688,3279271,
    5991231,7594916,4361753,8652168,8090913,1542015,8652168,8652168,5632143,1996912,1137275,1316766,1316766,1912359,1996912,
    5641761,3557729,1614364,1120821,1316766,1137275,1542015,1912359,1302688,1316766,1302688,7594916,1542015,5606840,1316766,
    3557729,6969891,2588701,5641761,1996912,2588701,3279271,5632143,5606840,1912359,3557729,3557729,5606840,2588701,1120821,
    1996912,1137275,5606840,1316766,1302688,1542015,2588701,1316766,1912359,1996912,1912359,3557729,1302688,7594916,1542015,
    5641761,1996912,5606840,3279271,5991231,5632143,1996912,7594916,1542015,1996912,1302688,1996912,7594916,5632143,5991231,
    5632143,5606840,1137275,1542015,2588701,1912359,7594916,5606840,5641761,1542015,1614364,1614364,1120821,1316766,6969891,
    1996912,7594916,6969891,6969891,7594916,3557729,7594916,5606840,1912359,6969891,1912359,2937043,4503935,4140023,8458587,
    5991231,7594916,8142419,1996912,7594916,1302688,1302688,1302688,1996912,5504183,5641761,7594916,1542015,6347114,7594916,
    4361753,1316766,7838613,4639684,1912359,2537456,1912359,8652168,1912359,5632143,5991231,1912359,1137275,1996912,1996912,
    3557729,7594916,1996912,5641761,1542015,5632143,7594916,4361753,1316766,4639684,1996912,8652168,3557729,1614364,1614364,
    6347114,7594916,8142419,6651929,1542015,6651929,1316766,9085190,2537456,8794449,566269,3606656,8458587,2556538,8458587,
    1302688,6969891,1302688,3557729,1542015,5632143,5991231,1316766,1137275,1316766,1996912,1302688,1316766,3557729,5641761,
    1542015,5632143,5991231,5632143,5606840,1137275,1302688,5606840,3557729,2588701,1912359,5641761,1542015,1120821,7594916,
    8142419,1996912,1996912,5641761,4639684,8090913,5504183,1614364,1614364,8794449,8794449,4503935,4140023,8458587,1996912,
    1302688,5606840,5606840,1542015,1316766,1912359,1996912,5606840,1302688,6347114,5991231,1996912,1137275,1302688,1316766,
    1302688,3557729,1542015,1912359,5606840,1302688,6969891,5641761,6969891,6347114,7594916,4361753,1996912,1996912,3753688,
    5504183,2537456,1542015,2537456,1614364,8794449,566269,4503935,4140023,8458587,7594916,8142419,1302688,7838613,3557729,
    1996912,6969891,4361962,5641761,6347114,3557729,3557729,1302688,7594916,1542015,3557729,1542015,5632143,6969891,1542015,
    2588701,1912359,5606840,7594916,8794449,5991231,4503935,4140023,8458587,1302688,5606840,1316766,7594916,7594916,1912359,
    5632143,7594916,8142419,6969891,9085190,9085190,6651929,8090913,8794449,3279271,4503935,4140023,8458587,5632143,1542015,
    1137275,7594916,7594916,1996912,1996912,5606840,5641761,1542015,1120821,1542015,7594916,7594916,1996912,1912359,1542015,
    8794449,1614364,4503935,4140023,8458587,5991231,5991231,1912359,1137275,1316766,3557729,7594916,1542015,5606840,7594916,
    7594916,1996912,1542015,1542015,6969891,5641761,1996912,1996912,5632143,7594916,8142419,2588701,1542015,2537456,8090913,
    8652168,1614364,6347114,7594916,8142419,613247,1542015,1302688,3557729,613247,1912359,613247,5606840,1614364,6347114,
    1996912,1137275,1302688,7594916,3557729,1316766,1912359,3557729,3557729,5641761,1912359,8794449,566269,1912359,1542015,
    2588701,7594916,1316766,2588701,7594916,3557729,1912359,3557729,7594916,2588701,1316766,1996912,6969891,1542015,6347114,
    5606840,1137275,7594916,1302688,6969891,1912359,2588701,2588701,1302688,3557729,1316766,1996912,1912359,5641761,1996912,
    5606840,2937043,4503935,4140023,8458587,5991231,1542015,1316766,1996912,6969891,7594916,6969891,1120821,3557729,1542015,
    1302688,6969891,1302688,7594916,1614364,5632143,1996912,7594916,5606840,1316766,1316766,1996912,2588701,8794449,566269,
    4503935,4140023,8458587,1316766,1996912,1542015,2588701,1542015,5606840,1120821,5632143,1316766,1996912,1542015,1996912,
    6969891,1542015,8794449,8458587,4503935,4140023,8458587,5632143,1302688,1137275,6969891,1912359,1542015,2588701,1912359,
    5641761,1542015,1120821,7594916,8142419,8090913,2537456,3557729,6651929,5606840,8794449,8794449,4503935,4140023,8458587,
    5632143,1302688,1542015,1996912,6969891,6969891,6969891,1120821,1542015,1137275,1912359,5606840,5606840,1542015,7594916,
    1316766,2588701,5641761,1912359,6347114,7594916,8142419,5606840,1302688,7594916,5641761,8090913,1996912,8794449,566269,
    3606656,8458587,2556538,8458587,7594916,4361753,1996912,1912359,5606840,5606840,8090913,2588701,6651929,2588701,6347114,
    1996912,1137275,7594916,1542015,2588701,7594916,1542015,3557729,1996912,5641761,1912359,8794449,8794449,4503935,4140023,
    8458587,7594916,8142419,6651929,4361962,2588701,1542015,5606840,1316766,1316766,6347114,1316766,1137275,5606840,2588701,
    1542015,3557729,1542015,1316766,5641761,1302688,1120821,5632143,1912359,1137275,1302688,7594916,3557729,3557729,5641761,
    3557729,8794449,566269,3606656,8458587,2556538,8458587,5991231,5632143,2588701,1137275,2588701,2588701,2588701,1316766,
    3557729,5641761,1542015,1120821,1996912,1137275,1542015,6969891,2588701,6969891,6969891,1996912,5606840,1302688,1302688,
    5641761,6969891,1614364,6347114,5991231,5991231,1996912,1137275,5606840,1316766,6969891,1542015,1996912,1302688,5641761,
    1302688,5632143,1316766,1912359,1316766,1912359,1302688,2588701,1614364,1120821,7594916,4361753,8090913,1542015,3753688,
    8652168,6651929,1316766,1614364,8794449,8794449,4503935,4140023,8458587,7594916,4361753,9085190,6969891,1316766,1996912,
    2588701,1542015,5504183,6347114,7594916,4361753,1996912,1316766,1316766,1912359,1316766,4361962,8794449,566269,4458139,
    5991231,1316766,1137275,5606840,1316766,1912359,5606840,1996912,5641761,1542015,1120821,5632143,1316766,7594916,7594916,
    1996912,2588701,6969891,1614364,4503935,4140023,8458587,5632143,1996912,1137275,7594916,2588701,7594916,1542015,6969891,
    5641761,1302688,5632143,5991231,5632143,1996912,1137275,7594916,2588701,7594916,1302688,1542015,1996912,5641761,1302688,
    1614364,8794449,566269,4503935,4140023,8458587,7594916,4361753,1542015,3753688,1912359,5504183,6651929,1912359,5641761,
    5504183,6347114,7594916,8142419,8090913,3557729,1302688,5504183,1302688,5606840,8794449,5991231,4503935,4140023,8458587,
    5991231,5991231,5632143,5606840,3557729,3557729,1996912,1912359,2588701,5632143,7594916,8142419,1316766,1302688,1912359,
    5641761,7594916,1614364,5632143,5991231,5632143,1542015,1137275,1996912,1996912,1316766,1996912,5641761,1542015,5632143,
    7594916,8142419,3557729,1316766,5641761,7594916,7594916,1614364,1614364,5632143,5991231,1996912,1137275,7594916,3557729,
    1542015,2588701,3557729,6969891,5641761,1302688,1120821,5632143,1996912,1137275,1996912,5606840,7594916,7594916,1542015,
    1912359,5641761,1302688,1614364,8794449,3279271,4503935,4140023,8458587,5632143,5606840,3557729,1996912,7594916,7594916,
    2588701,1120821,7594916,4361753,1542015,5606840,3557729,3557729,6969891,8794449,1614364,4503935,4140023,8458587,5632143,
    1542015,1137275,1316766,3557729,2588701,2588701,1542015,5641761,1542015,5632143,5991231,5632143,1542015,1316766,3557729,
    2588701,1316766,5606840,1614364,8794449,566269,4503935,4140023,8458587,7594916,8142419,5606840,5606840,1302688,1302688,
    5504183,2537456,4639684,1912359,6347114,5991231,5991231,5991231,5606840,1137275,6969891,5606840,6969891,1996912,1302688,
    5641761,1542015,5632143,5991231,5632143,5606840,6969891,1912359,1912359,1316766,1542015,1614364,1614364,1120821,5632143,
    1996912,5606840,1542015,2588701,1912359,5606840,5606840,1614364,1120821,7594916,8142419,1912359,7594916,6651929,2588701,
    6651929,2588701,1614364,1120821,5991231,5632143,1302688,1542015,1316766,5606840,1542015,1912359,5632143,5991231,5632143,
    2588701,1137275,1912359,3557729,2588701,1996912,5606840,5641761,1542015,1614364,1614364,8794449,8458587,4503935,4140023,
    8458587,2588701,2588701,1316766,1316766,1996912,1316766,5632143,7594916,8142419,5606840,1912359,613247,6969891,1542015,
    8794449,8794449,4503935,4140023,8458587,3557729,1137275,7594916,1302688,7594916,2588701,1996912,1996912,2588701,5641761,
    1912359,6347114,1996912,6969891,5606840,5606840,3557729,5606840,1996912,8794449,566269,3606656,8458587,2556538,8458587,
    5606840,1996912,7594916,1996912,5606840,3557729,5606840,1912359,3557729,6347114,1912359,1542015,1302688,3557729,2588701,
    1542015,5606840,8794449,8794449,4503935,4140023,8458587,5991231,5991231,5991231,5632143,1996912,1542015,1302688,5606840,
    3557729,6969891,1120821,1996912,1137275,5606840,2588701,3557729,1912359,6969891,1996912,5641761,1302688,1614364,5632143,
    5606840,1137275,5606840,7594916,1316766,2588701,1302688,5641761,1542015,1614364,5632143,1316766,1137275,1316766,1542015,
    1302688,1996912,6969891,5641761,1542015,1614364,1120821,5991231,5991231,1996912,7594916,2588701,1302688,7594916,6969891,
    3557729,5632143,5606840,1912359,1316766,6969891,1542015,1302688,1614364,5632143,7594916,8142419,1996912,7594916,1912359,
    5606840,1996912,2588701,1302688,8090913,6347114,2588701,6969891,1302688,1996912,7594916,1542015,2588701,1614364,8794449,
    566269,1302688,1137275,2588701,5606840,5606840,3557729,1302688,1542015,5641761,1302688,5632143,5991231,5632143,5606840,
    1137275,3557729,1316766,1302688,3557729,1302688,5641761,1542015,1614364,4503935,4140023,8458587,7594916,8142419,6969891,
    7594916,613247,5606840,6651929,1996912,3557729,4361962,6347114,5991231,7594916,8142419,3557729,1542015,5504183,613247,
    3753688,1120821,5991231,5606840,2588701,1912359,7594916,5606840,3557729,1912359,1912359,2588701,3557729,5632143,5991231,
    6969891,7594916,3557729,1302688,2588701,1912359,1120821,5632143,6969891,1302688,7594916,1912359,1302688,1996912,1614364,
    1614364,6347114,2588701,1137275,6969891,1316766,1302688,7594916,1302688,5606840,5641761,1912359,1614364,8794449,566269,
    3606656,8458587,2556538,8458587,1996912,1542015,3557729,3557729,1302688,1302688,1996912,6969891,7594916,2588701,6347114,
    1996912,1542015,3557729,3557729,1302688,1302688,1996912,6969891,8794449,8794449,4503935,4140023,8458587,5632143,1316766,
    1137275,7594916,2588701,1316766,1996912,1542015,5641761,1542015,1120821,1316766,7594916,2588701,6969891,2588701,1302688,
    8794449,3279271,4503935,4140023,8458587,5606840,1996912,1996912,6969891,1316766,7594916,1120821,5991231,5991231,1996912,
    1137275,1302688,1912359,1316766,1996912,1316766,2588701,5641761,1302688,5632143,5991231,1316766,1137275,1302688,5606840,
    1302688,2588701,5641761,3557729,1120821,1302688,1137275,5606840,1996912,1316766,2588701,5606840,5641761,1542015,1614364,
    1614364,1120821,5991231,5632143,3557729,3557729,6969891,1302688,1542015,5606840,1120821,5632143,1316766,1137275,2588701,
    2588701,2588701,1542015,5641761,1542015,1614364,1614364,8794449,3279271,1427788,3576238,3279271,4503935,4140023,8458587,
    3557729,1302688,1316766,2588701,1996912,5606840,1542015,1316766,6969891,6347114,1996912,1137275,1302688,1912359,2588701,
    1996912,6969891,1996912,5641761,1912359,8794449,566269,4458139,5991231,6969891,1137275,3557729,1542015,6969891,5606840,
    1316766,5641761,1542015,5632143,5991231,1996912,2588701,1912359,5606840,1302688,1316766,6969891,5632143,5606840,1137275,
    1302688,1302688,5606840,2588701,1316766,5641761,1542015,1614364,1614364,3279271,5632143,1316766,1137275,6969891,7594916,
    1996912,6969891,1316766,5641761,1542015,1120821,1996912,1137275,1996912,2588701,3557729,2588701,1542015,5606840,1302688,
    6969891,1316766,1302688,5606840,1996912,5641761,1996912,2588701,3279271,4503935,4140023,8458587,7594916,4361753,1996912,
    2537456,8090913,1316766,5606840,7838613,1996912,6347114,1302688,1137275,6969891,1316766,1912359,6969891,6969891,1316766,
    5641761,1302688,8794449,3279271,2588701,1137275,7594916,5606840,5606840,1996912,1302688,1316766,1912359,5606840,5606840,
    3557729,1912359,1996912,1302688,1542015,5641761,1996912,3557729,6347114,1996912,1137275,1996912,2588701,6969891,1542015,
    5606840,1316766,2588701,1996912,5606840,2588701,1316766,6969891,1316766,5641761,1996912,5606840,2937043,4503935,4140023,
    8458587,7594916,4361753,2588701,1912359,4639684,1302688,1912359,1120821,5632143,1996912,1302688,5606840,1302688,2588701,
    3557729,8794449,566269,4503935,4140023,8458587,5991231,5632143,6969891,6969891,7594916,1996912,1302688,2588701,5632143,
    5991231,5632143,1996912,1137275,2588701,1542015,1996912,2588701,2588701,1316766,5641761,1302688,5632143,5991231,5632143,
    1912359,1137275,2588701,1912359,1996912,1996912,6969891,5641761,1542015,1614364,1614364,1614364,1120821,7594916,8142419,
    1912359,1996912,3753688,5504183,5606840,8794449,5991231,4503935,4140023,8458587,5632143,1542015,1137275,7594916,7594916,
    1302688,1302688,5641761,3557729,1120821,7594916,8142419,5504183,5606840,8652168,2588701,8794449,3279271,4503935,4140023,
    8458587,1316766,2588701,1996912,5606840,6969891,1912359,5632143,7594916,8142419,5504183,1316766,1316766,1542015,3557729,
    8794449,1614364,2537456,3576238,566269,4503935,4140023,8458587,5632143,1912359,1137275,7594916,2588701,7594916,5606840,
    1542015,5641761,1542015,1120821,1912359,7594916,2588701,7594916,1302688,3557729,8794449,4503935,4140023,8458587,7594916,
    8142419,1542015,6969891,5606840,4639684,2537456,5632143,5991231,1302688,7594916,6969891,1316766,1316766,6969891,1302688,
    2588701,2588701,1302688,2588701,6347114,2588701,1302688,1912359,1542015,5606840,2588701,6969891,1912359,2588701,1614364,
    6347114,1996912,1137275,6969891,3557729,3557729,3557729,1542015,2588701,5641761,1302688,8794449,566269,4503935,4140023,
    8458587,3557729,1137275,1542015,7594916,1542015,5641761,3557729,5632143,3557729,3557729,6969891,1316766,6969891,8794449,
    8458587,4503935,4140023,8458587,6969891,1137275,3557729,7594916,1302688,7594916,2588701,5641761,1542015,5632143,7594916,
    4361753,4361962,1542015,6969891,4639684,7838613,8794449,8794449,4503935,4140023,8458587,5991231,5632143,1542015,3557729,
    1996912,1542015,6969891,1542015,1120821,1996912,1316766,1302688,2588701,7594916,1542015,1614364,5632143,5991231,5632143,
    5606840,1542015,1542015,3557729,3557729,6969891,1614364,8794449,566269,2225277,2937043,4503935,4140023,8458587,5632143,
    6969891,1996912,2588701,6969891,5606840,3557729,5632143,5991231,3557729,1137275,1912359,1302688,6969891,6969891,1316766,
    5641761,1542015,1120821,5632143,1996912,1137275,5606840,1316766,6969891,6969891,6969891,3557729,5641761,1302688,1614364,
    8794449,566269,3606656,8458587,2556538,8458587,2588701,1137275,5606840,1316766,6969891,1912359,6969891,5641761,1542015,
    1120821,5632143,2588701,5606840,1316766,6969891,1912359,1316766,8794449,8794449,4503935,4140023,8458587,5632143,1542015,
    6969891,3557729,6969891,2588701,2588701,5632143,5991231,5632143,1542015,6969891,3557729,6969891,1316766,1912359,1614364,
    8794449,3279271,4503935,4140023,8458587,5632143,1912359,7594916,1302688,1912359,6969891,1302688,5632143,5991231,5632143,
    1912359,7594916,1302688,1316766,1912359,1912359,1614364,8794449,566269,4458139,5991231,5632143,1542015,1996912,1316766,
    7594916,6969891,2588701,5632143,5991231,5632143,1542015,1542015,1302688,1302688,1912359,6969891,1614364,1614364,3279271,
    3557729,1137275,1316766,5606840,1996912,6969891,2588701,3557729,5606840,5606840,7594916,6969891,3557729,7594916,1996912,
    6969891,5641761,1996912,1542015,6347114,5991231,5991231,5632143,1996912,7594916,1912359,1302688,6969891,5632143,7594916,
    4361753,1996912,3557729,1996912,1316766,1542015,1614364,1120821,5606840,7594916,6969891,1912359,5606840,1316766,1912359,
    3557729,7594916,6969891,6969891,2588701,7594916,1316766,1614364,4503935,4140023,8458587,5991231,1302688,1137275,1996912,
    3557729,1996912,1912359,5641761,3557729,5632143,5991231,5632143,1996912,3557729,2588701,7594916,6969891,2588701,1614364,
    1614364,5632143,2588701,1137275,7594916,5606840,3557729,3557729,1302688,5641761,1542015,8794449,566269,3606656,8458587,
    2556538,8458587,5632143,2588701,6969891,7594916,1302688,5606840,1912359,1120821,2588701,1137275,6969891,7594916,1302688,
    5606840,6969891,5641761,1542015,8794449,8794449,5504183,566269,4503935,4140023,8458587,5632143,6969891,1302688,1912359,
    1996912,1996912,1302688,5632143,5991231,5991231,5991231,5991231,5632143,1316766,5606840,1542015,2588701,1912359,1912359,
    1120821,1316766,1542015,5606840,1316766,2588701,1316766,1614364,1120821,5632143,1912359,1912359,1996912,3557729,5606840,
    3557729,1614364,1120821,5632143,6969891,1542015,7594916,1302688,7594916,1302688,1614364,5632143,5991231,5632143,1996912,
    1137275,2588701,2588701,1316766,5606840,5641761,1542015,5632143,1302688,1137275,1996912,5606840,3557729,1316766,1316766,
    5641761,1542015,1614364,1614364,8794449,4503935,4140023,8458587,1996912,1137275,1316766,5606840,7594916,1316766,7594916,
    5606840,7594916,1316766,1302688,5641761,6969891,6347114,6969891,1137275,1316766,3557729,5606840,7594916,2588701,1912359,
    5641761,1302688,8794449,566269,4503935,4140023,8458587,5632143,1996912,7594916,7594916,1542015,1996912,6969891,6969891,
    5632143,5991231,5632143,1996912,2588701,1996912,1996912,1302688,1912359,3557729,5632143,5991231,5632143,2588701,1137275,
    7594916,1302688,3557729,1996912,2588701,5641761,1542015,1614364,1614364,8794449,5991231,4503935,4140023,8458587,5991231,
    6969891,3557729,1996912,5606840,2588701,1912359,5632143,6969891,1316766,5606840,6969891,5606840,1614364,1120821,5632143,
    1316766,1137275,3557729,2588701,1316766,1302688,6969891,5641761,1542015,8794449,3279271,4503935,4140023,8458587,5632143,
    1912359,1137275,3557729,6969891,2588701,1316766,1912359,5641761,1542015,5632143,5991231,5632143,1912359,3557729,6969891,
    5606840,1542015,5606840,1614364,8794449,1614364,4503935,4140023,8458587,5632143,1542015,1912359,7594916,1996912,1542015,
    1542015,1120821,1542015,1912359,7594916,2588701,1302688,7594916,8794449,3279271,4503935,4140023,8458587,1996912,1137275,
    1912359,1996912,6969891,1316766,1302688,1996912,2588701,6969891,3557729,5641761,6969891,6347114,1912359,1137275,1542015,
    3557729,5606840,2588701,1542015,1996912,5641761,1302688,8794449,566269,7594916,4361753,3557729,1996912,613247,1912359,
    8090913,7838613,4361962,6969891,1542015,1996912,2537456,1996912,613247,6347114,1996912,1137275,1302688,7594916,1316766,
    1912359,1302688,1912359,6969891,1912359,3557729,1316766,1912359,1912359,1316766,5641761,1996912,5606840,3279271,4458139,
    5991231,5632143,2588701,6969891,6969891,2588701,5606840,1996912,5632143,5991231,5632143,5606840,1137275,5606840,1912359,
    1912359,1302688,1542015,5641761,1542015,1614364,1614364,4503935,4140023,8458587,7594916,8142419,1912359,7594916,5641761,
    1912359,2588701,613247,6347114,1996912,1137275,2588701,5606840,5606840,1996912,6969891,2588701,5641761,1302688,8794449,
    566269,4503935,4140023,8458587,5632143,3557729,2588701,1912359,1542015,5606840,1912359,1120821,3557729,1137275,2588701,
    1912359,1542015,6969891,6969891,5641761,1542015,8794449,8458587,4503935,4140023,8458587,5632143,6969891,1137275,1316766,
    6969891,1302688,1316766,2588701,5641761,1542015,1120821,7594916,4361753,6651929,1996912,2537456,5606840,2588701,8794449,
    8794449,4503935,4140023,8458587,5632143,1316766,1137275,1912359,5606840,1912359,1302688,1316766,5641761,1542015,1120821,
    1316766,1912359,5606840,6969891,1302688,1542015,8794449,3279271,1624432,3279271,4503935,4140023,8458587,7594916,4361753,
    5606840,8652168,5504183,7594916,2537456,5632143,2588701,1542015,2588701,1316766,7594916,1542015,8794449,566269,1996912,
    1542015,1542015,1996912,1912359,1302688,1120821,5991231,7594916,4361753,2588701,7838613,2588701,613247,1912359,1120821,
    5991231,7594916,4361753,8090913,1316766,1302688,1912359,7594916,1120821,5632143,1996912,7594916,2588701,1996912,1316766,
    7594916,2588701,1614364,1614364,3279271,4503935,4140023,8458587,7594916,4361753,8090913,5606840,3753688,3557729,6969891,
    5632143,7594916,8142419,8090913,5606840,3753688,2588701,3557729,8794449,3279271,5991231,5632143,1302688,6969891,1542015,
    1912359,5606840,7594916,1120821,5991231,5632143,3557729,1137275,1542015,1302688,1302688,7594916,3557729,5641761,1542015,
    1120821,3557729,1137275,1302688,1302688,6969891,1542015,1912359,3557729,1912359,1316766,5641761,1316766,1614364,6347114,
    7594916,4361753,9085190,8090913,4361962,4639684,1542015,6969891,1614364,1120821,7594916,4361753,1302688,4639684,8090913,
    3753688,613247,8090913,2937043,4503935,4140023,8458587,1912359,1137275,1912359,1542015,7594916,1316766,1912359,5641761,
    1542015,5632143,5991231,7594916,8142419,6969891,1912359,1996912,1542015,1912359,1120821,5991231,1912359,7594916,3557729,
    5606840,1542015,1302688,5632143,1542015,1137275,3557729,1316766,1996912,1912359,1996912,5641761,1542015,1614364,1614364,
    8794449,566269,3606656,8458587,2556538,8458587,5632143,1316766,1137275,3557729,1316766,5606840,1302688,1996912,5641761,
    1542015,5632143,5991231,5632143,1316766,1137275,3557729,1316766,5606840,1302688,2588701,5641761,1542015,1614364,8794449,
    8794449,4503935,4140023,8458587,1912359,1137275,1302688,3557729,7594916,1316766,1302688,7594916,1316766,1912359,5641761,
    1316766,6347114,5991231,3557729,1912359,1302688,1316766,1316766,6969891,1542015,1912359,5606840,1996912,6347114,7594916,
    8142419,1996912,1302688,6969891,1996912,5606840,8090913,9085190,1614364,8794449,566269,7594916,4361753,5606840,1996912,
    613247,8090913,2537456,1912359,1302688,1542015,613247,8090913,1316766,3557729,2537456,6347114,7594916,4361753,3557729,
    2537456,5606840,5606840,6969891,5606840,4639684,613247,7838613,7594916,5606840,2937043,4503935,4140023,8458587,6969891,
    2588701,7594916,2588701,1302688,1302688,5632143,7594916,4361753,5641761,7594916,8090913,1316766,2537456,8794449,566269,
    3606656,8458587,2556538,8458587,2588701,1542015,7594916,1912359,2588701,7594916,1120821,5632143,2588701,1542015,7594916,
    1912359,1996912,1316766,8794449,8794449,4503935,4140023,8458587,1912359,1137275,2588701,2588701,7594916,1996912,3557729,
    7594916,6969891,5641761,1912359,6347114,5991231,1996912,7594916,3557729,1316766,1316766,1542015,2588701,1302688,1302688,
    2588701,6347114,5991231,7594916,8142419,8090913,7594916,1316766,1316766,2588701,7594916,9085190,3753688,6347114,1996912,
    1542015,1542015,5606840,6969891,1912359,1302688,1912359,1614364,1614364,8794449,566269,4503935,4140023,8458587,7594916,
    8142419,8090913,1542015,2588701,8090913,1542015,5504183,6651929,1542015,6347114,1996912,3557729,2588701,1996912,7594916,
    5606840,3557729,5606840,8794449,5991231,4503935,4140023,8458587,7594916,4361753,7838613,5606840,1542015,5606840,1996912,
    5632143,1912359,5606840,3557729,3557729,3557729,1912359,8794449,3279271,4503935,4140023,8458587,1542015,1316766,7594916,
    3557729,1542015,6969891,2588701,1302688,1996912,6347114,1996912,5606840,1316766,2588701,7594916,3557729,1542015,1912359,
    8794449,1614364,4503935,4140023,8458587,5632143,1316766,1137275,1316766,3557729,2588701,6969891,1912359,5641761,1542015,
    1120821,1316766,1137275,1316766,3557729,5606840,1302688,3557729,5641761,1542015,8794449,3279271,4503935,4140023,8458587,
    5991231,3557729,7594916,6969891,1912359,2588701,3557729,7594916,7594916,1302688,5632143,6969891,1137275,1912359,5606840,
    1302688,1912359,3557729,5641761,1542015,1614364,6347114,1996912,2588701,5606840,1316766,1302688,5606840,1912359,1996912,
    8794449,3279271,4503935,4140023,8458587,2588701,5606840,1912359,1302688,6969891,1542015,6969891,1912359,7594916,6347114,
    7594916,8142419,3557729,613247,2588701,9085190,3557729,4639684,8794449,3279271,8652168,3576238,3279271,4503935,4140023,
    8458587,5632143,1912359,1137275,1996912,3557729,2588701,7594916,1302688,5641761,1542015,1120821,1912359,1137275,1996912,
    3557729,2588701,6969891,1912359,5641761,1542015,8794449,566269,4458139,5991231,1912359,1137275,2588701,7594916,1996912,
    1912359,5606840,5641761,1542015,5632143,7594916,4361753,8090913,1302688,1302688,8652168,2537456,1614364,3279271,5991231,
    5632143,1542015,1996912,5606840,3557729,1316766,1912359,1120821,3557729,1137275,5606840,3557729,1316766,1996912,1912359,
    5641761,1542015,1614364,1120821,7594916,8142419,1996912,1996912,7594916,2588701,5641761,2537456,6969891,7838613,613247,
    8652168,5606840,8652168,3279271,5606840,1137275,6969891,1316766,1542015,5606840,1912359,5641761,1542015,1120821,1996912,
    1996912,2588701,3557729,6969891,1996912,6969891,7594916,2588701,6969891,3557729,1542015,1302688,3557729,3279271,4503935,
    4140023,8458587,7594916,4361753,3557729,3557729,2588701,2588701,5606840,6969891,1996912,6969891,6347114,1316766,1137275,
    1302688,1542015,6969891,1912359,6969891,6969891,5641761,1302688,8794449,3279271,7594916,8142419,1302688,4361962,1912359,
    6969891,3557729,1120821,1542015,1137275,6969891,3557729,1996912,6969891,1302688,3557729,1996912,1302688,1996912,3557729,
    1316766,5606840,5641761,1996912,2588701,2937043,4503935,4140023,8458587,5632143,6969891,1316766,1912359,7594916,1542015,
    5606840,5632143,5991231,5632143,6969891,1316766,1912359,1996912,1996912,1542015,1614364,8794449,566269,4503935,4140023,
    8458587,5632143,2588701,1137275,5606840,5606840,1542015,1542015,5641761,1542015,5632143,5991231,5632143,2588701,5606840,
    5606840,1302688,1996912,5606840,1614364,8794449,8458587,4503935,4140023,8458587,3557729,1137275,3557729,1542015,1302688,
    1996912,3557729,1996912,1302688,2588701,5641761,1316766,6347114,7594916,8142419,6969891,7594916,2537456,9085190,9085190,
    4639684,8794449,8794449,4503935,4140023,8458587,1302688,1137275,1316766,1542015,2588701,1302688,1316766,1996912,2588701,
    6969891,5641761,1316766,6347114,3557729,1137275,1302688,1302688,1996912,1302688,1316766,1912359,5641761,1302688,8794449,
    566269,5632143,1996912,1137275,1542015,2588701,7594916,1302688,1316766,5641761,1542015,1120821,7594916,4361753,3557729,
    1996912,1302688,8090913,1316766,2588701,2937043,4503935,4140023,8458587,1302688,6969891,5606840,2588701,3557729,6969891,
    1316766,1316766,7594916,6347114,5991231,5606840,1137275,1542015,2588701,5606840,1912359,6969891,6969891,1996912,1912359,
    1316766,5641761,6969891,6347114,5991231,5632143,1996912,1302688,3557729,5606840,1316766,3557729,1120821,1996912,1137275,
    1302688,1912359,1302688,1302688,1316766,7594916,2588701,5641761,1912359,1614364,5632143,5991231,5991231,5632143,1912359,
    6969891,1912359,2588701,1996912,5632143,7594916,8142419,1542015,5504183,5504183,613247,5641761,1614364,5632143,5991231,
    5632143,3557729,1996912,6969891,6969891,2588701,2588701,1614364,1614364,1614364,8794449,566269,3606656,8458587,2556538,
    8458587,5991231,5632143,1996912,7594916,1996912,1302688,7594916,1996912,7594916,1120821,1996912,1137275,6969891,1302688,
    2588701,1302688,1912359,5606840,2588701,2588701,1302688,5641761,6969891,1614364,6347114,5991231,1316766,1137275,1302688,
    7594916,1912359,6969891,1302688,1316766,5641761,1302688,5632143,5991231,5632143,3557729,5606840,1996912,6969891,2588701,
    1912359,1614364,1614364,8794449,8794449,4503935,4140023,8458587,5991231,1996912,5606840,1996912,3557729,7594916,2588701,
    5606840,3557729,3557729,1996912,6347114,5991231,5991231,7594916,8142419,1302688,1996912,3753688,1542015,1996912,3557729,
    1996912,2537456,5632143,5991231,5632143,5606840,1316766,2588701,6969891,1996912,1542015,1614364,1614364,6347114,7594916,
    4361753,4639684,8090913,3753688,1996912,1302688,7594916,5632143,1316766,1137275,6969891,1542015,1542015,3557729,1302688,
    5641761,1542015,1614364,5632143,5991231,7594916,8142419,6969891,1302688,5504183,3557729,1302688,5632143,5991231,5632143,
    1912359,1302688,5606840,6969891,3557729,1614364,1614364,1614364,1120821,5606840,6969891,1996912,1316766,1302688,8794449,
    566269,3606656,8458587,2556538,8458587,1316766,1137275,1542015,1302688,1912359,1302688,2588701,5641761,1542015,1120821,
    5632143,1316766,1542015,1302688,1912359,1302688,7594916,8794449,8794449,4503935,4140023,8458587,2588701,1137275,7594916,
    2588701,1542015,3557729,3557729,2588701,2588701,1316766,1302688,5641761,6969891,6347114,5991231,5991231,7594916,4361753,
    1316766,8090913,2537456,8090913,1542015,1912359,2588701,3753688,1542015,6969891,6347114,7594916,4361753,3753688,1542015,
    5606840,1302688,8090913,5606840,5504183,2588701,1614364,6347114,7594916,8142419,1996912,1542015,1912359,4361962,613247,
    1542015,1996912,1614364,8794449,566269,2588701,1137275,2588701,2588701,1542015,7594916,1316766,7594916,3557729,5606840,
    6969891,1996912,1912359,6969891,1912359,5641761,1996912,5606840,5632143,5991231,5632143,3557729,6969891,1996912,1316766,
    1316766,3557729,1614364,4503935,4140023,8458587,5632143,1542015,5606840,1996912,1316766,1912359,1912359,1120821,7594916,
    4361753,1316766,1996912,8652168,4361962,1912359,8794449,566269,4503935,4140023,8458587,1302688,2588701,1912359,1996912,
    3557729,1912359,5632143,7594916,8142419,6969891,6969891,1996912,1316766,8090913,8794449,5991231,4503935,4140023,8458587,
    5991231,1316766,1912359,1912359,1996912,1912359,5606840,1302688,1542015,1996912,5632143,5991231,5632143,5606840,1316766,
    1542015,1302688,1316766,1912359,5632143,5991231,5632143,1996912,1542015,1302688,1316766,2588701,2588701,1614364,1614364,
    1614364,6347114,3557729,1302688,3557729,2588701,5606840,3557729,1996912,8794449,3279271,4503935,4140023,8458587,7594916,
    4361753,1912359,6969891,2588701,5504183,2588701,1120821,5632143,3557729,6969891,1302688,2588701,1542015,3557729,8794449,
    1614364,4503935,4140023,8458587,5991231,5991231,7594916,8142419,6651929,1912359,6969891,8090913,1316766,1120821,7594916,
    8142419,2588701,4639684,4639684,2588701,1542015,6651929,3753688,8090913,1302688,6969891,1614364,6347114,5991231,7594916,
    8142419,1912359,6969891,1316766,6969891,5641761,1912359,6969891,2588701,1912359,7594916,6347114,7594916,8142419,6969891,
    2537456,7594916,1316766,5606840,8652168,4639684,1542015,1614364,1614364,6347114,1996912,1996912,2588701,1912359,5606840,
    5606840,1912359,2588701,8794449,566269,4458139,5991231,5991231,5991231,5632143,3557729,7594916,6969891,6969891,1542015,
    2588701,1120821,5991231,5632143,1542015,1996912,6969891,1302688,7594916,3557729,1120821,1996912,1316766,1316766,1316766,
    5606840,1542015,1614364,1614364,5632143,5991231,5632143,1302688,5606840,1912359,6969891,6969891,6969891,1614364,1614364,
    5632143,5991231,5632143,1996912,3557729,1996912,2588701,1996912,1912359,1614364,1614364,4503935,4140023,8458587,7594916,
    4361753,8090913,6969891,1912359,5504183,5641761,1120821,5632143,1302688,1137275,6969891,3557729,1996912,1542015,6969891,
    5641761,1542015,8794449,566269,4503935,4140023,8458587,5606840,1137275,6969891,1996912,5606840,1302688,5606840,5641761,
    1542015,5632143,5606840,1137275,6969891,1996912,2588701,6969891,6969891,5641761,1542015,8794449,8458587,4503935,4140023,
    8458587,5632143,1912359,1137275,3557729,1316766,1912359,1542015,1996912,5641761,1542015,1120821,1912359,1137275,3557729,
    1316766,1316766,1996912,1912359,5641761,1542015,8794449,8794449,4503935,4140023,8458587,1996912,7594916,5606840,1316766,
    1542015,6969891,1302688,1120821,5632143,1996912,7594916,5606840,1316766,1542015,5606840,1996912,8794449,566269,3606656,
    8458587,2556538,8458587,7594916,8142419,3557729,1542015,7594916,5641761,4361962,3753688,3753688,5606840,6347114,7594916,
    4361753,8652168,8090913,3557729,2588701,2588701,2588701,8794449,8794449,4503935,4140023,8458587,5606840,2588701,6969891,
    7594916,6969891,1996912,7594916,1316766,6347114,7594916,8142419,2588701,613247,5606840,7838613,5606840,6969891,1120821,
    5632143,5606840,1137275,7594916,1996912,6969891,1542015,1996912,5641761,1542015,8794449,566269,3606656,8458587,2556538,
    8458587,5632143,1912359,1302688,1996912,1996912,5606840,1542015,1120821,5991231,1302688,1137275,2588701,2588701,6969891,
    5606840,3557729,5641761,1542015,5632143,5991231,5632143,1996912,1137275,5606840,1316766,2588701,7594916,5606840,5641761,
    1542015,1614364,1614364,8794449,8794449,4503935,4140023,8458587,5632143,1302688,1137275,1302688,1316766,2588701,3557729,
    3557729,5641761,1542015,5632143,5991231,5632143,1302688,1302688,1316766,5606840,1996912,1996912,1614364,8794449,566269,
    4503935,4140023,8458587,1912359,1302688,3557729,5606840,1542015,1542015,1120821,5632143,1912359,1137275,1302688,3557729,
    2588701,1316766,6969891,5641761,1542015,8794449,5991231,4503935,4140023,8458587,2588701,1137275,7594916,6969891,7594916,
    1996912,7594916,5606840,1542015,6969891,5641761,6969891,6347114,5991231,5606840,1137275,7594916,7594916,7594916,1542015,
    7594916,1302688,1316766,1302688,1316766,5641761,6969891,6347114,1996912,1137275,1912359,1996912,1316766,6969891,6969891,
    5606840,6969891,5641761,1912359,1614364,8794449,3279271,4503935,4140023,8458587,5606840,1137275,1316766,6969891,1302688,
    1996912,1912359,5641761,1542015,5632143,5606840,1137275,1316766,6969891,1542015,3557729,1316766,5641761,1542015,8794449,
    1614364,4503935,4140023,8458587,2588701,2588701,1996912,1912359,1316766,1996912,6969891,1542015,2588701,2588701,6347114,
    1996912,1302688,7594916,1912359,1996912,1996912,1542015,1542015,8794449,3279271,4503935,4140023,8458587,5991231,1912359,
    1137275,1302688,2588701,1996912,7594916,1302688,7594916,3557729,3557729,6969891,5641761,6969891,6347114,7594916,4361753,
    1302688,1542015,7594916,1912359,613247,1302688,3557729,1614364,6347114,1996912,1137275,2588701,3557729,5606840,7594916,
    5606840,3557729,1316766,5641761,1912359,8794449,3279271,4503935,4140023,8458587,5991231,5991231,5606840,1137275,1912359,
    1316766,2588701,2588701,2588701,5641761,1542015,1120821,5991231,5632143,2588701,1912359,2588701,1912359,1996912,3557729,
    1120821,5632143,1996912,1302688,1912359,6969891,1542015,3557729,1912359,1614364,1614364,5632143,5991231,5632143,1542015,
    5606840,1302688,1316766,3557729,1316766,1614364,1614364,5632143,5991231,5632143,1996912,7594916,5606840,1912359,5606840,
    6969891,3557729,1614364,8794449,566269,7594916,8142419,4639684,3557729,6969891,3557729,3753688,1912359,6969891,2588701,
    8090913,4361962,5606840,5632143,7594916,8142419,2588701,3557729,6969891,2588701,4361962,3279271,4458139,5991231,5991231,
    2588701,1996912,1996912,1996912,1302688,7594916,1996912,1996912,1542015,6347114,5991231,5991231,7594916,8142419,5641761,
    2588701,6969891,4639684,5504183,7594916,1912359,1912359,1316766,6347114,5991231,2588701,1137275,3557729,6969891,7594916,
    2588701,3557729,1912359,3557729,5606840,5641761,1316766,5632143,5991231,7594916,8142419,1996912,1316766,6969891,1996912,
    1302688,1316766,5632143,7594916,4361753,4361962,7594916,613247,5641761,1996912,1614364,1614364,1614364,6347114,2588701,
    1316766,7594916,1996912,3557729,1996912,1316766,1614364,5632143,7594916,8142419,8090913,3557729,1302688,5606840,1316766,
    1614364,5632143,1542015,1137275,1912359,1912359,1912359,5606840,5606840,5641761,1542015,1614364,3279271,5991231,5632143,
    1996912,7594916,1316766,1996912,1542015,1316766,7594916,5632143,5991231,5632143,1912359,6969891,7594916,1996912,6969891,
    6969891,1614364,1614364,5632143,5991231,5632143,1996912,7594916,1996912,1542015,5606840,3557729,5606840,5632143,5991231,
    5632143,1912359,2588701,5606840,6969891,1542015,1996912,1614364,1614364,4503935,4140023,8458587,5632143,6969891,1137275,
    6969891,1912359,1542015,6969891,3557729,5641761,1542015,5632143,5991231,5632143,6969891,1137275,6969891,1912359,1302688,
    1542015,1316766,5641761,1542015,1614364,8794449,566269,4503935,4140023,8458587,1542015,5606840,3557729,1912359,1542015,
    7594916,5632143,1542015,1137275,5606840,3557729,1302688,1316766,1542015,5641761,1542015,8794449,8458587,4503935,4140023,
    8458587,1316766,1302688,5606840,2588701,1316766,7594916,5632143,7594916,4361753,613247,2588701,7838613,5641761,613247,
    8794449,8794449,4503935,4140023,8458587,5632143,6969891,5606840,3557729,5606840,1302688,1542015,1120821,6969891,1137275,
    5606840,3557729,1542015,1996912,1302688,5641761,1542015,8794449,566269,5632143,2588701,5606840,1302688,5606840,6969891,
    5606840,1120821,1996912,5606840,5606840,6969891,7594916,2588701,1996912,2937043,4503935,4140023,8458587,7594916,4361753,
    1996912,1912359,5504183,1316766,1120821,5632143,1302688,7594916,2588701,2588701,8794449,566269,3606656,8458587,2556538,
    8458587,3557729,1302688,1542015,5606840,1542015,1996912,1120821,5632143,3557729,1302688,1542015,5606840,1542015,7594916,
    8794449,8794449,4503935,4140023,8458587,5632143,1542015,7594916,2588701,6969891,1302688,1996912,1120821,1542015,7594916,
    5606840,1996912,1302688,1912359,8794449,566269,5991231,5991231,5632143,1996912,5606840,3557729,7594916,1912359,1302688,
    1120821,5632143,1302688,1316766,1912359,1996912,1912359,5606840,1614364,1120821,5991231,5632143,3557729,2588701,7594916,
    6969891,2588701,1542015,1120821,7594916,4361753,1316766,5641761,5606840,5606840,6969891,7838613,5504183,1996912,1614364,
    1614364,6347114,5991231,5632143,1316766,1137275,1302688,1912359,1996912,3557729,1912359,5641761,1542015,1120821,5991231,
    1996912,2588701,1316766,1542015,2588701,3557729,2588701,1302688,5632143,5991231,1912359,1316766,5606840,6969891,3557729,
    1120821,5991231,7594916,8142419,5641761,1316766,7594916,1302688,2588701,5632143,1996912,7594916,2588701,1996912,7594916,
    1542015,5606840,1614364,1614364,1614364,1614364,1120821,5632143,6969891,1302688,1316766,1302688,1302688,1996912,2937043,
    4503935,4140023,8458587,3557729,1137275,1542015,5606840,3557729,6969891,1912359,1996912,1912359,6969891,5641761,1316766,
    6347114,1302688,1137275,2588701,6969891,1316766,1542015,1912359,1996912,5641761,1302688,8794449,566269,3606656,8458587,
    2556538,8458587,7594916,8142419,3557729,1542015,7594916,6969891,1120821,5632143,1996912,1912359,1302688,1912359,1996912,
    8794449,8794449,4503935,4140023,8458587,1542015,1302688,7594916,1996912,2588701,1302688,1996912,1996912,7594916,6347114,
    6969891,7594916,5606840,3557729,2588701,6969891,1996912,8794449,566269,4503935,4140023,8458587,5991231,7594916,4361753,
    1996912,5606840,9085190,8090913,5606840,6969891,5632143,1302688,5606840,1996912,1912359,1316766,1302688,1614364,1120821,
    5991231,5632143,1302688,1137275,3557729,1316766,1912359,1996912,1912359,5641761,1542015,5632143,1996912,2588701,2588701,
    1316766,1912359,1614364,8794449,5991231,4503935,4140023,8458587,5632143,1316766,7594916,3557729,5606840,1302688,6969891,
    5632143,5991231,5632143,1316766,7594916,3557729,3557729,5606840,1316766,1614364,8794449,3279271,4503935,4140023,8458587,
    1996912,7594916,7594916,2588701,7594916,6969891,1302688,1120821,5991231,5632143,1996912,6969891,1996912,1996912,6969891,
    1316766,7594916,5632143,5991231,5632143,6969891,7594916,6969891,6969891,1542015,3557729,1614364,1614364,8794449,1614364,
    4503935,4140023,8458587,5632143,1996912,2588701,1912359,6969891,7594916,5606840,1120821,1996912,2588701,1912359,6969891,
    1912359,5606840,8794449,566269,4458139,5991231,2588701,2588701,3557729,5606840,1316766,2588701,5606840,1996912,2588701,
    1302688,6347114,1996912,1542015,2588701,1302688,5606840,1316766,3557729,1996912,1614364,4503935,4140023,8458587,5632143,
    1542015,1302688,7594916,5606840,1316766,1120821,1542015,1302688,1996912,7594916,5606840,8794449,566269,4503935,4140023,
    8458587,1996912,1137275,1912359,1912359,6969891,1542015,5606840,6969891,1996912,1316766,1302688,5641761,6969891,6347114,
    7594916,8142419,1912359,5606840,7594916,5641761,3753688,3557729,8794449,8458587,4503935,4140023,8458587,1912359,1996912,
    1316766,7594916,1912359,1302688,1120821,5991231,5632143,1996912,1912359,7594916,1542015,1542015,6969891,1542015,5632143,
    5991231,5632143,6969891,1316766,1912359,1542015,1316766,1912359,1614364,1614364,8794449,8794449,4503935,4140023,8458587,
    5632143,2588701,1302688,1912359,3557729,5632143,5991231,5632143,2588701,1912359,3557729,1996912,1614364,8794449,566269,
    3606656,8458587,2556538,8458587,1996912,2588701,2588701,1912359,7594916,7594916,3557729,2588701,1912359,5606840,6347114,
    7594916,4361753,1912359,7594916,3753688,6969891,1302688,1316766,8794449,8794449,4503935,4140023,8458587,1912359,2588701,
    2588701,2588701,1316766,1316766,1120821,5991231,5991231,2588701,1137275,6969891,1542015,1542015,6969891,1316766,5641761,
    1542015,1120821,5632143,6969891,2588701,1996912,2588701,6969891,7594916,1614364,5632143,7594916,8142419,1996912,1912359,
    6969891,1996912,7594916,1614364,8794449,566269,3606656,8458587,2556538,8458587,5606840,1302688,6969891,1542015,5606840,
    5606840,7594916,1316766,1996912,1302688,6347114,5991231,5632143,1316766,1996912,1316766,6969891,3557729,7594916,1120821,
    1996912,1542015,1302688,1542015,6969891,1302688,2588701,1302688,1614364,8794449,8794449,4503935,4140023,8458587,1996912,
    1316766,1996912,5606840,1912359,5606840,3557729,1302688,1542015,3557729,6347114,5991231,7594916,4361753,8652168,1996912,
    4639684,4361962,1302688,5504183,5632143,5606840,1137275,2588701,1912359,7594916,1316766,1542015,5641761,1542015,1614364,
    8794449,566269,4503935,4140023,8458587,1996912,1137275,1912359,5606840,3557729,1912359,7594916,1316766,1316766,2588701,
    5641761,1316766,6347114,7594916,4361753,1912359,1316766,1542015,7594916,5641761,613247,8794449,5991231,4503935,4140023,
    8458587,7594916,8142419,1302688,5606840,1542015,5504183,8652168,1996912,1912359,1316766,6347114,1996912,1137275,1542015,
    1316766,1912359,1302688,3557729,1542015,5641761,1912359,8794449,3279271,4503935,4140023,8458587,5632143,1542015,2588701,
    1302688,1542015,1912359,5606840,1120821,1542015,2588701,1302688,1302688,3557729,3557729,8794449,1614364,4503935,4140023,
    8458587,5632143,1316766,1542015,5606840,1316766,1316766,2588701,5632143,5991231,5632143,1316766,1542015,5606840,6969891,
    3557729,1316766,1614364,8794449,566269,4503935,4140023,8458587,5991231,7594916,8142419,1996912,7594916,1542015,1996912,
    613247,4361962,5632143,7594916,8142419,5504183,1996912,1912359,1316766,8652168,1614364,1120821,5632143,2588701,1912359,
    1912359,7594916,7594916,1302688,8794449,8458587,4503935,4140023,8458587,7594916,4361753,2537456,3557729,8652168,1316766,
    3557729,5632143,1302688,1912359,1542015,1996912,5606840,1542015,8794449,8794449,2537456,566269,4503935,4140023,8458587,
    1316766,1542015,1302688,1316766,3557729,1996912,5632143,1316766,1542015,1302688,1912359,6969891,1996912,8794449,4503935,
    4140023,8458587,7594916,4361753,1912359,7594916,6969891,3753688,2588701,7594916,1302688,7838613,6347114,1996912,5606840,
    5606840,7594916,3557729,1912359,1316766,6969891,8794449,566269,3606656,8458587,2556538,8458587,5632143,1316766,1137275,
    1302688,1542015,3557729,3557729,2588701,5641761,1542015,5632143,5991231,5632143,1316766,1302688,1542015,3557729,3557729,
    5606840,1614364,8794449,8794449,5504183,3576238,3279271,4503935,4140023,8458587,1316766,3557729,1912359,7594916,1302688,
    5606840,1996912,1542015,6969891,6347114,6969891,1137275,1996912,7594916,1316766,2588701,7594916,1542015,5641761,1302688,
    8794449,3279271,4503935,4140023,8458587,1996912,1137275,1302688,1542015,1996912,1542015,1316766,5641761,1542015,1120821,
    5991231,1542015,1137275,7594916,3557729,7594916,5606840,5641761,3557729,5632143,2588701,1996912,1542015,3557729,6969891,
    3557729,1614364,8794449,566269,4503935,4140023,8458587,7594916,4361753,1996912,8652168,4639684,7594916,2588701,613247,
    1542015,1912359,6347114,5606840,1137275,2588701,1302688,1996912,1542015,1542015,1542015,5641761,1302688,8794449,3279271,
    4458139,5991231,5632143,1542015,3557729,5606840,1316766,1302688,5632143,5991231,5632143,6969891,2588701,1316766,1542015,
    6969891,1614364,1614364,3279271,7594916,8142419,1996912,1996912,6969891,7594916,7838613,7594916,613247,6651929,4639684,
    6347114,7594916,4361753,1996912,1542015,1996912,3557729,6969891,5504183,7594916,2937043,4503935,4140023,8458587,5991231,
    5606840,1137275,1996912,1912359,6969891,1996912,1996912,5641761,1542015,1120821,1542015,1137275,1316766,2588701,1316766,
    1316766,1996912,7594916,1912359,6969891,5641761,1316766,1614364,6347114,5991231,1996912,1137275,1302688,3557729,1542015,
    3557729,6969891,1316766,5641761,1302688,5632143,5991231,5632143,6969891,1137275,7594916,5606840,1316766,1316766,3557729,
    5641761,1542015,1120821,5991231,5632143,1316766,5606840,1302688,1316766,7594916,1912359,5632143,5991231,5632143,1316766,
    1137275,2588701,1316766,2588701,6969891,6969891,5641761,1542015,1614364,1614364,1614364,1614364,8794449,566269,3606656,
    8458587,2556538,8458587,5991231,7594916,8142419,2588701,1302688,2588701,1302688,1542015,1120821,5632143,6969891,5606840,
    1542015,5606840,2588701,3557729,1614364,1120821,1912359,1137275,1912359,6969891,7594916,1302688,1542015,5641761,1542015,
    8794449,8794449,4503935,4140023,8458587,1316766,1137275,2588701,1316766,6969891,3557729,1316766,1316766,6969891,1912359,
    5641761,1316766,6347114,7594916,4361753,3557729,2588701,4361962,5504183,7838613,3557729,8794449,3279271,4503935,4140023,
    8458587,5632143,1542015,3557729,1316766,1316766,5606840,1996912,1120821,1542015,1137275,3557729,1316766,6969891,7594916,
    6969891,5641761,1542015,8794449,566269,7594916,8142419,8090913,1996912,8090913,1912359,6969891,1316766,8090913,8090913,
    6347114,1996912,5606840,1542015,6969891,6969891,1542015,1912359,1316766,3279271,7594916,4361753,5606840,3557729,4639684,
    7594916,7838613,1316766,1912359,4361962,8090913,5606840,1542015,7594916,4361962,6347114,1316766,1137275,1542015,3557729,
    3557729,5606840,1302688,1542015,1316766,1316766,2588701,2588701,1316766,6969891,5641761,1996912,2588701,2937043,4503935,
    4140023,8458587,6969891,1137275,5606840,1996912,1912359,1302688,2588701,5641761,1542015,5632143,7594916,4361753,8652168,
    6969891,7838613,1302688,1996912,6969891,5641761,5606840,6347114,1996912,3557729,6969891,7594916,3557729,1912359,2588701,
    1316766,8794449,566269,4503935,4140023,8458587,7594916,4361753,7838613,2537456,6969891,6969891,6969891,1120821,5632143,
    1912359,1137275,1302688,3557729,2588701,3557729,5606840,5641761,1542015,8794449,5991231,4503935,4140023,8458587,2588701,
    1137275,1302688,2588701,1542015,1302688,5606840,5606840,7594916,1996912,1302688,5641761,6969891,6347114,5991231,1542015,
    1137275,1542015,1302688,1302688,5606840,1302688,5641761,1542015,1120821,1996912,3557729,5606840,1302688,1996912,1912359,
    5606840,5606840,1614364,8794449,3279271,4503935,4140023,8458587,5606840,1302688,1316766,3557729,1302688,1996912,7594916,
    5606840,2588701,5606840,6347114,1996912,1137275,3557729,1912359,5606840,1316766,3557729,3557729,1996912,5641761,1912359,
    8794449,1614364,4503935,4140023,8458587,6969891,1137275,1912359,7594916,7594916,7594916,5606840,7594916,2588701,5641761,
    1316766,6347114,3557729,1996912,1996912,7594916,1996912,1316766,2588701,8794449,566269,4503935,4140023,8458587,7594916,
    4361753,1996912,1996912,9085190,5504183,1316766,3557729,3753688,5504183,6347114,7594916,4361753,5606840,1302688,7838613,
    3557729,1912359,613247,8794449,8458587,4503935,4140023,8458587,5632143,5606840,2588701,1542015,2588701,1996912,2588701,
    1120821,2588701,1996912,5606840,3557729,1316766,1302688,1912359,3557729,6969891,1302688,6347114,7594916,8142419,1996912,
    7594916,7594916,1912359,1542015,6651929,9085190,8794449,8794449,4503935,4140023,8458587,5632143,1302688,6969891,5606840,
    1302688,1912359,5606840,1120821,5991231,5632143,1302688,1137275,1316766,1542015,3557729,2588701,1996912,5641761,1542015,
    1120821,1912359,1137275,1996912,1316766,1542015,5606840,3557729,3557729,1912359,5641761,1912359,1614364,6347114,7594916,
    8142419,7838613,5606840,5606840,6969891,6969891,3753688,8794449,3279271,4503935,4140023,8458587,7594916,8142419,5606840,
    1316766,1302688,4361962,2588701,1542015,1542015,3557729,6347114,7594916,4361753,1316766,3557729,1316766,1316766,1316766,
    4639684,8794449,3279271,4503935,4140023,8458587,5632143,2588701,1542015,1996912,7594916,5606840,7594916,5632143,5991231,
    5632143,2588701,1542015,1996912,1996912,7594916,5606840,1614364,8794449,566269,7594916,8142419,1316766,1302688,1302688,
    8652168,7594916,5641761,6651929,1996912,6347114,1996912,1137275,1542015,1912359,1912359,1996912,2588701,1316766,1316766,
    5641761,1912359,3279271,1912359,1137275,1912359,2588701,1302688,5606840,5606840,7594916,5606840,1912359,1542015,1302688,
    1912359,1996912,6969891,5641761,1996912,5606840,6347114,1996912,1137275,3557729,1542015,1912359,1912359,6969891,1316766,
    5606840,1302688,6969891,1996912,1542015,1996912,5641761,1996912,2588701,3279271,4458139,5991231,5632143,1912359,1137275,
    3557729,1912359,3557729,1316766,5641761,3557729,1120821,1996912,1996912,5606840,2588701,2588701,1316766,1614364,4503935,
    4140023,8458587,1316766,1137275,1542015,1542015,3557729,7594916,2588701,5641761,1542015,5632143,1996912,1137275,1316766,
    1912359,1996912,3557729,1542015,1316766,7594916,1316766,3557729,5641761,6969891,6347114,7594916,4361753,8652168,5641761,
    6651929,5641761,3557729,3557729,8794449,566269,3606656,8458587,2556538,8458587,5991231,5991231,2588701,1137275,1316766,
    1912359,1302688,3557729,5641761,3557729,5632143,1996912,1137275,3557729,3557729,1912359,6969891,1996912,5641761,1542015,
    1614364,5632143,5991231,5632143,5606840,3557729,1316766,1316766,6969891,7594916,1614364,1614364,5632143,2588701,5606840,
    2588701,1316766,1302688,2588701,8794449,8794449,4503935,4140023,8458587,1996912,1137275,5606840,1542015,6969891,7594916,
    1996912,5641761,1542015,5632143,7594916,4361753,2588701,1996912,2588701,6969891,1302688,8794449,566269,3606656,8458587,
    2556538,8458587,5632143,1996912,1137275,7594916,5606840,2588701,2588701,7594916,2588701,5641761,1302688,5632143,5991231,
    5632143,1996912,7594916,5606840,2588701,2588701,7594916,3557729,1614364,8794449,8794449,4503935,4140023,8458587,2588701,
    1996912,1316766,6969891,6969891,2588701,1996912,2588701,7594916,6347114,1996912,1137275,5606840,1302688,1316766,1912359,
    7594916,7594916,5606840,5641761,1912359,8794449,566269,4503935,4140023,8458587,5632143,1996912,1137275,1316766,7594916,
    1316766,5606840,1912359,5641761,1542015,1120821,1996912,1316766,7594916,6969891,7594916,1316766,8794449,5991231,4503935,
    4140023,8458587,7594916,8142419,1912359,1302688,3557729,4361962,6651929,1316766,1912359,6347114,1542015,1137275,6969891,
    7594916,1912359,5606840,6969891,1316766,5641761,1302688,8794449,3279271,4503935,4140023,8458587,5632143,1996912,7594916,
    1302688,1316766,3557729,7594916,1120821,7594916,4361753,1996912,8090913,1996912,8090913,2588701,8794449,1614364,6102236,
    3576238,566269,4503935,4140023,8458587,5632143,1996912,5606840,5606840,2588701,1316766,6969891,5632143,5991231,5632143,
    1996912,5606840,5606840,3557729,1316766,1996912,1614364,8794449,4503935,4140023,8458587,2588701,1137275,2588701,1316766,
    3557729,6969891,6969891,6969891,1302688,3557729,3557729,5641761,6969891,6347114,5991231,6969891,1137275,1302688,1302688,
    7594916,2588701,7594916,2588701,5641761,1302688,5632143,5991231,5632143,6969891,1137275,1302688,1912359,1912359,7594916,
    5606840,5641761,1542015,1614364,1614364,8794449,566269,4503935,4140023,8458587,1316766,1316766,1542015,1996912,1912359,
    2588701,5632143,5991231,7594916,4361753,1996912,3557729,1996912,5504183,7838613,5606840,5632143,3557729,5606840,2588701,
    6969891,1302688,1542015,1614364,8794449,8458587,4503935,4140023,8458587,5991231,5632143,5606840,1316766,2588701,1316766,
    1302688,1542015,5632143,5991231,5632143,1542015,1137275,1316766,1316766,3557729,1302688,3557729,5641761,1542015,1614364,
    1614364,5632143,2588701,7594916,1542015,1542015,2588701,1912359,8794449,8794449,4503935,4140023,8458587,7594916,4361753,
    1996912,1302688,7838613,1302688,3753688,2537456,4361962,1302688,6347114,5991231,1912359,1137275,1912359,5606840,3557729,
    1542015,7594916,2588701,5641761,1302688,5632143,5991231,5991231,1996912,1137275,1302688,1542015,1542015,3557729,2588701,
    1912359,1316766,6969891,5641761,6969891,6347114,7594916,8142419,6969891,1996912,1996912,1542015,1996912,6969891,1120821,
    5632143,2588701,1137275,5606840,1302688,1316766,2588701,1542015,3557729,5641761,1302688,1614364,5632143,5991231,5632143,
    3557729,2588701,1912359,7594916,1542015,1542015,1614364,1614364,1614364,8794449,566269,5991231,5632143,1316766,1137275,
    3557729,7594916,6969891,1542015,5641761,3557729,5632143,7594916,8142419,1316766,5504183,1302688,1302688,6969891,1614364,
    1120821,5991231,5991231,1316766,1137275,3557729,1996912,7594916,1912359,1996912,5641761,1542015,1120821,7594916,4361753,
    1302688,3753688,7594916,4639684,3753688,4639684,1614364,5632143,5991231,5632143,3557729,6969891,1912359,6969891,1912359,
    3557729,1614364,1614364,4503935,4140023,8458587,1316766,1316766,6969891,5606840,1316766,6969891,1996912,3557729,5606840,
    6347114,7594916,4361753,2537456,613247,4639684,5504183,7838613,1316766,8794449,566269,3606656,8458587,2556538,8458587,
    5991231,2588701,2588701,2588701,2588701,1542015,1542015,1996912,1912359,1996912,5606840,5632143,5991231,5632143,1996912,
    1137275,7594916,1302688,3557729,3557729,5641761,1542015,1614364,1614364,6347114,7594916,8142419,613247,6651929,2588701,
    7594916,1996912,6651929,8794449,8794449,4503935,4140023,8458587,2588701,2588701,1542015,2588701,1912359,5606840,3557729,
    5606840,1316766,2588701,6347114,1996912,1137275,1996912,5606840,1912359,1912359,3557729,3557729,1302688,5641761,1912359,
    8794449,566269,4458139,5991231,1996912,1137275,2588701,7594916,3557729,3557729,1302688,6969891,6969891,1542015,1996912,
    5641761,6969891,6347114,1542015,1912359,7594916,1316766,2588701,7594916,1302688,1614364,4503935,4140023,8458587,5632143,
    5606840,3557729,1302688,1302688,1996912,1996912,1120821,5606840,3557729,1302688,1302688,1316766,5606840,8794449,566269,
    3606656,8458587,2556538,8458587,5991231,5991231,5606840,7594916,1996912,3557729,3557729,1302688,1120821,5632143,1302688,
    5606840,2588701,5606840,1542015,1542015,1614364,1120821,5632143,5606840,1316766,1316766,2588701,3557729,1542015,1614364,
    5632143,5991231,5632143,1912359,1137275,1996912,6969891,1996912,1542015,1302688,5641761,1542015,1614364,8794449,8794449,
    4503935,4140023,8458587,1996912,1137275,2588701,1302688,1542015,3557729,1542015,1302688,1302688,5606840,5641761,1316766,
    6347114,1996912,1137275,2588701,1302688,1542015,3557729,1542015,1542015,6969891,5641761,1912359,8794449,566269,4503935,
    4140023,8458587,1996912,7594916,2588701,7594916,6969891,1302688,1316766,1996912,1542015,6347114,2588701,1137275,7594916,
    1316766,5606840,1302688,7594916,1912359,5641761,1302688,8794449,5991231,4503935,4140023,8458587,5991231,5991231,5632143,
    1996912,6969891,1316766,2588701,5606840,1542015,2588701,5632143,5991231,5632143,3557729,5606840,1912359,2588701,5606840,
    5606840,1614364,1614364,5632143,5991231,1996912,1137275,5606840,6969891,3557729,1996912,1542015,7594916,1912359,6969891,
    3557729,5641761,6969891,6347114,7594916,4361753,8090913,4639684,9085190,1542015,1542015,7594916,1120821,5632143,1996912,
    3557729,3557729,3557729,1912359,2588701,1912359,1614364,1614364,5632143,5991231,5632143,1912359,1137275,1912359,5606840,
    3557729,7594916,5606840,5641761,1542015,5632143,5991231,5991231,5632143,1542015,1302688,1996912,7594916,1316766,1542015,
    1120821,1996912,1996912,1542015,3557729,1542015,1542015,1302688,1614364,5632143,3557729,1137275,1542015,1302688,1912359,
    1542015,5641761,1542015,1614364,1614364,8794449,3279271,4503935,4140023,8458587,1912359,5606840,1996912,5606840,6969891,
    1542015,5632143,1912359,5606840,1996912,5606840,2588701,7594916,8794449,1614364,4503935,4140023,8458587,5632143,6969891,
    1137275,2588701,7594916,1912359,7594916,1912359,5641761,1542015,5632143,5991231,5632143,6969891,2588701,7594916,1912359,
    1912359,1912359,1614364,8794449,566269,4503935,4140023,8458587,2588701,2588701,1996912,3557729,5606840,1302688,1302688,
    1996912,1542015,3557729,6347114,5991231,5632143,1912359,2588701,1302688,5606840,1912359,6969891,1120821,1996912,5606840,
    7594916,2588701,1542015,5606840,1912359,1996912,1614364,5632143,1542015,3557729,1912359,1542015,2588701,5606840,8794449,
    8458587,4503935,4140023,8458587,1542015,5606840,2588701,1996912,1996912,5606840,1120821,5632143,1542015,5606840,2588701,
    7594916,3557729,7594916,8794449,8794449,4503935,4140023,8458587,5991231,1996912,1996912,7594916,1302688,6969891,5606840,
    1912359,1912359,1302688,1996912,1316766,1912359,6347114,1996912,3557729,6969891,1542015,6969891,1316766,1996912,3557729,
    2588701,1316766,1614364,6347114,7594916,8142419,1542015,5504183,6969891,4361962,2537456,1302688,8794449,566269,3606656,
    8458587,2556538,8458587,5632143,6969891,1137275,6969891,7594916,1316766,2588701,5641761,3557729,1120821,6969891,6969891,
    7594916,1316766,5606840,8794449,8794449,4503935,4140023,8458587,2588701,2588701,1302688,5606840,1912359,3557729,1996912,
    6969891,1316766,6347114,5606840,5606840,1912359,1316766,1912359,1996912,1316766,8794449,3279271,4503935,4140023,8458587,
    7594916,8142419,2588701,2588701,5641761,7838613,2537456,1302688,6969891,5504183,6347114,7594916,4361753,2588701,1912359,
    7594916,6969891,8090913,7838613,8794449,566269,1996912,3557729,6969891,1996912,5606840,1996912,1542015,1996912,7594916,
    2588701,3557729,3557729,7594916,5632143,5991231,7594916,4361753,1996912,8652168,2588701,7594916,3557729,7594916,5632143,
    7594916,4361753,8652168,1302688,1542015,3557729,1996912,1614364,3279271,5991231,5632143,6969891,3557729,7594916,3557729,
    1542015,6969891,1120821,7594916,8142419,8090913,3557729,1542015,1996912,1996912,1542015,2588701,1316766,1614364,6347114,
    5991231,5606840,6969891,1996912,1912359,1302688,1302688,1316766,5606840,1912359,1316766,6347114,7594916,8142419,1996912,
    3557729,6969891,7594916,3557729,1996912,1542015,1614364,4503935,4140023,8458587,5606840,1137275,2588701,1302688,1316766,
    1996912,1542015,5641761,1542015,1120821,5632143,5606840,2588701,1302688,1912359,3557729,1996912,8794449,566269,3606656,
    8458587,2556538,8458587,1996912,1137275,2588701,1912359,2588701,7594916,3557729,1316766,2588701,6969891,2588701,5641761,
    6969891,6347114,5991231,1996912,5606840,3557729,1316766,1542015,1316766,2588701,3557729,5632143,6969891,1542015,1316766,
    3557729,2588701,1614364,8794449,8794449,4503935,4140023,8458587,5632143,1316766,1316766,2588701,5606840,1912359,1996912,
    5632143,5991231,5632143,1316766,1316766,2588701,3557729,3557729,1302688,1614364,8794449,566269,4503935,4140023,8458587,
    7594916,8142419,5606840,1316766,9085190,5641761,1542015,1542015,1316766,6347114,5991231,7594916,4361753,2588701,1542015,
    7838613,7838613,5606840,1912359,5632143,1912359,1137275,1912359,2588701,1912359,1302688,1542015,5641761,1542015,1614364,
    8794449,5991231,4503935,4140023,8458587,5991231,5606840,1137275,2588701,1912359,1316766,1302688,6969891,7594916,1542015,
    1542015,2588701,5641761,6969891,5632143,5991231,5632143,1996912,1137275,7594916,1996912,5606840,2588701,7594916,3557729,
    5641761,1302688,1614364,1614364,6347114,1996912,5606840,1302688,1302688,1542015,3557729,5606840,2588701,8794449,3279271,
    4503935,4140023,8458587,5632143,1542015,7594916,1302688,6969891,2588701,3557729,5632143,5991231,5632143,1542015,1137275,
    7594916,1912359,7594916,7594916,1996912,5641761,1542015,1614364,8794449,1614364,4503935,4140023,8458587,7594916,8142419,
    5606840,2537456,3557729,4361962,5606840,2588701,3557729,2588701,6347114,7594916,4361753,7838613,5504183,5504183,8652168,
    7594916,5606840,1120821,5632143,1912359,1996912,1302688,5606840,7594916,1996912,8794449,566269,4503935,4140023,8458587,
    5606840,1996912,1316766,6969891,2588701,5632143,5606840,1996912,1316766,1996912,6969891,8794449,8458587,4503935,4140023,
    8458587,5632143,1996912,1996912,5606840,6969891,6969891,5606840,1120821,5991231,5632143,3557729,1912359,7594916,2588701,
    1542015,1996912,5632143,5991231,5632143,1542015,1316766,3557729,5606840,1996912,6969891,1614364,1614364,8794449,8794449,
    4503935,4140023,8458587,1996912,1137275,2588701,1316766,5606840,1542015,2588701,3557729,1302688,1996912,3557729,5641761,
    6969891,6347114,1302688,1996912,1912359,7594916,1912359,6969891,1996912,8794449,3279271,4503935,4140023,8458587,1996912,
    2588701,6969891,1316766,1542015,1542015,7594916,1996912,5606840,1996912,6347114,7594916,8142419,1912359,1542015,6651929,
    1996912,5606840,1316766,8794449,3279271,4503935,4140023,8458587,1302688,1137275,7594916,3557729,5606840,1542015,5606840,
    5641761,1542015,1120821,5632143,1302688,7594916,3557729,2588701,1912359,1302688,8794449,3279271,4503935,4140023,8458587,
    7594916,8142419,1316766,2537456,7594916,6969891,5641761,5632143,1542015,1302688,1542015,2588701,7594916,1316766,8794449,
    566269,2588701,1137275,1302688,1302688,1996912,1542015,6969891,3557729,6969891,5606840,1996912,7594916,1302688,6969891,
    1302688,5641761,1996912,5606840,5632143,7594916,8142419,5606840,7594916,1542015,3557729,4361962,3279271,5991231,1302688,
    1912359,1912359,1302688,7594916,1542015,1302688,5632143,1542015,1137275,1542015,1316766,6969891,1302688,5606840,5641761,
    1542015,1614364,5632143,5991231,5632143,5606840,1302688,1542015,7594916,1996912,1316766,1614364,3279271,4458139,5991231,
    5991231,5632143,5606840,1542015,2588701,2588701,7594916,1302688,1120821,1996912,1137275,1996912,1996912,3557729,1302688,
    1302688,1302688,5641761,1302688,1614364,5632143,7594916,4361753,7838613,7594916,3753688,1996912,613247,1614364,3279271,
    3557729,5606840,1302688,6969891,2588701,1542015,1120821,5632143,3557729,5606840,1302688,6969891,1996912,6969891,2937043,
    4503935,4140023,8458587,2588701,1137275,7594916,5606840,1996912,1542015,6969891,7594916,5606840,1912359,5606840,5641761,
    6969891,6347114,7594916,8142419,1316766,1316766,1316766,4639684,4361962,6969891,8794449,566269,3606656,8458587,2556538,
    8458587,5632143,1316766,1542015,2588701,1996912,5606840,1302688,5632143,5991231,5632143,1316766,1542015,2588701,1996912,
    5606840,1912359,1614364,8794449,8794449,4503935,4140023,8458587,2588701,1996912,1912359,1302688,1316766,6969891,5606840,
    1302688,1996912,2588701,6347114,7594916,8142419,8090913,1316766,6969891,5504183,5641761,8652168,8794449,566269,3606656,
    8458587,2556538,8458587,1316766,1302688,5606840,1912359,1302688,2588701,5632143,1316766,1302688,5606840,1912359,1302688,
    7594916,8794449,8794449,4503935,4140023,8458587,5606840,5606840,6969891,1316766,1542015,1316766,6969891,7594916,6969891,
    6347114,1996912,3557729,7594916,3557729,5606840,1912359,1542015,8794449,566269,7594916,4361753,2588701,6969891,3557729,
    2588701,1542015,8090913,1912359,6651929,6347114,5991231,5991231,7594916,4361753,1996912,3557729,5641761,1542015,4639684,
    6969891,1996912,5632143,7594916,4361753,5606840,1996912,613247,5504183,2588701,1614364,5632143,5991231,5632143,3557729,
    5606840,5606840,1996912,1542015,1316766,1614364,1614364,4503935,4140023,8458587,7594916,8142419,5606840,2588701,1316766,
    1316766,1542015,2588701,1316766,6347114,7594916,8142419,1542015,7594916,8652168,8090913,1996912,1302688,8794449,566269,
    4503935,4140023,8458587,5632143,1542015,1912359,3557729,7594916,2588701,1302688,1120821,1542015,1912359,3557729,1996912,
    7594916,1996912,8794449,5991231,4503935,4140023,8458587,5991231,1302688,7594916,1302688,1912359,1996912,2588701,1120821,
    5991231,1996912,6969891,1302688,2588701,1542015,1542015,1912359,1302688,3557729,6347114,7594916,4361753,7838613,9085190,
    7594916,3557729,6969891,1912359,1120821,7594916,8142419,1316766,1996912,7594916,8652168,1614364,1614364,1120821,5632143,
    1912359,6969891,2588701,6969891,2588701,3557729,8794449,3279271,4503935,4140023,8458587,5991231,7594916,8142419,3557729,
    1996912,8652168,6969891,4639684,1120821,7594916,8142419,1316766,6651929,7594916,4639684,1302688,5606840,5504183,1614364,
    6347114,5991231,5606840,1137275,1542015,1996912,5606840,1996912,1996912,5641761,1542015,5632143,5991231,5632143,5606840,
    1137275,1302688,7594916,6969891,1996912,2588701,5641761,1542015,1614364,1614364,8794449,1614364,4503935,4140023,8458587,
    1996912,1137275,5606840,1912359,1302688,1912359,2588701,1302688,1316766,7594916,1912359,5641761,6969891,6347114,1912359,
    6969891,1542015,1912359,6969891,1542015,1316766,8794449,566269,4503935,4140023,8458587,5991231,5632143,1316766,1137275,
    5606840,1912359,1316766,5606840,1542015,5641761,1542015,1120821,7594916,4361753,1996912,7594916,4361962,5606840,1542015,
    1614364,1120821,1912359,1137275,1302688,1316766,1912359,5606840,1302688,5641761,1542015,8794449,8458587,4503935,4140023,
    8458587,7594916,4361753,2588701,3557729,7594916,5504183,1996912,5632143,7594916,4361753,2588701,3557729,7594916,1912359,
    1542015,8794449,8794449,4503935,4140023,8458587,5632143,3557729,5606840,1912359,1912359,2588701,1996912,1120821,3557729,
    5606840,1912359,1912359,6969891,2588701,8794449,566269,5632143,2588701,5606840,1302688,7594916,7594916,1996912,1120821,
    2588701,1137275,1316766,1996912,1302688,1996912,7594916,1302688,5641761,1302688,2937043,4503935,4140023,8458587,5632143,
    1316766,1912359,3557729,1912359,1542015,1120821,5991231,7594916,8142419,8652168,4639684,5641761,8090913,9085190,5632143,
    5991231,5991231,5632143,5606840,3557729,1316766,5606840,1912359,1120821,5991231,2588701,1137275,2588701,2588701,1542015,
    5606840,1912359,5641761,1542015,1120821,5991231,1996912,1137275,3557729,1316766,1996912,1996912,1996912,1542015,5641761,
    1302688,5632143,7594916,8142419,6969891,8652168,1996912,1542015,5504183,5606840,6969891,3753688,6347114,1996912,1137275,
    1996912,1996912,1996912,1302688,1912359,1542015,1542015,5641761,1912359,1614364,1614364,1614364,5632143,1302688,1137275,
    7594916,1316766,6969891,5606840,5641761,3557729,1614364,1614364,8794449,566269,3606656,8458587,2556538,8458587,5991231,
    1996912,1912359,6969891,1316766,1542015,1542015,5632143,1302688,6969891,1302688,5606840,7594916,2588701,1614364,1120821,
    1542015,1137275,1996912,1302688,3557729,3557729,1316766,5641761,1542015,8794449,8794449,4503935,4140023,8458587,6969891,
    6969891,6969891,1996912,5606840,1996912,1120821,5991231,3557729,5606840,1302688,1542015,7594916,7594916,1120821,5632143,
    1996912,3557729,5606840,1542015,1542015,1542015,5606840,1614364,8794449,566269,4458139,5991231,5632143,6969891,7594916,
    5606840,3557729,5606840,3557729,5632143,5991231,5632143,6969891,3557729,2588701,7594916,1996912,1912359,1614364,1614364,
    4503935,4140023,8458587,6969891,1137275,6969891,1996912,2588701,1316766,5606840,5641761,1542015,5632143,6969891,6969891,
    1996912,2588701,7594916,1912359,8794449,566269,3606656,8458587,2556538,8458587,7594916,4361753,6969891,2537456,2588701,
    8652168,5641761,5632143,7594916,4361753,6969891,2537456,2588701,613247,5504183,8794449,8794449,4503935,4140023,8458587,
    1996912,3557729,1996912,1316766,1302688,3557729,1316766,1542015,1316766,2588701,6347114,7594916,4361753,1316766,7838613,
    8090913,1316766,5606840,7838613,8794449,566269,4503935,4140023,8458587,5632143,1542015,1137275,1996912,1302688,1316766,
    1316766,1996912,5641761,1542015,5632143,5991231,5632143,1542015,1137275,1996912,1302688,6969891,1542015,1912359,5641761,
    1542015,1614364,8794449,5991231,4503935,4140023,8458587,2588701,1137275,3557729,3557729,3557729,1996912,1302688,7594916,
    5606840,5641761,1316766,6347114,1996912,5606840,1316766,1316766,1912359,2588701,1912359,8794449,3279271,4503935,4140023,
    8458587,5632143,1996912,7594916,3557729,5606840,1316766,2588701,1302688,5632143,5991231,5632143,1996912,7594916,3557729,
    5606840,6969891,7594916,1542015,1614364,8794449,1614364,4361753,566269,4503935,4140023,8458587,7594916,4361753,6651929,
    1912359,3753688,3753688,1316766,1120821,5632143,1996912,7594916,1996912,3557729,6969891,1996912,3557729,8794449,4503935,
    4140023,8458587,5632143,5606840,2588701,6969891,1996912,1912359,5606840,1120821,5606840,1137275,2588701,6969891,2588701,
    3557729,1912359,5641761,1542015,8794449,566269,4503935,4140023,8458587,1912359,6969891,6969891,6969891,1316766,5606840,
    1120821,5632143,1912359,6969891,6969891,6969891,7594916,1316766,8794449,8458587,4503935,4140023,8458587,5632143,1912359,
    1542015,1912359,6969891,1996912,3557729,5632143,5991231,5632143,1996912,7594916,2588701,1996912,1542015,1302688,3557729,
    1120821,7594916,4361753,3557729,7594916,1542015,6969891,1542015,1614364,8794449,8794449,3322816,3576238,3279271,4503935,
    4140023,8458587,5991231,5606840,1137275,1302688,1996912,7594916,1316766,5606840,5641761,1542015,1120821,5632143,1912359,
    1137275,1912359,1302688,1316766,1912359,1302688,5641761,1542015,1614364,1120821,3557729,1996912,1542015,1316766,1302688,
    1316766,8794449,566269,4503935,4140023,8458587,5991231,5632143,2588701,1542015,3557729,1302688,5606840,3557729,5632143,
    5991231,5632143,1302688,1996912,7594916,1302688,2588701,1614364,1614364,1120821,1996912,6969891,5606840,1302688,5606840,
    3557729,8794449,3279271,1302688,6969891,2588701,7594916,2588701,1912359,5606840,5632143,5991231,5991231,5632143,1302688,
    1316766,1542015,1302688,1912359,1316766,5632143,2588701,1137275,6969891,1316766,3557729,5606840,6969891,5641761,1542015,
    1614364,5632143,5991231,7594916,4361753,1302688,9085190,2588701,7838613,613247,1120821,5991231,5632143,1316766,2588701,
    6969891,1912359,5606840,1996912,5632143,7594916,8142419,6969891,4639684,3557729,5641761,1996912,1614364,1614364,1614364,
    4503935,4140023,8458587,1996912,1137275,1542015,1316766,1316766,1542015,1302688,5606840,7594916,7594916,1542015,5641761,
    6969891,6347114,7594916,4361753,8652168,7594916,6651929,1302688,2588701,5504183,8794449,566269,3606656,8458587,2556538,
    8458587,3557729,1542015,1996912,6969891,1316766,2588701,1120821,5632143,3557729,1542015,1996912,6969891,1316766,1996912,
    8794449,8794449,4503935,4140023,8458587,1302688,1137275,5606840,7594916,1316766,1302688,1912359,1912359,3557729,1912359,
    5641761,1316766,6347114,1542015,1137275,5606840,3557729,1302688,5606840,5606840,1302688,5641761,1302688,8794449,3279271,
    4503935,4140023,8458587,5632143,1542015,1137275,5606840,1316766,7594916,2588701,1302688,5641761,1542015,1120821,5991231,
    5991231,7594916,4361753,7838613,3557729,3557729,1316766,1302688,1912359,1912359,1316766,5632143,1542015,1137275,1302688,
    1316766,5606840,1316766,1316766,5641761,1542015,1614364,6347114,5991231,2588701,7594916,1996912,1912359,1542015,3557729,
    1316766,3557729,3557729,1542015,6347114,7594916,4361753,1996912,7594916,5504183,1996912,3753688,1302688,1996912,1614364,
    5632143,3557729,1316766,1542015,3557729,1912359,3557729,1614364,8794449,3279271,4503935,4140023,8458587,5991231,5632143,
    3557729,1137275,1316766,5606840,7594916,1912359,2588701,5641761,1542015,1120821,5606840,1137275,1316766,1542015,1302688,
    1996912,1316766,1316766,6969891,6969891,5641761,1316766,6347114,1996912,1137275,1542015,3557729,1542015,1996912,1912359,
    6969891,5641761,1302688,1614364,1120821,5632143,5606840,1316766,1302688,1996912,1996912,1912359,8794449,566269,7594916,
    4361753,2588701,1542015,4361962,1912359,8090913,9085190,5606840,4639684,1996912,1996912,6651929,1912359,1912359,6347114,
    7594916,8142419,1302688,3557729,7594916,6969891,8090913,5641761,6651929,1542015,9085190,1302688,2537456,3279271,1302688,
    1316766,6969891,1316766,1316766,1542015,5606840,6347114,7594916,4361753,1542015,3557729,5606840,1302688,5641761,3279271,
    7594916,4361753,2537456,6651929,5504183,2537456,3557729,1120821,2588701,1137275,1316766,1996912,5606840,1912359,5606840,
    1316766,5641761,1302688,2937043,4503935,4140023,8458587,5606840,1542015,3557729,6969891,1542015,1996912,5606840,7594916,
    7594916,3557729,6347114,7594916,4361753,6651929,8652168,1996912,1912359,7594916,8652168,8794449,566269,3606656,8458587,
    2556538,8458587,5632143,1302688,1137275,1996912,1316766,5606840,1316766,5606840,5641761,1542015,1120821,1302688,1137275,
    1996912,1316766,5606840,1316766,1542015,5641761,1542015,8794449,8794449,4503935,4140023,8458587,5632143,3557729,3557729,
    5606840,6969891,1316766,2588701,5632143,5991231,5632143,3557729,3557729,3557729,7594916,1302688,1996912,1614364,8794449,
    566269,4503935,4140023,8458587,3557729,1137275,6969891,1996912,5606840,1912359,1996912,1912359,2588701,1316766,5641761,
    1316766,6347114,7594916,8142419,1542015,1302688,2588701,4361962,3557729,4361962,8794449,5991231,4503935,4140023,8458587,
    5632143,2588701,5606840,5606840,2588701,1302688,6969891,5632143,5991231,5632143,2588701,5606840,5606840,5606840,3557729,
    6969891,1614364,8794449,3279271,4503935,4140023,8458587,1996912,7594916,1302688,1302688,6969891,1996912,3557729,1542015,
    1996912,6347114,7594916,8142419,1996912,7594916,6651929,7838613,5606840,6969891,5632143,6969891,1137275,1302688,1302688,
    6969891,1996912,1542015,5641761,1542015,8794449,1614364,4503935,4140023,8458587,1542015,1137275,1912359,1912359,1316766,
    6969891,1912359,1912359,1542015,1316766,5641761,1316766,6347114,1302688,1137275,2588701,7594916,1316766,2588701,2588701,
    5606840,5641761,1302688,1120821,5632143,1542015,5606840,2588701,6969891,3557729,5606840,8794449,566269,4503935,4140023,
    8458587,7594916,4361753,5606840,1996912,2537456,4639684,613247,1120821,5632143,2588701,7594916,5606840,3557729,3557729,
    7594916,8794449,8458587,4503935,4140023,8458587,7594916,8142419,2588701,1912359,7594916,1996912,4639684,5632143,5991231,
    1542015,1137275,3557729,1912359,3557729,1912359,5606840,5641761,1542015,5632143,7594916,4361753,1542015,4361962,2537456,
    3753688,1996912,1614364,8794449,8794449,4503935,4140023,8458587,5632143,1316766,1137275,6969891,7594916,1316766,1316766,
    1996912,5641761,1542015,1120821,1316766,1137275,6969891,7594916,6969891,1912359,1996912,5641761,1542015,8794449,3279271,
    4503935,4140023,8458587,5632143,1302688,1542015,1542015,5606840,1996912,2588701,1120821,1302688,1137275,1542015,1542015,
    3557729,1996912,1302688,5641761,1542015,8794449,3279271,5641761,3576238,3279271,4503935,4140023,8458587,6969891,1316766,
    7594916,6969891,6969891,5606840,5632143,5991231,5991231,5991231,5991231,7594916,8142419,2537456,2588701,4639684,1302688,
    8090913,1120821,5632143,3557729,3557729,3557729,6969891,2588701,1996912,1614364,1120821,5632143,2588701,5606840,1912359,
    1302688,7594916,6969891,1614364,1120821,7594916,4361753,1996912,2588701,2588701,1316766,1302688,1302688,1614364,5632143,
    1996912,1137275,6969891,3557729,7594916,3557729,1302688,5641761,1542015,1614364,8794449,566269,1542015,2588701,2588701,
    5606840,1996912,1302688,1120821,7594916,4361753,1912359,4639684,1302688,7594916,1996912,2537456,7594916,3557729,1912359,
    3557729,8090913,3279271,4458139,5991231,5991231,5632143,3557729,1542015,1912359,1912359,1302688,5606840,1120821,7594916,
    8142419,1996912,3557729,8652168,1542015,2537456,1996912,1614364,5632143,1316766,1302688,6969891,7594916,1316766,1996912,
    1614364,3279271,4503935,4140023,8458587,7594916,8142419,1912359,3557729,3753688,8652168,1120821,5632143,2588701,1137275,
    6969891,1316766,5606840,2588701,5641761,3557729,8794449,3279271,4458139,5991231,5991231,5632143,3557729,1542015,1912359,
    5606840,1316766,2588701,1120821,5606840,1137275,1302688,1302688,1542015,6969891,1542015,2588701,1302688,6969891,5641761,
    1316766,1614364,6347114,1316766,6969891,2588701,6969891,2588701,1542015,1996912,1614364,4503935,4140023,8458587,5632143,
    2588701,1996912,6969891,5606840,1542015,5606840,5632143,5991231,5632143,2588701,1996912,6969891,3557729,5606840,1996912,
    1614364,8794449,566269,3606656,8458587,2556538,8458587,7594916,4361753,1996912,6651929,1542015,5641761,6969891,1316766,
    1542015,1542015,6347114,7594916,8142419,3557729,7594916,5504183,5606840,3557729,9085190,8794449,8794449,4503935,4140023,
    8458587,7594916,4361753,5606840,4639684,8090913,1996912,4361962,1120821,5632143,2588701,1302688,7594916,1542015,1542015,
    6969891,8794449,566269,3606656,8458587,2556538,8458587,7594916,4361753,1542015,613247,7838613,1542015,5606840,5632143,
    5606840,1137275,1316766,5606840,1316766,2588701,1542015,5641761,1542015,8794449,8794449,4503935,4140023,8458587,5632143,
    1542015,1996912,1996912,1996912,1542015,5606840,5632143,5991231,5632143,1542015,1996912,1996912,2588701,5606840,5606840,
    1614364,8794449,566269,4503935,4140023,8458587,5632143,6969891,1137275,1302688,1302688,1912359,6969891,2588701,5641761,
    1542015,5632143,5991231,5632143,6969891,1137275,1302688,1302688,1316766,1912359,1996912,5641761,1542015,1614364,8794449,
    5991231,4503935,4140023,8458587,5991231,5991231,5632143,5606840,1542015,1996912,5606840,6969891,2588701,1120821,5606840,
    1137275,1912359,6969891,7594916,5606840,1912359,5641761,1542015,1614364,5632143,5606840,1137275,7594916,1302688,2588701,
    5606840,6969891,5641761,1542015,1614364,1120821,5606840,1137275,1912359,5606840,2588701,1996912,7594916,1996912,1912359,
    1316766,5606840,5641761,6969891,6347114,1996912,1542015,2588701,6969891,3557729,5606840,1542015,1912359,8794449,3279271,
    4503935,4140023,8458587,5991231,5632143,1302688,3557729,1542015,1302688,3557729,1912359,1120821,5632143,1542015,3557729,
    5606840,1996912,2588701,1614364,1120821,7594916,8142419,8090913,8090913,5641761,1316766,6969891,8794449,1614364,4503935,
    4140023,8458587,5991231,1542015,1137275,1316766,7594916,6969891,3557729,1996912,5641761,1542015,5632143,5991231,5632143,
    2588701,1542015,7594916,2588701,1542015,1996912,1614364,1614364,5632143,7594916,4361753,3753688,8090913,5641761,1542015,
    3753688,8794449,566269,5991231,1996912,1137275,7594916,1912359,7594916,1316766,7594916,3557729,3557729,1302688,3557729,
    3557729,2588701,5606840,5606840,1302688,5641761,1996912,1912359,6347114,5991231,5991231,1316766,3557729,7594916,5606840,
    1316766,5606840,1120821,1542015,1137275,7594916,6969891,6969891,7594916,1302688,1316766,1316766,1302688,1542015,1302688,
    1316766,1316766,1302688,1302688,5641761,1996912,3557729,1614364,5632143,5991231,5632143,3557729,1302688,3557729,1996912,
    7594916,5606840,1614364,1614364,1614364,6347114,3557729,6969891,6969891,6969891,7594916,1316766,1912359,1996912,1316766,
    7594916,1996912,1912359,7594916,2937043,4503935,4140023,8458587,5991231,7594916,4361753,5606840,7594916,6969891,6969891,
    1912359,2537456,4361962,1302688,6347114,5991231,7594916,4361753,1542015,1302688,6969891,9085190,6969891,6969891,1542015,
    1996912,6347114,6969891,1912359,1302688,1316766,1302688,5606840,1316766,1614364,1120821,1996912,1137275,1912359,1302688,
    1996912,6969891,5606840,1542015,1302688,7594916,2588701,5641761,6969891,1614364,6347114,7594916,8142419,613247,5641761,
    5606840,2588701,9085190,5606840,8794449,566269,4503935,4140023,8458587,1996912,5606840,1996912,1542015,6969891,1996912,
    1316766,1912359,3557729,6347114,7594916,4361753,1316766,5504183,4361962,1316766,1542015,8794449,8458587,4503935,4140023,
    8458587,5632143,3557729,1302688,1316766,1912359,1302688,5606840,1120821,3557729,1137275,1302688,1316766,1316766,3557729,
    5606840,5641761,1542015,8794449,8794449,4503935,4140023,8458587,7594916,8142419,3557729,3753688,1912359,5606840,5606840,
    2537456,8652168,6969891,6347114,1996912,1137275,1996912,2588701,1542015,1996912,7594916,1542015,5606840,5641761,1912359,
    8794449,566269,3606656,8458587,2556538,8458587,5991231,7594916,4361753,1542015,9085190,6651929,8090913,2588701,1120821,
    5632143,2588701,1996912,1912359,7594916,1316766,5606840,1614364,5632143,5991231,5632143,3557729,1542015,1542015,1542015,
    5606840,5632143,5991231,5632143,2588701,1137275,7594916,1542015,2588701,7594916,1912359,5641761,1542015,1614364,1614364,
    8794449,8794449,4503935,4140023,8458587,5991231,5632143,1542015,1316766,7594916,3557729,1912359,5606840,1120821,7594916,
    8142419,3557729,1542015,8652168,7838613,5641761,1614364,5632143,5991231,1542015,1137275,2588701,1302688,5606840,1912359,
    2588701,5641761,1542015,5632143,1316766,2588701,7594916,1912359,1316766,1542015,1614364,8794449,566269,4458139,5991231,
    5991231,5632143,1996912,1137275,3557729,7594916,5606840,3557729,1302688,1302688,5641761,1302688,5632143,5991231,5632143,
    1316766,7594916,7594916,7594916,6969891,1996912,1120821,1996912,1542015,1912359,5606840,1996912,1912359,1614364,1614364,
    1120821,7594916,8142419,3753688,5606840,1996912,7838613,2537456,1614364,4503935,4140023,8458587,7594916,4361753,2588701,
    3557729,8652168,7594916,8652168,5641761,1316766,9085190,6347114,2588701,3557729,1316766,7594916,1542015,6969891,1542015,
    8794449,566269,3606656,8458587,2556538,8458587,5991231,5991231,5632143,1996912,1137275,1316766,5606840,6969891,1912359,
    5606840,6969891,5641761,1302688,5632143,5991231,5632143,5606840,1542015,2588701,3557729,1912359,1912359,1614364,1614364,
    5632143,5991231,5632143,1302688,3557729,5606840,5606840,1316766,1912359,1614364,1614364,1120821,7594916,8142419,3753688,
    4361962,7594916,1302688,1542015,8794449,8794449,4503935,4140023,8458587,5632143,3557729,1137275,2588701,6969891,1316766,
    3557729,5641761,1542015,1120821,5991231,5991231,5632143,1316766,1316766,1316766,5606840,1316766,1912359,1120821,1912359,
    3557729,1542015,5606840,1302688,6969891,1542015,7594916,1542015,1614364,5632143,5991231,2588701,1137275,1996912,1316766,
    7594916,1912359,1912359,5641761,1542015,5632143,5991231,5632143,1996912,1137275,7594916,2588701,5606840,1316766,5606840,
    3557729,5641761,1302688,1120821,7594916,8142419,1996912,3557729,1912359,3557729,9085190,5641761,1614364,1614364,1614364,
    6347114,7594916,4361753,3557729,1912359,1302688,6969891,4639684,5504183,8794449,566269,4503935,4140023,8458587,1912359,
    1996912,3557729,3557729,1542015,2588701,3557729,5606840,1316766,6347114,1996912,1542015,1542015,5606840,1996912,1542015,
    1912359,5606840,8794449,5991231,4503935,4140023,8458587,5991231,5606840,1137275,1912359,2588701,1996912,1542015,5606840,
    6969891,1912359,2588701,5641761,1316766,5632143,5991231,5632143,2588701,1912359,1302688,1542015,1316766,7594916,1614364,
    1614364,6347114,5991231,5991231,1996912,1302688,1302688,3557729,1912359,6969891,1302688,5632143,5991231,5632143,1302688,
    1302688,1996912,1996912,2588701,1912359,1614364,1614364,5632143,1542015,1137275,7594916,6969891,1996912,1316766,6969891,
    5641761,1542015,1614364,8794449,3279271,4503935,4140023,8458587,6969891,1137275,5606840,2588701,1316766,5606840,3557729,
    5641761,1542015,5632143,6969891,5606840,2588701,1912359,1542015,1996912,8794449,1614364,4503935,4140023,8458587,5991231,
    5632143,1912359,1137275,2588701,1912359,5606840,1912359,1542015,5641761,1542015,5632143,5991231,5632143,5606840,1137275,
    5606840,2588701,1996912,1316766,3557729,5641761,1542015,1614364,1614364,1120821,5606840,1137275,6969891,1542015,5606840,
    2588701,1316766,5641761,1542015,8794449,3279271,4503935,4140023,8458587,1302688,7594916,1996912,7594916,7594916,1302688,
    1120821,5632143,1302688,7594916,7594916,6969891,2588701,1302688,8794449,566269,5632143,5606840,1137275,1316766,2588701,
    1302688,7594916,1316766,5641761,1542015,1120821,5991231,2588701,1137275,7594916,1996912,6969891,1912359,1542015,1302688,
    5641761,1302688,5632143,5991231,5632143,1542015,1137275,6969891,1912359,1316766,5606840,1542015,5641761,1542015,1614364,
    1614364,3279271,1316766,5606840,5606840,1302688,5606840,1316766,1302688,5632143,5991231,5632143,5606840,1137275,1542015,
    2588701,1912359,1912359,1316766,5641761,1542015,1614364,4503935,4140023,8458587,7594916,8142419,9085190,613247,2537456,
    1302688,1316766,5632143,1912359,1137275,1912359,1302688,1912359,5606840,5641761,1542015,8794449,566269,4503935,4140023,
    8458587,2588701,1137275,2588701,3557729,1302688,7594916,1542015,1542015,1912359,1542015,5641761,1316766,6347114,5991231,
    1996912,5606840,7594916,1316766,7594916,1316766,5606840,5632143,5991231,5632143,3557729,2588701,5606840,1302688,1912359,
    3557729,5632143,5991231,5632143,1316766,7594916,2588701,3557729,1302688,1614364,1614364,1614364,8794449,8458587,4503935,
    4140023,8458587,7594916,8142419,3557729,3753688,4361962,2588701,9085190,1120821,5632143,5606840,1996912,3557729,1316766,
    3557729,2588701,8794449,8794449,4503935,4140023,8458587,7594916,8142419,4361962,6651929,613247,6651929,2537456,1120821,
    5632143,6969891,1316766,2588701,3557729,3557729,5606840,8794449,566269,1542015,1137275,5606840,7594916,3557729,7594916,
    1302688,2588701,7594916,2588701,5606840,5641761,6969891,6347114,7594916,4361753,1996912,5606840,9085190,8090913,5606840,
    6969891,3753688,2937043,4503935,4140023,8458587,5991231,1302688,1316766,5606840,1912359,3557729,1316766,1302688,3557729,
    6969891,5632143,1302688,1137275,1996912,1302688,1316766,1316766,1912359,5641761,1542015,1614364,6347114,6969891,1912359,
    1542015,6969891,7594916,2588701,3557729,8794449,566269,3606656,8458587,2556538,8458587,5632143,5606840,1137275,1912359,
    1912359,1302688,1912359,3557729,5641761,1542015,1120821,7594916,4361753,1542015,3753688,5606840,3557729,7838613,8794449,
    8794449,4503935,4140023,8458587,5991231,5991231,5991231,5991231,7594916,4361753,8652168,1542015,2588701,5504183,1302688,
    5632143,7594916,4361753,5641761,3557729,1912359,7594916,5641761,1614364,1120821,5632143,1912359,2588701,5606840,6969891,
    1912359,3557729,1614364,5632143,7594916,8142419,8090913,3557729,5504183,6969891,1614364,5632143,5991231,5991231,7594916,
    8142419,5606840,1316766,6969891,613247,7838613,1120821,5991231,5606840,7594916,1542015,1912359,1996912,3557729,1120821,
    5632143,1316766,1542015,7594916,5606840,1996912,1302688,1614364,1614364,1120821,1996912,1137275,1542015,5606840,3557729,
    2588701,1912359,5606840,1996912,2588701,1316766,5641761,6969891,6347114,7594916,4361753,8090913,7594916,1542015,5606840,
    3753688,7594916,1614364,1614364,5632143,5991231,5632143,1912359,1137275,5606840,1316766,7594916,7594916,5606840,5641761,
    1542015,1614364,8794449,566269,3606656,8458587,2556538,8458587,5991231,5991231,5991231,1996912,1542015,5606840,5606840,
    1912359,1316766,1316766,2588701,1542015,1912359,1912359,5606840,1996912,2588701,5632143,7594916,4361753,3557729,2588701,
    3557729,1316766,6651929,1614364,6347114,7594916,8142419,1996912,6651929,5641761,2588701,6969891,1302688,5641761,5606840,
    1316766,1996912,1614364,6347114,5991231,7594916,8142419,5641761,5606840,7594916,6969891,1912359,1120821,5991231,1912359,
    1302688,7594916,5606840,1996912,5606840,1542015,1912359,1912359,3557729,1912359,1316766,1996912,6347114,5991231,7594916,
    4361753,3557729,1996912,1996912,1542015,9085190,4361962,4639684,2588701,8090913,4639684,1542015,6347114,7594916,4361753,
    1996912,3557729,8652168,5606840,5504183,5606840,3557729,3557729,2588701,6969891,1614364,1614364,6347114,1302688,2588701,
    1542015,1542015,1302688,1542015,1316766,5606840,1542015,1614364,1614364,6347114,5606840,1137275,1912359,1996912,1302688,
    1996912,6969891,1302688,5641761,1302688,8794449,8794449,4503935,4140023,8458587,5632143,2588701,5606840,2588701,1912359,
    3557729,7594916,1120821,2588701,5606840,2588701,1316766,2588701,3557729,8794449,566269,4503935,4140023,8458587,5632143,
    1542015,7594916,1912359,2588701,3557729,1302688,1120821,7594916,4361753,1912359,9085190,8652168,3753688,1996912,8794449,
    5991231,4503935,4140023,8458587,7594916,8142419,1996912,3753688,7594916,1542015,1996912,6651929,5606840,6347114,1316766,
    1137275,6969891,7594916,5606840,5606840,3557729,5641761,1542015,8794449,3279271,4503935,4140023,8458587,1912359,2588701,
    1316766,6969891,5606840,7594916,6969891,1996912,1316766,6347114,5991231,1542015,1137275,1302688,7594916,1542015,1302688,
    5606840,3557729,5641761,1302688,5632143,5991231,5632143,6969891,7594916,2588701,1302688,1912359,1912359,1614364,1614364,
    8794449,1614364,4503935,4140023,8458587,7594916,4361753,1912359,6651929,1542015,5504183,5641761,1120821,5632143,1542015,
    2588701,1996912,1542015,6969891,2588701,8794449,566269,4458139,5991231,2588701,1137275,5606840,7594916,3557729,1996912,
    6969891,1316766,6969891,5606840,6969891,5641761,6969891,6347114,6969891,1996912,3557729,5606840,3557729,6969891,3557729,
    1614364,4503935,4140023,8458587,1996912,1912359,5606840,1912359,1302688,6969891,5606840,1996912,1542015,6969891,6347114,
    1996912,1137275,3557729,1996912,2588701,1912359,1542015,1316766,1302688,5641761,1912359,8794449,566269,4503935,4140023,
    8458587,6969891,1912359,1996912,3557729,1542015,1302688,5632143,5991231,5632143,5606840,3557729,1542015,1542015,3557729,
    1996912,1120821,7594916,4361753,1316766,1996912,2588701,1302688,1912359,6969891,1996912,1996912,6347114,7594916,8142419,
    1316766,5504183,6969891,9085190,1996912,8090913,1614364,8794449,8458587,4503935,4140023,8458587,1302688,1316766,2588701,
    7594916,2588701,5606840,2588701,3557729,6347114,7594916,8142419,1316766,2588701,1996912,1542015,5641761,8794449,8794449,
    4458139,3576238,566269,4503935,4140023,8458587,7594916,8142419,1302688,3557729,5504183,1302688,7594916,7838613,2588701,
    1316766,6347114,7594916,4361753,1302688,4361962,5606840,6651929,1316766,7594916,8794449,4503935,4140023,8458587,1302688,
    1137275,7594916,1542015,6969891,5606840,5606840,5641761,1542015,5632143,1302688,1137275,7594916,1542015,1316766,1542015,
    5641761,1542015,8794449,566269,3606656,8458587,2556538,8458587,5606840,1996912,5606840,5606840,5606840,1542015,1120821,
    5632143,5606840,1137275,1996912,5606840,5606840,5606840,3557729,5641761,1542015,8794449,8794449,4503935,4140023,8458587,
    7594916,4361753,1912359,2537456,5641761,2588701,3753688,1120821,5632143,1542015,1137275,7594916,5606840,2588701,1542015,
    1302688,5641761,1542015,8794449,566269,3606656,8458587,2556538,8458587,2588701,1137275,1542015,7594916,6969891,1996912,
    7594916,5606840,1912359,1302688,1912359,5641761,6969891,6347114,1996912,1137275,7594916,6969891,1542015,1302688,1912359,
    1316766,1542015,5641761,1912359,8794449,8794449,4621789,3576238,566269,4503935,4140023,8458587,5991231,5606840,6969891,
    5606840,1302688,7594916,1542015,1120821,1996912,7594916,1912359,1996912,1912359,6969891,1542015,2588701,1912359,1912359,
    1614364,6347114,1996912,1302688,2588701,3557729,1542015,2588701,1316766,1542015,8794449,4503935,4140023,8458587,5991231,
    7594916,8142419,6969891,1542015,1542015,7594916,5632143,5991231,5632143,6969891,3557729,7594916,2588701,3557729,1996912,
    1614364,1614364,1120821,5632143,6969891,1912359,1316766,5606840,1316766,7594916,8794449,566269,4503935,4140023,8458587,
    1996912,7594916,3557729,1996912,1542015,1542015,7594916,1302688,2588701,7594916,6347114,7594916,8142419,5504183,9085190,
    3753688,7594916,4639684,3753688,8794449,5991231,4503935,4140023,8458587,7594916,8142419,2537456,2588701,1302688,6969891,
    3557729,1120821,5632143,1302688,1137275,1302688,1542015,1996912,1542015,5641761,1542015,8794449,3279271,4503935,4140023,
    8458587,5991231,5606840,1137275,3557729,1316766,1912359,3557729,5641761,1542015,1120821,1996912,2588701,7594916,1542015,
    1316766,1302688,3557729,2588701,1542015,1912359,1614364,6347114,5991231,3557729,3557729,2588701,5606840,1316766,5606840,
    1120821,7594916,8142419,6969891,8090913,7838613,5606840,3557729,7594916,1614364,8794449,1614364,4503935,4140023,8458587,
    5606840,1912359,6969891,1316766,2588701,1542015,7594916,1302688,1996912,1542015,6347114,1996912,1137275,1302688,3557729,
    3557729,2588701,1302688,3557729,5606840,5641761,1912359,8794449,566269,4503935,4140023,8458587,5991231,3557729,1137275,
    5606840,5606840,2588701,1302688,5606840,5641761,1542015,1120821,5632143,1302688,1137275,5606840,1542015,1996912,6969891,
    1316766,5641761,1542015,1614364,1120821,2588701,7594916,2588701,7594916,1996912,1316766,8794449,8458587,4503935,4140023,
    8458587,5632143,1996912,1996912,6969891,1542015,3557729,1120821,1996912,1137275,2588701,7594916,5606840,6969891,5641761,
    3557729,8794449,8794449,4503935,4140023,8458587,5632143,1316766,2588701,1316766,1912359,1316766,1542015,5632143,5991231,
    5632143,1316766,2588701,1316766,1316766,1912359,2588701,1614364,8794449,566269,4458139,5991231,5632143,2588701,7594916,
    1302688,3557729,1996912,5632143,5991231,5632143,1542015,6969891,1996912,6969891,1996912,1614364,1614364,4503935,4140023,
    8458587,5991231,5606840,1302688,1912359,1996912,6969891,1316766,1996912,1996912,1912359,1912359,3557729,6347114,2588701,
    1302688,7594916,3557729,6969891,6969891,5606840,2588701,6969891,1614364,6347114,1996912,6969891,7594916,1542015,6969891,
    3557729,1542015,1120821,5632143,2588701,2588701,1302688,1316766,5606840,1542015,8794449,566269,3606656,8458587,2556538,
    8458587,2588701,2588701,1542015,6969891,3557729,5606840,7594916,3557729,1316766,6969891,6347114,7594916,4361753,3753688,
    613247,5606840,1912359,1996912,6651929,8794449,8794449,4503935,4140023,8458587,5991231,2588701,1137275,1996912,1542015,
    1316766,5606840,1542015,6969891,1302688,5606840,2588701,1542015,5641761,1996912,7594916,6347114,3557729,1137275,1912359,
    6969891,1912359,3557729,1912359,1996912,1996912,1542015,5641761,1316766,1614364,6347114,7594916,4361753,2588701,7838613,
    1996912,5641761,7594916,1542015,8794449,566269,5632143,3557729,1316766,1996912,1542015,5606840,1542015,1120821,5991231,
    7594916,4361753,4361962,7594916,1996912,1302688,1996912,1120821,5991231,7594916,4361753,2588701,7594916,3753688,3557729,
    6969891,1302688,1996912,2588701,5504183,8652168,4639684,4361962,5504183,5632143,6969891,1316766,2588701,1996912,1996912,
    1316766,1614364,6347114,7594916,4361753,1996912,1996912,1912359,6969891,4361962,6969891,8090913,3557729,613247,6651929,
    5606840,1542015,1614364,4503935,4140023,8458587,3557729,1137275,1996912,1316766,2588701,1302688,1542015,5641761,1542015,
    1120821,5991231,5632143,1912359,2588701,1912359,1912359,6969891,5606840,5632143,5991231,5632143,5606840,7594916,6969891,
    1302688,1996912,5606840,1614364,1614364,8794449,566269,3606656,8458587,2556538,8458587,5606840,1137275,1302688,1302688,
    1316766,5606840,1302688,7594916,1912359,1996912,2588701,5641761,6969891,6347114,7594916,8142419,613247,5504183,1542015,
    4639684,1912359,8652168,8794449,8794449,4503935,4140023,8458587,7594916,4361753,1542015,6969891,6969891,1542015,8090913,
    1120821,5632143,5606840,1137275,1302688,1302688,1316766,1542015,2588701,5641761,1542015,8794449,566269,4503935,4140023,
    8458587,7594916,4361753,2588701,7594916,7594916,5606840,1302688,3557729,1316766,6969891,6347114,1996912,2588701,2588701,
    7594916,1302688,1302688,1302688,5606840,8794449,5991231,4503935,4140023,8458587,1996912,1137275,3557729,7594916,1542015,
    1996912,1542015,3557729,5606840,1996912,5641761,1316766,6347114,1996912,1137275,5606840,7594916,1996912,7594916,1302688,
    1316766,5641761,1302688,8794449,3279271,4503935,4140023,8458587,5632143,5606840,1912359,7594916,1912359,3557729,3557729,
    1120821,5606840,1912359,7594916,1316766,5606840,2588701,8794449,1614364,4503935,4140023,8458587,5991231,7594916,8142419,
    613247,5606840,6651929,8090913,8090913,5641761,3557729,5632143,7594916,4361753,1996912,1912359,5606840,1996912,2537456,
    1614364,6347114,1912359,3557729,7594916,1302688,7594916,3557729,7594916,8794449,566269,4458139,5991231,7594916,8142419,
    6969891,1912359,2588701,1542015,6969891,1996912,6969891,2588701,6347114,1996912,1137275,1996912,7594916,1912359,5606840,
    2588701,1316766,6969891,5641761,1912359,1614364,4503935,4140023,8458587,5632143,5606840,1316766,1996912,2588701,1996912,
    1996912,1120821,5606840,1137275,1316766,1996912,2588701,6969891,3557729,5641761,1542015,8794449,566269,4503935,4140023,
    8458587,5632143,5606840,7594916,7594916,7594916,1996912,1302688,1120821,5606840,7594916,7594916,1996912,7594916,7594916,
    8794449,8458587,4503935,4140023,8458587,5991231,1996912,6969891,1316766,6969891,6969891,7594916,3557729,1542015,3557729,
    1316766,6347114,5991231,1316766,1912359,6969891,5606840,1996912,1120821,1542015,1137275,1996912,1302688,1302688,1912359,
    3557729,1316766,3557729,5606840,5641761,6969891,6347114,2588701,3557729,5606840,7594916,1996912,5606840,1996912,3557729,
    1614364,5632143,2588701,1137275,1302688,1302688,1316766,6969891,2588701,6969891,3557729,7594916,1316766,5641761,6969891,
    6347114,5991231,5991231,5632143,2588701,1137275,1996912,1316766,1302688,5606840,1912359,5641761,1542015,1120821,1996912,
    3557729,5606840,1542015,3557729,1996912,1302688,5606840,1996912,3557729,1614364,6347114,2588701,1316766,6969891,6969891,
    1302688,6969891,1542015,2588701,1614364,1614364,1120821,5632143,1996912,5606840,1542015,6969891,1912359,6969891,8794449,
    8794449,7117100,566269,4503935,4140023,8458587,5632143,2588701,1137275,1302688,7594916,2588701,6969891,2588701,5641761,
    1542015,5632143,5991231,5632143,1302688,3557729,2588701,1302688,2588701,1120821,5632143,1996912,6969891,1302688,7594916,
    1316766,1996912,1614364,8794449,4503935,4140023,8458587,5632143,6969891,1137275,2588701,2588701,1912359,6969891,3557729,
    5641761,1542015,1120821,6969891,2588701,2588701,1316766,1912359,6969891,8794449,566269,3606656,8458587,2556538,8458587,
    5632143,6969891,1137275,7594916,5606840,2588701,2588701,2588701,5641761,1542015,5632143,5991231,5632143,6969891,7594916,
    5606840,2588701,2588701,5606840,1614364,8794449,8794449,4503935,4140023,8458587,1542015,1137275,7594916,3557729,3557729,
    1542015,6969891,2588701,1302688,5641761,1912359,6347114,5606840,1137275,5606840,1302688,5606840,7594916,1542015,1302688,
    5641761,1302688,8794449,566269,3606656,8458587,2556538,8458587,5606840,1137275,1302688,1912359,1302688,7594916,6969891,
    1302688,2588701,1542015,5641761,1316766,6347114,5991231,5991231,1996912,1137275,1542015,1302688,1542015,1316766,1542015,
    5641761,1542015,1120821,1316766,2588701,1996912,2588701,1302688,1316766,2588701,1614364,5632143,5991231,5632143,1996912,
    1137275,1912359,6969891,1912359,6969891,3557729,5641761,1542015,1614364,1614364,8794449,8794449,4503935,4140023,8458587,
    5991231,5991231,5606840,6969891,1302688,6969891,1912359,1996912,7594916,6969891,7594916,3557729,1912359,1996912,5632143,
    1542015,1316766,2588701,5606840,5606840,6969891,1542015,7594916,1912359,6347114,1996912,1137275,5606840,1542015,2588701,
    2588701,1996912,1316766,1542015,5641761,1912359,1614364,6347114,5606840,5606840,6969891,2588701,6969891,1542015,2588701,
    1912359,7594916,1996912,1614364,6347114,5991231,1996912,1137275,1542015,1302688,6969891,1912359,7594916,7594916,5606840,
    5641761,1912359,5632143,5991231,5632143,2588701,1137275,2588701,2588701,7594916,1912359,2588701,5641761,1542015,1120821,
    1996912,1137275,3557729,3557729,2588701,5641761,3557729,1614364,1614364,8794449,566269,4458139,5991231,2588701,1137275,
    1316766,3557729,7594916,6969891,1302688,1316766,1316766,1316766,1912359,5641761,6969891,6347114,5991231,3557729,1137275,
    1316766,6969891,2588701,1912359,3557729,3557729,1302688,1542015,1316766,5641761,6969891,6347114,5606840,1137275,7594916,
    1316766,1912359,1996912,7594916,6969891,1912359,5641761,1912359,1614364,1614364,4503935,4140023,8458587,5632143,5606840,
    1137275,1542015,5606840,1996912,2588701,3557729,5641761,1542015,1120821,5606840,1137275,1542015,5606840,2588701,1996912,
    1996912,5641761,1542015,8794449,566269,4503935,4140023,8458587,1912359,1996912,5606840,1996912,5606840,5606840,6969891,
    5606840,3557729,6347114,5606840,1137275,1302688,5606840,1316766,3557729,5606840,1316766,5641761,1302688,8794449,5991231,
    4503935,4140023,8458587,5632143,1542015,1137275,2588701,1996912,1542015,3557729,5641761,1542015,1120821,7594916,8142419,
    1912359,4639684,1542015,6969891,3753688,8794449,3279271,4503935,4140023,8458587,7594916,8142419,9085190,3557729,1316766,
    9085190,5641761,1120821,5632143,1912359,5606840,6969891,3557729,2588701,6969891,8794449,1614364,6904463,4140023,566269,
    4503935,4140023,8458587,5991231,7594916,4361753,1996912,8090913,9085190,1302688,5606840,5606840,1542015,613247,5632143,
    5991231,5632143,1316766,1137275,1996912,6969891,3557729,3557729,1996912,5641761,1542015,1614364,1614364,6347114,7594916,
    4361753,1996912,4361962,1912359,2588701,6969891,3557729,8794449,4503935,4140023,8458587,7594916,4361753,4361962,1912359,
    5606840,2588701,6969891,1120821,5632143,6969891,1137275,3557729,1302688,6969891,7594916,1996912,5641761,1542015,8794449,
    566269,4503935,4140023,8458587,7594916,8142419,1912359,6651929,7594916,3557729,2588701,1912359,1316766,1542015,6347114,
    7594916,4361753,9085190,1316766,5504183,7594916,5606840,6969891,8794449,8458587,4503935,4140023,8458587,5632143,2588701,
    2588701,1542015,7594916,1996912,1316766,1120821,2588701,2588701,1542015,1996912,7594916,1542015,8794449,8794449,4503935,
    4140023,8458587,5606840,1137275,2588701,1912359,1912359,6969891,5606840,1302688,5641761,1912359,6347114,1996912,1302688,
    1996912,3557729,1912359,3557729,8794449,3279271,4503935,4140023,8458587,1912359,1542015,1912359,5606840,6969891,3557729,
    5632143,5991231,5991231,5632143,1912359,3557729,1542015,6969891,3557729,3557729,1120821,1912359,1137275,7594916,1302688,
    1912359,1912359,1316766,5641761,1542015,1614364,1120821,5991231,6969891,1137275,1996912,1912359,5606840,5606840,1912359,
    5641761,1542015,5632143,1996912,1137275,2588701,7594916,1316766,1302688,1302688,5641761,1542015,1614364,1614364,8794449,
    566269,5606840,1137275,2588701,7594916,1302688,1542015,7594916,6969891,5641761,1302688,5632143,5991231,5632143,6969891,
    2588701,1316766,1542015,2588701,6969891,1614364,3279271,4458139,5991231,2588701,1912359,7594916,1302688,5606840,6969891,
    1542015,1996912,3557729,1996912,6347114,1996912,1996912,1542015,1996912,1302688,3557729,1996912,1996912,1614364,4503935,
    4140023,8458587,5632143,3557729,1542015,1912359,5606840,1912359,1542015,1120821,7594916,4361753,4639684,8090913,9085190,
    1912359,1996912,1996912,6347114,1912359,6969891,1316766,1302688,1912359,7594916,2588701,8794449,566269,3606656,8458587,
    2556538,8458587,1912359,5606840,3557729,2588701,7594916,1912359,6969891,5606840,1912359,6347114,7594916,4361753,6969891,
    1996912,1912359,4361962,3753688,7594916,8794449,8794449,4503935,4140023,8458587,7594916,8142419,2537456,6969891,8652168,
    8090913,3557729,1996912,2588701,3753688,6347114,1996912,1137275,1996912,5606840,1542015,5606840,1996912,6969891,6969891,
    5641761,1912359,8794449,566269,3606656,8458587,2556538,8458587,5632143,2588701,7594916,6969891,1996912,1302688,1302688,
    1120821,2588701,7594916,6969891,1996912,1302688,1316766,8794449,8794449,4503935,4140023,8458587,5632143,6969891,1542015,
    7594916,7594916,2588701,1120821,7594916,4361753,1996912,1912359,5606840,1912359,5504183,8794449,3279271,4503935,4140023,
    8458587,1996912,1137275,1912359,1912359,1302688,1912359,1316766,5641761,1542015,1120821,5632143,1996912,1137275,1912359,
    1912359,3557729,1912359,5641761,1542015,8794449,566269,4458139,5991231,1316766,1542015,3557729,3557729,1316766,5606840,
    1120821,5632143,1316766,1996912,1542015,6969891,1912359,1302688,1614364,3279271,1316766,1137275,1912359,3557729,5606840,
    1542015,1302688,5641761,1542015,1120821,5991231,5632143,1996912,7594916,7594916,1302688,1302688,5606840,1120821,5632143,
    1912359,1912359,5606840,1302688,1912359,1912359,1614364,4503935,4140023,8458587,5632143,1302688,7594916,1302688,1316766,
    1302688,1302688,5632143,5991231,5632143,1302688,1137275,7594916,1302688,6969891,1542015,3557729,5641761,1542015,1614364,
    8794449,566269,4503935,4140023,8458587,5991231,5632143,1542015,1912359,1302688,1912359,5606840,1542015,1120821,1302688,
    5606840,6969891,1302688,1912359,5606840,1614364,5632143,7594916,8142419,6651929,1542015,1316766,5606840,8794449,5991231,
    4503935,4140023,8458587,5632143,5606840,2588701,5606840,5606840,7594916,1912359,1120821,7594916,8142419,3557729,4361962,
    6651929,3557729,3557729,8794449,3279271,4503935,4140023,8458587,5632143,3557729,3557729,3557729,5606840,1996912,2588701,
    5632143,5991231,5632143,3557729,3557729,3557729,3557729,7594916,2588701,1614364,8794449,1614364,4503935,4140023,8458587,
    1316766,1542015,2588701,5606840,1912359,1316766,5632143,7594916,4361753,613247,7594916,1996912,1996912,8090913,8794449,
    3279271,4014937,4140023,3279271,3949987,3576238,3279271,4503935,4140023,8458587,5606840,2588701,6969891,6969891,1996912,
    7594916,3557729,1912359,1542015,6347114,7594916,8142419,1302688,1302688,9085190,5504183,3557729,1996912,8794449,566269,
    4458139,5991231,5991231,1542015,1137275,5606840,1302688,6969891,1542015,1316766,5641761,1542015,1120821,5632143,1996912,
    5606840,1302688,6969891,1542015,1316766,1614364,1120821,5632143,5606840,1137275,1302688,1996912,1542015,2588701,1302688,
    5641761,1542015,1614364,3279271,4503935,4140023,8458587,5632143,2588701,6969891,6969891,1542015,1302688,5632143,5991231,
    1996912,1137275,7594916,1302688,6969891,2588701,1302688,5641761,1542015,1120821,5991231,3557729,3557729,6969891,6969891,
    1542015,1302688,5632143,7594916,4361753,1316766,4639684,3557729,6969891,1316766,1614364,1614364,8794449,3279271,4503935,
    4140023,8458587,5632143,1996912,1137275,7594916,2588701,7594916,7594916,7594916,5606840,5641761,1302688,5632143,5991231,
    5632143,1996912,7594916,2588701,7594916,7594916,1316766,1542015,1614364,8794449,3279271,4458139,5991231,2588701,3557729,
    6969891,1912359,2588701,1542015,1912359,3557729,5606840,1542015,6347114,7594916,4361753,2537456,5606840,1316766,6969891,
    4361962,5641761,1614364,4503935,4140023,8458587,5632143,1996912,1137275,1542015,1316766,5606840,1912359,5641761,1542015,
    1120821,5991231,3557729,1137275,1302688,7594916,1316766,1996912,5641761,1542015,5632143,7594916,8142419,3557729,6969891,
    8652168,1996912,5606840,1614364,8794449,566269,4503935,4140023,8458587,7594916,4361753,1912359,3557729,9085190,3557729,
    1316766,5632143,5991231,5991231,1996912,1137275,1996912,2588701,7594916,1302688,1912359,1316766,2588701,1542015,1996912,
    6969891,2588701,7594916,1996912,5641761,1996912,5606840,6347114,5991231,5632143,1996912,3557729,7594916,1542015,1996912,
    5606840,1120821,7594916,8142419,1996912,8090913,5641761,1302688,1542015,613247,6651929,8652168,6969891,5606840,1614364,
    1614364,6347114,7594916,8142419,6969891,2588701,1316766,1302688,1316766,613247,613247,1542015,1614364,6347114,1996912,
    3557729,1996912,2588701,3557729,1996912,3557729,1996912,8794449,8458587,4503935,4140023,8458587,7594916,8142419,8652168,
    4361962,5606840,3753688,5632143,1542015,1302688,1316766,7594916,3557729,8794449,8794449,4503935,4140023,8458587,7594916,
    4361753,7838613,1996912,6969891,8652168,1302688,1542015,1996912,1912359,6347114,1996912,3557729,7594916,1542015,1302688,
    7594916,3557729,1316766,8794449,566269,3606656,8458587,2556538,8458587,7594916,8142419,5606840,4639684,8090913,1996912,
    5632143,1996912,1137275,1302688,2588701,1316766,1316766,5641761,3557729,8794449,8794449,4503935,4140023,8458587,5632143,
    1912359,1316766,3557729,1542015,1302688,2588701,5632143,5991231,5632143,1912359,1137275,1316766,3557729,1912359,3557729,
    1542015,5641761,1542015,1614364,8794449,3279271,4503935,4140023,8458587,5632143,6969891,5606840,3557729,6969891,2588701,
    1316766,1120821,6969891,5606840,1542015,1996912,7594916,2588701,8794449,3279271,4503935,4140023,8458587,5991231,1996912,
    1912359,7594916,2588701,3557729,1302688,6969891,5632143,5991231,7594916,4361753,1302688,7838613,7838613,2588701,9085190,
    5632143,5991231,5632143,1542015,1912359,2588701,1996912,5606840,3557729,1614364,1614364,1614364,5632143,1302688,1137275,
    1316766,6969891,7594916,1912359,6969891,5641761,1542015,8794449,3279271,4503935,4140023,8458587,1996912,1137275,3557729,
    1912359,1316766,1912359,1302688,1912359,1542015,6969891,6969891,5641761,6969891,6347114,1316766,1137275,1542015,3557729,
    1912359,1912359,1316766,6969891,5641761,1302688,8794449,566269,5606840,5606840,1316766,5606840,1912359,1996912,1302688,
    5632143,5991231,5632143,5606840,1137275,6969891,1316766,1316766,1996912,1302688,5641761,1542015,1614364,3279271,7594916,
    8142419,3557729,3557729,5641761,7838613,1542015,5606840,5632143,5991231,5632143,6969891,1912359,6969891,2588701,3557729,
    1996912,1614364,3279271,5632143,3557729,6969891,2588701,1316766,7594916,1316766,1120821,1996912,1137275,1542015,1542015,
    6969891,1302688,3557729,1996912,1912359,3557729,5606840,6969891,7594916,3557729,5641761,1996912,5606840,3279271,2588701,
    1137275,7594916,7594916,1912359,1316766,6969891,2588701,7594916,7594916,6969891,1302688,6969891,2588701,1542015,5641761,
    1996912,5606840,5632143,5991231,5632143,1316766,3557729,7594916,7594916,3557729,3557729,1614364,4503935,4140023,8458587,
    5632143,1316766,1542015,1302688,3557729,6969891,1912359,1120821,1316766,1137275,1542015,1302688,1542015,1316766,1542015,
    5641761,1542015,8794449,566269,3606656,8458587,2556538,8458587,2588701,1137275,1996912,5606840,1912359,1912359,5641761,
    3557729,5632143,5991231,1912359,1137275,1316766,1996912,7594916,1912359,6969891,5641761,1542015,5632143,1912359,1542015,
    6969891,1912359,7594916,3557729,1614364,8794449,8794449,4503935,4140023,8458587,3557729,2588701,1302688,7594916,1316766,
    1316766,1542015,1316766,1912359,6347114,5991231,5991231,6969891,1137275,7594916,6969891,5606840,1912359,5641761,3557729,
    1120821,5632143,3557729,1302688,1316766,5606840,2588701,1614364,1120821,5991231,7594916,8142419,6969891,7838613,1302688,
    1316766,9085190,5504183,5632143,5991231,5632143,1302688,6969891,1302688,5606840,3557729,6969891,1614364,1614364,1614364,
    8794449,566269,1996912,1137275,1302688,6969891,7594916,1912359,1316766,3557729,2588701,1912359,2588701,7594916,3557729,
    6969891,2588701,1912359,5641761,1996912,1542015,6347114,1996912,1137275,1542015,1302688,1542015,1542015,3557729,7594916,
    6969891,6969891,2588701,1302688,6969891,1302688,6969891,5641761,1996912,5606840,2937043,4503935,4140023,8458587,1302688,
    6969891,1302688,1912359,6969891,1912359,1302688,1996912,6347114,1316766,1912359,7594916,6969891,6969891,1542015,6969891,
    8794449,566269,4503935,4140023,8458587,2588701,1137275,1302688,2588701,6969891,2588701,1912359,5606840,5641761,1912359,
    6347114,3557729,5606840,1316766,2588701,1996912,7594916,1912359,8794449,5991231,4503935,4140023,8458587,5606840,1302688,
    2588701,1996912,1912359,6969891,1120821,5632143,5606840,1137275,1302688,2588701,7594916,1316766,6969891,5641761,1542015,
    8794449,3279271,4503935,4140023,8458587,5632143,5606840,1137275,1542015,1302688,3557729,1542015,5606840,5641761,1542015,
    5632143,5991231,5632143,5606840,1542015,1302688,1542015,3557729,3557729,1614364,8794449,1614364,4503935,4140023,8458587,
    5632143,1316766,1302688,1302688,1302688,1316766,5606840,5632143,5991231,5632143,1316766,1302688,1302688,1316766,1996912,
    3557729,1614364,8794449,566269,4458139,5991231,5991231,7594916,4361753,1316766,6651929,7594916,1302688,2537456,1120821,
    5632143,1996912,5606840,1316766,5606840,5606840,6969891,1316766,1614364,1120821,1316766,1137275,5606840,1302688,1996912,
    7594916,1996912,5641761,1542015,1614364,4503935,4140023,8458587,2588701,1137275,1316766,3557729,1316766,5606840,6969891,
    5606840,3557729,1316766,1302688,5641761,6969891,6347114,1996912,3557729,2588701,3557729,1996912,6969891,1302688,1912359,
    8794449,566269,4503935,4140023,8458587,5632143,1302688,5606840,1996912,3557729,1542015,1912359,1120821,7594916,8142419,
    6969891,8090913,2588701,6651929,1316766,8794449,8458587,4503935,4140023,8458587,7594916,8142419,3557729,8652168,5606840,
    6651929,5606840,5632143,7594916,4361753,3557729,8652168,5606840,6969891,2537456,8794449,8794449,4503935,4140023,8458587,
    7594916,4361753,1302688,2588701,3753688,6969891,9085190,613247,1912359,5641761,6347114,6969891,5606840,1996912,1996912,
    1996912,1912359,7594916,8794449,3279271,4503935,4140023,8458587,2588701,1996912,5606840,1316766,6969891,3557729,6969891,
    1302688,1542015,7594916,6347114,1316766,6969891,1316766,1912359,1996912,1316766,5606840,8794449,3279271,4503935,4140023,
    8458587,7594916,4361753,1996912,6969891,2588701,7594916,1542015,1996912,1316766,7838613,6347114,2588701,1137275,5606840,
    6969891,1542015,1996912,1302688,1996912,5641761,1302688,8794449,566269,1316766,1316766,1996912,2588701,2588701,1316766,
    1120821,1316766,1137275,7594916,7594916,1316766,7594916,2588701,5641761,1542015,3279271,1996912,7594916,6969891,6969891,
    1302688,1120821,2588701,1137275,1316766,1302688,3557729,1542015,1996912,5606840,1316766,1912359,1996912,1302688,1996912,
    1996912,6969891,5641761,1996912,5606840,3279271,4458139,5991231,5991231,5632143,1542015,1137275,2588701,1996912,7594916,
    5606840,5641761,1542015,1120821,1542015,1137275,1542015,1996912,5606840,7594916,5606840,5641761,1542015,1614364,5632143,
    5991231,5632143,1316766,1137275,5606840,1996912,2588701,5641761,5606840,1614364,1614364,4503935,4140023,8458587,7594916,
    8142419,2537456,5606840,1996912,613247,5641761,1120821,5632143,1302688,1302688,1316766,7594916,5606840,1316766,8794449,
    566269,3606656,8458587,2556538,8458587,5632143,1912359,1137275,1996912,2588701,5606840,1996912,1996912,5641761,1542015,
    1120821,1912359,1137275,1996912,2588701,5606840,1996912,2588701,5641761,1542015,8794449,8794449,4503935,4140023,8458587,
    5991231,5606840,1137275,5606840,6969891,2588701,1996912,1912359,5606840,2588701,2588701,1542015,2588701,3557729,5641761,
    1996912,1996912,6347114,5991231,5632143,6969891,6969891,1542015,3557729,1316766,1542015,1120821,2588701,1137275,3557729,
    7594916,1302688,1316766,7594916,1996912,3557729,2588701,1912359,5641761,6969891,1614364,1614364,6347114,1996912,1996912,
    1996912,1316766,5606840,1302688,1912359,1912359,8794449,566269,3606656,8458587,2556538,8458587,5991231,7594916,4361753,
    5606840,5504183,1912359,7594916,1542015,1120821,5991231,5632143,2588701,6969891,1542015,1912359,3557729,1302688,5632143,
    1316766,1137275,1542015,1542015,1302688,7594916,1912359,5641761,1542015,1614364,1614364,1120821,6969891,1137275,7594916,
    5606840,1912359,6969891,1316766,5641761,1542015,8794449,8794449,4503935,4140023,8458587,1996912,5606840,7594916,1996912,
    3557729,1302688,7594916,1542015,1316766,1996912,6347114,7594916,4361753,1542015,2588701,1302688,1302688,7838613,9085190,
    8794449,566269,4503935,4140023,8458587,5606840,1137275,2588701,1316766,6969891,1996912,1316766,1996912,1912359,1542015,
    5641761,1316766,6347114,7594916,8142419,5606840,5606840,5606840,1302688,6969891,5606840,8794449,5991231,4503935,4140023,
    8458587,5632143,6969891,1137275,5606840,1912359,2588701,1996912,5641761,1542015,5632143,5991231,5632143,6969891,5606840,
    1912359,5606840,7594916,1996912,1614364,8794449,3279271,4503935,4140023,8458587,1542015,3557729,1912359,1542015,1302688,
    6969891,1120821,5632143,1542015,3557729,1912359,3557729,1912359,1912359,8794449,1614364,4503935,4140023,8458587,5632143,
    2588701,3557729,1302688,6969891,7594916,2588701,5632143,5991231,5632143,2588701,1137275,3557729,1912359,7594916,3557729,
    3557729,5641761,1542015,1614364,8794449,3279271,4503935,4140023,8458587,5991231,5991231,1912359,1137275,1912359,3557729,
    6969891,1302688,1912359,5641761,1542015,1120821,5991231,1996912,1302688,1542015,5606840,7594916,6969891,1120821,5632143,
    1996912,1137275,5606840,1316766,1996912,1996912,1996912,2588701,5641761,1302688,1614364,1614364,5632143,2588701,1137275,
    1912359,1912359,1316766,1316766,1542015,5641761,1542015,1614364,5632143,5991231,5632143,1912359,1137275,1996912,1316766,
    1316766,6969891,6969891,5641761,1542015,1614364,8794449,3279271,4503935,4140023,8458587,1996912,1137275,5606840,1542015,
    2588701,1542015,3557729,5606840,1996912,2588701,1316766,5641761,6969891,6347114,7594916,4361753,6969891,613247,1316766,
    7838613,1996912,3557729,8794449,566269,1316766,1302688,7594916,5606840,5606840,6969891,1120821,1912359,3557729,1912359,
    6969891,1316766,1302688,3279271,7594916,8142419,1302688,4639684,1996912,6969891,3557729,1120821,5991231,1302688,1316766,
    3557729,1912359,1912359,1302688,7594916,5632143,1996912,3557729,6969891,6969891,5606840,6969891,1316766,1542015,1996912,
    6969891,6347114,1996912,1137275,3557729,2588701,1912359,5606840,1996912,2588701,2588701,5641761,1912359,1614364,3279271,
    4458139,5991231,1316766,1302688,1996912,1912359,1542015,1316766,5632143,1316766,1137275,2588701,5606840,1996912,1302688,
    5606840,5641761,1542015,1614364,4503935,4140023,8458587,5632143,1996912,1302688,1302688,1996912,5606840,1302688,1120821,
    7594916,4361753,1912359,7838613,7838613,2537456,1996912,8090913,1302688,1912359,6347114,5991231,7594916,8142419,2537456,
    1302688,6969891,7838613,4639684,1316766,5632143,1542015,3557729,7594916,1912359,1302688,1542015,1614364,8794449,566269,
    4503935,4140023,8458587,5606840,7594916,1316766,1996912,5606840,1316766,3557729,1316766,1316766,6347114,7594916,4361753,
    1542015,4361962,7594916,6969891,1542015,7594916,8794449,8458587,4503935,4140023,8458587,7594916,8142419,1996912,1542015,
    8090913,5606840,2588701,1912359,1316766,6347114,5606840,1912359,1316766,1996912,5606840,1316766,1996912,8794449,8794449,
    4503935,4140023,8458587,6969891,1137275,5606840,6969891,2588701,1996912,7594916,3557729,1996912,5606840,5641761,1316766,
    6347114,1996912,2588701,7594916,3557729,1996912,1996912,1542015,1316766,8794449,566269,3606656,8458587,2556538,8458587,
    1912359,1542015,6969891,5606840,1316766,7594916,5632143,7594916,4361753,1302688,1542015,1316766,1996912,1316766,5504183,
    1316766,1996912,6347114,7594916,8142419,1912359,7838613,8090913,4639684,1912359,6651929,8794449,8794449,4503935,4140023,
    8458587,5991231,5632143,1996912,1316766,7594916,2588701,3557729,1302688,1120821,7594916,8142419,1912359,1542015,3557729,
    2588701,1912359,1614364,5632143,5991231,5632143,1996912,1996912,1302688,6969891,1912359,1996912,5632143,5991231,5632143,
    1542015,6969891,7594916,1996912,1996912,7594916,1120821,1996912,1912359,5606840,1996912,1316766,7594916,1614364,1614364,
    8794449,566269,3606656,8458587,2556538,8458587,1542015,1137275,5606840,1996912,2588701,7594916,1912359,5641761,1542015,
    1120821,5632143,1542015,1137275,5606840,1996912,2588701,7594916,1542015,5641761,1542015,8794449,8794449,4503935,4140023,
    8458587,2588701,1996912,6969891,1542015,1302688,7594916,1302688,1316766,7594916,7594916,6347114,5991231,5632143,3557729,
    1137275,1302688,1316766,1542015,1316766,5641761,3557729,1120821,5991231,1316766,2588701,5606840,1316766,1302688,1542015,
    6969891,3557729,1996912,5632143,5991231,7594916,8142419,5504183,4361962,4361962,3557729,1912359,5632143,1912359,3557729,
    1542015,1542015,2588701,1912359,1614364,1614364,6347114,2588701,1912359,1996912,1996912,7594916,5606840,1316766,2588701,
    1614364,8794449,566269,4503935,4140023,8458587,5991231,5632143,1542015,1996912,1912359,1302688,1316766,1302688,5632143,
    5991231,5632143,5606840,7594916,1316766,1316766,1996912,1996912,1614364,1614364,1120821,5991231,5991231,3557729,2588701,
    1996912,1996912,2588701,1912359,1120821,5632143,3557729,3557729,1996912,1542015,7594916,1912359,1614364,1120821,5991231,
    5632143,1302688,1912359,2588701,3557729,2588701,1316766,1120821,2588701,1302688,5606840,1316766,1542015,1302688,7594916,
    1912359,5606840,1614364,1614364,6347114,5606840,1316766,1302688,1302688,6969891,1912359,1542015,8794449,5991231,4503935,
    4140023,8458587,5632143,1302688,2588701,3557729,2588701,1996912,1302688,1120821,7594916,4361753,6969891,1316766,1302688,
    7838613,3557729,8794449,3279271,4503935,4140023,8458587,7594916,4361753,5606840,1302688,2588701,1912359,613247,5504183,
    6969891,8090913,6347114,3557729,1316766,1542015,1316766,1912359,2588701,1912359,8794449,1614364,4503935,4140023,8458587,
    5632143,1996912,7594916,7594916,1996912,2588701,1996912,1542015,5632143,5991231,5632143,1996912,1137275,7594916,7594916,
    1996912,5606840,7594916,5606840,5641761,1302688,1614364,8794449,566269,4503935,4140023,8458587,1996912,1137275,5606840,
    2588701,2588701,3557729,3557729,5641761,1542015,5632143,1996912,5606840,2588701,1996912,1542015,1542015,8794449,8458587,
    4503935,4140023,8458587,5632143,5606840,1542015,7594916,1996912,6969891,5632143,5991231,5632143,1316766,1137275,1542015,
    6969891,5606840,6969891,1302688,5641761,1542015,1120821,1316766,1137275,2588701,3557729,2588701,1316766,1302688,5641761,
    1542015,1614364,8794449,8794449,4503935,4140023,8458587,1542015,7594916,1542015,1302688,1996912,3557729,1120821,5632143,
    1542015,1137275,7594916,1542015,1542015,2588701,1542015,5641761,1542015,8794449,566269,5606840,7594916,2588701,2588701,
    2588701,3557729,1996912,5632143,5991231,5632143,1542015,1137275,1996912,1996912,1542015,5606840,5606840,5641761,1542015,
    1614364,4503935,4140023,8458587,7594916,8142419,1302688,1912359,5641761,5606840,7838613,1120821,5632143,3557729,2588701,
    1542015,3557729,3557729,7594916,8794449,566269,3606656,8458587,2556538,8458587,1996912,1912359,1542015,3557729,1912359,
    3557729,7594916,6969891,6347114,7594916,4361753,2588701,1912359,2537456,2537456,5504183,8794449,8794449,4503935,4140023,
    8458587,3557729,1302688,1302688,1912359,6969891,1996912,1120821,5632143,3557729,1302688,1302688,1542015,6969891,1316766,
    8794449,566269,7594916,4361753,4361962,4639684,7838613,7594916,1996912,1120821,1996912,1542015,6969891,1316766,5606840,
    3557729,3557729,2937043,4503935,4140023,8458587,2588701,1137275,1316766,1996912,7594916,2588701,1302688,2588701,6969891,
    2588701,5641761,1316766,6347114,2588701,1912359,7594916,2588701,1996912,1912359,1542015,8794449,566269,3606656,8458587,
    2556538,8458587,1316766,7594916,1996912,1912359,6969891,1912359,1120821,5632143,1316766,7594916,1996912,1912359,6969891,
    1542015,8794449,8794449,4503935,4140023,8458587,7594916,8142419,2537456,4639684,3557729,5504183,1542015,1120821,5991231,
    5632143,6969891,6969891,1912359,1912359,3557729,3557729,1120821,2588701,1137275,1912359,6969891,1316766,1996912,1302688,
    5641761,1542015,1614364,8794449,566269,4503935,4140023,8458587,6969891,1542015,7594916,1912359,6969891,5606840,5632143,
    2588701,1137275,5606840,1542015,1302688,5606840,2588701,1542015,1912359,5606840,5606840,5641761,6969891,6347114,7594916,
    8142419,5504183,6969891,5641761,6969891,5606840,3753688,8794449,5991231,4503935,4140023,8458587,7594916,8142419,5606840,
    1996912,7594916,2588701,6651929,1912359,2537456,1316766,6347114,3557729,1137275,1996912,1542015,2588701,6969891,1996912,
    6969891,5641761,1302688,8794449,3279271,4503935,4140023,8458587,5632143,1302688,2588701,1996912,2588701,1912359,7594916,
    1120821,1302688,1137275,2588701,1996912,5606840,1302688,1542015,5641761,1542015,8794449,1614364,4503935,4140023,8458587,
    1996912,1137275,1542015,1316766,5606840,1302688,2588701,5641761,1542015,5632143,1996912,1542015,1316766,2588701,1912359,
    2588701,8794449,566269,4503935,4140023,8458587,5606840,1137275,1316766,1542015,1542015,3557729,1912359,7594916,1542015,
    1996912,1542015,5641761,6969891,6347114,1996912,1542015,1302688,7594916,6969891,1996912,6969891,2588701,8794449,8458587,
    4503935,4140023,8458587,5632143,3557729,2588701,2588701,1912359,3557729,1302688,1120821,7594916,4361753,1302688,1912359,
    5606840,9085190,1912359,8794449,8794449,4503935,4140023,8458587,5632143,6969891,1912359,6969891,7594916,6969891,5606840,
    1120821,5991231,1996912,1137275,2588701,6969891,1996912,6969891,2588701,1996912,5641761,1302688,5632143,5606840,1996912,
    2588701,1912359,5606840,1302688,1614364,8794449,566269,3606656,8458587,2556538,8458587,7594916,4361753,5606840,3557729,
    5641761,3557729,4361962,7594916,1542015,5606840,6347114,1996912,5606840,2588701,3557729,3557729,6969891,6969891,1316766,
    8794449,8794449,4503935,4140023,8458587,5632143,1316766,1302688,2588701,2588701,3557729,6969891,5632143,5991231,5632143,
    1316766,1302688,2588701,3557729,1542015,1302688,1614364,8794449,566269,7594916,8142419,2588701,5606840,2537456,1542015,
    1542015,1120821,5632143,1996912,3557729,1542015,6969891,6969891,7594916,2937043,4503935,4140023,8458587,5991231,6969891,
    1137275,5606840,3557729,7594916,5606840,2588701,1542015,3557729,1996912,1912359,6969891,5641761,1996912,7594916,6347114,
    5991231,5606840,1137275,2588701,2588701,7594916,1316766,6969891,7594916,2588701,1912359,1912359,5606840,1542015,5641761,
    1996912,1996912,6347114,1996912,5606840,1302688,3557729,1316766,5606840,7594916,1542015,5606840,1996912,1614364,1614364,
    6347114,1316766,7594916,5606840,1996912,3557729,1542015,1316766,8794449,566269,3606656,8458587,2556538,8458587,1996912,
    3557729,1302688,1316766,5606840,1542015,5606840,3557729,1302688,6347114,7594916,4361753,1912359,1542015,5641761,5504183,
    5606840,7594916,8794449,8794449,4503935,4140023,8458587,5632143,6969891,1137275,1316766,1302688,1542015,1316766,2588701,
    5641761,1542015,1120821,6969891,1316766,1302688,1302688,1912359,1912359,8794449,566269,4458139,5991231,5632143,1542015,
    1137275,2588701,1912359,6969891,1316766,1302688,5641761,1542015,5632143,5991231,5632143,1542015,1302688,1302688,3557729,
    6969891,3557729,1614364,1614364,4503935,4140023,8458587,5632143,5606840,1996912,1542015,3557729,2588701,1302688,5632143,
    5991231,5632143,5606840,1996912,1542015,1542015,2588701,7594916,1614364,8794449,566269,4503935,4140023,8458587,2588701,
    7594916,3557729,2588701,1542015,1996912,1120821,5632143,2588701,1137275,7594916,3557729,1996912,1542015,1316766,5641761,
    1542015,8794449,5991231,4503935,4140023,8458587,5632143,5606840,1137275,1302688,1996912,1316766,1912359,2588701,5641761,
    1542015,5632143,5991231,5632143,5606840,1302688,1996912,6969891,1302688,1912359,1614364,8794449,3279271,4503935,4140023,
    8458587,1912359,1912359,1996912,1996912,6969891,6969891,1316766,3557729,3557729,6347114,5991231,7594916,4361753,3753688,
    6651929,1316766,1316766,3557729,1120821,1996912,1137275,7594916,1302688,1302688,7594916,5606840,6969891,2588701,5641761,
    1912359,1614364,8794449,1614364,4503935,4140023,8458587,5991231,1996912,5606840,3557729,1316766,1302688,1912359,5606840,
    3557729,1996912,5632143,7594916,8142419,1542015,2588701,8652168,1912359,1302688,1614364,6347114,5991231,2588701,1137275,
    1542015,1302688,1912359,2588701,1316766,1542015,1542015,3557729,3557729,5641761,6969891,6347114,1996912,1542015,7594916,
    7594916,1912359,1996912,2588701,2588701,1614364,8794449,566269,4503935,4140023,8458587,5632143,3557729,1137275,2588701,
    1912359,1542015,1542015,1912359,5641761,1542015,5632143,5991231,5632143,3557729,2588701,1912359,1302688,3557729,6969891,
    1614364,8794449,8458587,4503935,4140023,8458587,7594916,4361753,7838613,2537456,4639684,6651929,7594916,1316766,2588701,
    6347114,1542015,3557729,3557729,1302688,1302688,1542015,1912359,8794449,8794449,4503935,4140023,8458587,5632143,2588701,
    1137275,1996912,1316766,7594916,5606840,5641761,3557729,5632143,5991231,5632143,2588701,1996912,1316766,6969891,1302688,
    1614364,8794449,566269,3606656,8458587,2556538,8458587,5606840,1137275,3557729,1302688,7594916,1912359,1542015,5641761,
    1542015,1120821,5632143,5606840,3557729,1302688,7594916,1912359,3557729,8794449,8794449,4503935,4140023,8458587,1302688,
    1137275,5606840,7594916,7594916,1316766,6969891,5641761,1542015,1120821,5632143,1302688,2588701,6969891,6969891,1996912,
    1912359,8794449,566269,7594916,8142419,1912359,4639684,9085190,1996912,1302688,1996912,7838613,7838613,6347114,1996912,
    1302688,1912359,1996912,2588701,5606840,5606840,2588701,2937043,4503935,4140023,8458587,5632143,5606840,1137275,3557729,
    7594916,1996912,2588701,5641761,1542015,1120821,5606840,1137275,3557729,7594916,2588701,1996912,3557729,5641761,1542015,
    8794449,566269,3606656,8458587,2556538,8458587,1996912,7594916,1996912,2588701,3557729,3557729,6969891,1120821,5632143,
    1996912,7594916,1996912,2588701,3557729,3557729,1912359,8794449,8794449,4503935,4140023,8458587,1302688,1137275,1302688,
    1996912,2588701,2588701,1316766,5641761,1542015,5632143,1302688,1137275,1302688,1996912,1996912,5606840,2588701,5641761,
    1542015,8794449,3279271,4503935,4140023,8458587,7594916,8142419,2537456,8090913,7594916,4639684,1912359,1120821,5632143,
    1302688,6969891,1302688,3557729,1996912,7594916,8794449,3279271,4503935,4140023,8458587,5991231,1316766,2588701,6969891,
    1302688,6969891,1996912,5632143,1912359,1137275,1316766,5606840,1542015,1912359,6969891,5641761,1542015,1614364,1120821,
    5632143,3557729,1302688,7594916,7594916,6969891,8794449,566269,4458139,5991231,7594916,8142419,1316766,1542015,7594916,
    9085190,1120821,7594916,8142419,1996912,1996912,1912359,1542015,1614364,3279271,5632143,1542015,1996912,1316766,7594916,
    1912359,2588701,1120821,2588701,1912359,1542015,5606840,7594916,1542015,1542015,3279271,2588701,1137275,5606840,6969891,
    1912359,6969891,2588701,7594916,6969891,1996912,3557729,1542015,1302688,1912359,1316766,5641761,1996912,5606840,5632143,
    7594916,8142419,4361962,613247,1316766,1996912,2588701,5606840,3557729,1542015,6347114,7594916,8142419,1996912,7594916,
    1302688,7594916,1996912,3753688,3557729,2937043,4503935,4140023,8458587,7594916,4361753,3557729,1302688,1996912,1912359,
    2588701,1120821,5991231,1316766,1542015,3557729,1542015,1542015,1302688,1120821,5632143,1996912,1137275,1996912,3557729,
    1996912,1542015,1542015,1996912,5641761,1302688,1614364,8794449,566269,4503935,4140023,8458587,1302688,1137275,1316766,
    1542015,2588701,5641761,1542015,5632143,1302688,1316766,1542015,1996912,7594916,1302688,8794449,5991231,4503935,4140023,
    8458587,5632143,5606840,1137275,5606840,7594916,1302688,1302688,5641761,1542015,5632143,5991231,5632143,5606840,5606840,
    7594916,1912359,1542015,1302688,1614364,8794449,3279271,4503935,4140023,8458587,5991231,5632143,1996912,1996912,1912359,
    2588701,1302688,1542015,7594916,5632143,5991231,5632143,5606840,1137275,2588701,5606840,5606840,1542015,2588701,5641761,
    1542015,1614364,1614364,1120821,1316766,1137275,3557729,6969891,5606840,6969891,1542015,5641761,1542015,8794449,1614364,
    4503935,4140023,8458587,7594916,4361753,3753688,3753688,3557729,1316766,1996912,7594916,3753688,1302688,6347114,7594916,
    8142419,4361962,1912359,1302688,1302688,7594916,1542015,8794449,566269,4503935,4140023,8458587,5632143,1996912,1137275,
    7594916,5606840,7594916,1542015,1912359,6969891,5641761,1302688,5632143,5991231,5632143,1996912,7594916,5606840,7594916,
    1302688,1912359,2588701,1614364,8794449,8458587,4503935,4140023,8458587,5632143,1996912,5606840,5606840,5606840,1542015,
    3557729,1120821,5991231,5632143,5606840,6969891,1316766,7594916,1302688,1996912,5632143,5991231,5632143,1542015,5606840,
    1996912,1542015,1996912,7594916,1614364,1614364,8794449,8794449,4503935,4140023,8458587,1912359,5606840,3557729,6969891,
    2588701,2588701,5632143,1912359,1137275,5606840,3557729,1316766,2588701,1912359,5641761,1542015,8794449,566269,3606656,
    8458587,2556538,8458587,7594916,8142419,4361962,2588701,6651929,7594916,5641761,1120821,5991231,5632143,1996912,1137275,
    7594916,6969891,1542015,2588701,1912359,6969891,5641761,1302688,5632143,5991231,5632143,1996912,1302688,1542015,1912359,
    5606840,7594916,1614364,1614364,8794449,8794449,4503935,4140023,8458587,5632143,1912359,6969891,1542015,1912359,3557729,
    1302688,1120821,7594916,8142419,3753688,2588701,3557729,5504183,2588701,8794449,566269,3606656,8458587,2556538,8458587,
    7594916,8142419,9085190,7838613,1996912,3753688,2588701,1912359,4361962,6347114,5991231,1912359,1316766,1542015,7594916,
    5606840,1302688,2588701,5606840,3557729,6347114,7594916,4361753,5641761,4639684,5606840,613247,1542015,5606840,1614364,
    8794449,8794449,4503935,4140023,8458587,7594916,4361753,7838613,1542015,1542015,2537456,2588701,1996912,6969891,6347114,
    1996912,1137275,1542015,1316766,3557729,1302688,1912359,1912359,1316766,5641761,1912359,8794449,566269,4503935,4140023,
    8458587,7594916,4361753,1302688,5606840,9085190,5606840,1316766,2588701,7594916,6347114,2588701,1996912,1912359,1316766,
    7594916,7594916,3557729,8794449,5991231,4503935,4140023,8458587,6969891,1137275,1302688,3557729,2588701,7594916,1542015,
    5641761,1542015,1120821,5991231,5991231,1912359,3557729,1996912,1316766,1996912,1542015,1120821,5991231,5632143,5606840,
    7594916,5606840,1912359,7594916,7594916,2588701,5632143,5991231,5632143,1302688,1996912,6969891,7594916,7594916,1912359,
    1614364,1614364,1614364,5632143,5991231,5632143,1912359,1996912,2588701,7594916,1912359,5606840,1614364,1614364,8794449,
    3279271,4503935,4140023,8458587,7594916,4361753,1316766,5606840,7594916,613247,1316766,1120821,5632143,1542015,1137275,
    5606840,1302688,1302688,6969891,5606840,5641761,1542015,8794449,1614364,4503935,4140023,8458587,5632143,1912359,1137275,
    5606840,3557729,2588701,1912359,2588701,5641761,1542015,1120821,7594916,4361753,7838613,5606840,3557729,6969891,613247,
    8794449,3279271,4503935,4140023,8458587,5632143,6969891,1316766,1316766,6969891,6969891,1120821,5991231,1996912,1137275,
    7594916,1996912,1316766,1912359,5606840,1542015,5641761,1302688,5632143,1316766,1137275,1912359,1316766,5606840,2588701,
    1912359,5606840,7594916,1912359,5641761,1316766,6347114,1542015,1137275,1302688,1302688,7594916,1302688,6969891,3557729,
    5641761,1302688,1614364,8794449,566269,5632143,2588701,7594916,1996912,6969891,7594916,3557729,1120821,5991231,1302688,
    1302688,7594916,3557729,1996912,1542015,1542015,5632143,5991231,5632143,1996912,1912359,6969891,1316766,1302688,7594916,
    1614364,1614364,3279271,4458139,5991231,1302688,1137275,1302688,1912359,1302688,1316766,1316766,1302688,2588701,1316766,
    5641761,1316766,6347114,3557729,1137275,1316766,1912359,5606840,5606840,1542015,1316766,5641761,1302688,1614364,4503935,
    4140023,8458587,7594916,4361753,5606840,3557729,613247,7594916,5641761,7594916,1912359,1316766,6347114,5991231,1542015,
    1316766,1316766,1316766,1316766,1996912,1302688,3557729,1996912,1542015,6347114,7594916,8142419,1996912,1912359,1542015,
    613247,6969891,5606840,8090913,1614364,8794449,566269,4503935,4140023,8458587,7594916,4361753,1316766,7594916,1996912,
    2537456,6969891,1120821,5632143,1542015,1137275,2588701,3557729,1302688,1996912,1316766,5641761,1542015,8794449,8458587,
    4503935,4140023,8458587,5632143,1542015,1137275,6969891,1996912,2588701,1542015,2588701,5641761,1542015,1120821,7594916,
    8142419,6969891,7594916,1542015,4639684,1542015,8794449,8794449,4503935,4140023,8458587,5991231,1996912,1137275,1996912,
    1912359,3557729,3557729,1542015,1316766,5641761,1302688,5632143,7594916,8142419,1912359,4639684,1912359,5606840,5504183,
    1614364,1120821,5632143,1302688,1542015,2588701,5606840,1996912,1316766,8794449,566269,3606656,8458587,2556538,8458587,
    7594916,8142419,5606840,1912359,1542015,6969891,1912359,5632143,2588701,1137275,2588701,1302688,1912359,1996912,5641761,
    1542015,8794449,8794449,4503935,4140023,8458587,5991231,5606840,1302688,3557729,6969891,1996912,1302688,5606840,3557729,
    7594916,7594916,5632143,7594916,8142419,1316766,2588701,1542015,4639684,3753688,1614364,6347114,7594916,4361753,6651929,
    5606840,1996912,8652168,3753688,6651929,8794449,566269,3606656,8458587,2556538,8458587,5991231,5632143,1542015,7594916,
    1996912,1302688,1302688,5606840,5632143,5991231,7594916,4361753,1996912,3557729,5606840,1996912,1316766,3557729,5632143,
    1316766,1137275,1996912,1912359,5606840,7594916,5606840,5641761,1542015,1614364,1614364,5632143,5991231,5632143,1996912,
    2588701,6969891,6969891,3557729,1996912,6969891,5632143,5991231,5632143,2588701,6969891,1996912,1302688,1302688,1996912,
    1614364,1614364,8794449,8794449,4503935,4140023,8458587,1316766,1137275,1542015,7594916,5606840,1542015,5606840,5641761,
    1542015,5632143,1316766,1542015,7594916,2588701,1542015,1542015,8794449,566269,4503935,4140023,8458587,7594916,8142419,
    1542015,7594916,613247,1912359,4361962,5504183,8090913,3753688,6347114,7594916,8142419,8652168,1542015,1542015,3753688,
    2588701,7838613,8794449,5991231,4503935,4140023,8458587,5991231,5991231,5991231,5632143,3557729,1912359,1912359,1996912,
    1316766,1302688,1120821,7594916,4361753,1542015,5504183,3557729,5606840,6969891,2588701,8090913,9085190,5606840,1614364,
    5632143,5991231,5632143,1996912,1137275,5606840,1302688,1912359,1316766,1316766,5641761,1542015,1614364,1614364,6347114,
    1996912,1137275,1912359,3557729,3557729,3557729,3557729,1316766,5606840,5641761,1316766,1614364,6347114,5991231,5991231,
    5632143,3557729,1542015,1996912,1302688,1316766,5632143,3557729,1542015,1912359,1542015,1614364,1120821,1996912,7594916,
    7594916,3557729,1996912,2588701,1542015,6969891,1614364,8794449,3279271,4503935,4140023,8458587,5632143,1302688,1302688,
    5606840,1912359,1912359,1316766,1120821,6969891,1137275,1996912,2588701,1542015,5606840,6969891,1912359,2588701,1302688,
    5641761,1316766,6347114,3557729,6969891,1542015,1542015,1316766,3557729,1912359,8794449,1614364,4503935,4140023,8458587,
    6969891,1137275,6969891,6969891,7594916,1316766,6969891,1302688,2588701,5641761,1912359,6347114,7594916,4361753,5641761,
    5504183,8652168,7594916,1542015,8794449,566269,4503935,4140023,8458587,5991231,7594916,8142419,2588701,7594916,1302688,
    1542015,2588701,5641761,9085190,1302688,5632143,5991231,5632143,1996912,1302688,3557729,1302688,1316766,1996912,1614364,
    1614364,6347114,7594916,8142419,613247,3557729,9085190,1542015,3753688,6969891,8794449,8458587,4503935,4140023,8458587,
    5632143,6969891,1137275,7594916,3557729,2588701,1302688,2588701,5641761,1542015,1120821,7594916,4361753,613247,3753688,
    5504183,2537456,1316766,8794449,8794449,4503935,4140023,8458587,5632143,5606840,7594916,1912359,7594916,1912359,5606840,
    1120821,7594916,8142419,3557729,8090913,4639684,4361962,2588701,8794449,566269,3606656,8458587,2556538,8458587,5632143,
    1542015,1137275,5606840,1316766,1912359,1996912,6969891,5641761,1542015,5632143,5991231,5632143,1542015,1137275,5606840,
    1316766,1912359,2588701,5641761,1542015,1614364,8794449,8794449,4503935,4140023,8458587,1912359,1912359,6969891,1302688,
    1542015,1996912,5632143,7594916,8142419,7838613,5641761,1542015,2588701,1996912,8794449,566269,3606656,8458587,2556538,
    8458587,7594916,8142419,2588701,2588701,3557729,1316766,3753688,1542015,7594916,1302688,6347114,5991231,1996912,1137275,
    1542015,1316766,5606840,1912359,5606840,1302688,1912359,5641761,1912359,5632143,1912359,7594916,7594916,1302688,1912359,
    5606840,1614364,8794449,8794449,4503935,4140023,8458587,5632143,6969891,1316766,1912359,7594916,1912359,5632143,5991231,
    7594916,8142419,1302688,5504183,3557729,5606840,4639684,5632143,1996912,1316766,1302688,1302688,6969891,1542015,1912359,
    3557729,1542015,1302688,6347114,1996912,1137275,3557729,1316766,1996912,2588701,1316766,1996912,6969891,5641761,1912359,
    1614364,8794449,566269,4458139,5991231,5991231,5632143,5606840,6969891,2588701,1912359,1120821,5632143,2588701,1996912,
    1316766,5606840,6969891,3557729,1614364,5632143,5991231,5632143,2588701,1137275,1302688,7594916,6969891,1996912,1542015,
    5641761,1542015,1614364,1614364,4503935,4140023,8458587,5632143,1996912,1316766,1316766,5606840,1912359,3557729,1120821,
    1996912,1316766,1316766,3557729,1912359,5606840,8794449,566269,4503935,4140023,8458587,7594916,8142419,1316766,8090913,
    5606840,7838613,5606840,1120821,5632143,1542015,1302688,1302688,7594916,6969891,1912359,8794449,5991231,4503935,4140023,
    8458587,1996912,7594916,5606840,1996912,7594916,3557729,7594916,1120821,5632143,1996912,7594916,5606840,7594916,6969891,
    3557729,7594916,8794449,3279271,4503935,4140023,8458587,5632143,5606840,1137275,7594916,7594916,1996912,5606840,3557729,
    5641761,1542015,5632143,5991231,5632143,5606840,7594916,7594916,2588701,5606840,1542015,1614364,8794449,1614364,4503935,
    4140023,8458587,5632143,6969891,1137275,2588701,5606840,6969891,5606840,5641761,1542015,1120821,6969891,1137275,2588701,
    3557729,7594916,5606840,1912359,5641761,1542015,8794449,566269,4458139,5991231,1316766,1996912,1912359,1996912,1542015,
    2588701,1120821,5632143,1912359,1137275,1912359,1316766,1302688,2588701,5641761,1542015,1614364,4503935,4140023,8458587,
    1996912,1137275,2588701,5606840,6969891,1542015,1302688,5606840,7594916,1912359,5641761,6969891,6347114,1996912,1137275,
    1302688,1912359,1542015,7594916,1316766,1542015,1996912,5641761,1912359,8794449,566269,4503935,4140023,8458587,2588701,
    2588701,6969891,1316766,1316766,7594916,2588701,1542015,3557729,7594916,6347114,1996912,1137275,3557729,3557729,1542015,
    1912359,1316766,1912359,1912359,5641761,1912359,8794449,8458587,4503935,4140023,8458587,5632143,1912359,5606840,1912359,
    1912359,1996912,1316766,1120821,1912359,1137275,5606840,1912359,1316766,1996912,1912359,5641761,1542015,8794449,8794449,
    4503935,4140023,8458587,7594916,8142419,5606840,5641761,1542015,3557729,5641761,2537456,7594916,5641761,6347114,5991231,
    1912359,1137275,6969891,2588701,1316766,3557729,1302688,5641761,1302688,5632143,2588701,1137275,6969891,1542015,2588701,
    5606840,2588701,5641761,1542015,1614364,8794449,566269,3606656,8458587,2556538,8458587,7594916,8142419,2588701,2537456,
    1316766,1316766,3557729,5606840,4639684,1996912,6347114,1316766,6969891,1996912,6969891,1302688,1302688,1912359,8794449,
    8794449,4503935,4140023,8458587,1542015,2588701,1996912,2588701,1542015,1996912,5632143,7594916,8142419,1912359,6651929,
    5606840,1316766,1316766,8794449,3279271,4503935,4140023,8458587,5991231,5991231,5632143,6969891,7594916,3557729,3557729,
    1316766,1912359,1120821,7594916,8142419,2588701,1996912,1542015,1316766,3557729,1302688,1614364,5632143,5606840,1996912,
    1316766,7594916,5606840,6969891,1614364,5632143,5991231,1996912,1137275,3557729,1542015,1912359,3557729,3557729,5606840,
    5641761,1302688,5632143,3557729,1137275,6969891,3557729,1316766,2588701,3557729,5641761,1542015,1614364,8794449,566269,
    1996912,1137275,1912359,2588701,3557729,1996912,7594916,6969891,5641761,1302688,5632143,5991231,5632143,1542015,1137275,
    1542015,3557729,5606840,7594916,6969891,5641761,1542015,1614364,3279271,5991231,7594916,4361753,1542015,2537456,5641761,
    3557729,7838613,7838613,5632143,5991231,5991231,1996912,1137275,1316766,1542015,7594916,1542015,1302688,5641761,1542015,
    1120821,5632143,1316766,1137275,1912359,7594916,1302688,1542015,3557729,5641761,1542015,1614364,5632143,5991231,7594916,
    8142419,6969891,5641761,7838613,3557729,1912359,1120821,5632143,1996912,1996912,5606840,3557729,1542015,7594916,5606840,
    1614364,1614364,1614364,5632143,5606840,1542015,1316766,1542015,6969891,1912359,2937043,4503935,4140023,8458587,1542015,
    3557729,3557729,6969891,1996912,2588701,1316766,6969891,1996912,6347114,5991231,7594916,8142419,5606840,1302688,2588701,
    1316766,6651929,1912359,9085190,1302688,6347114,7594916,8142419,1996912,5606840,2588701,6969891,4361962,3753688,3753688,
    1614364,8794449,566269,3606656,8458587,2556538,8458587,3557729,2588701,7594916,3557729,7594916,3557729,1316766,3557729,
    6347114,5991231,5991231,1996912,1137275,3557729,2588701,1316766,5606840,1996912,2588701,5641761,1302688,5632143,5991231,
    5606840,5606840,2588701,1996912,1912359,6969891,1120821,7594916,8142419,8652168,1996912,3557729,9085190,1614364,1614364,
    5632143,7594916,8142419,7838613,613247,6969891,1996912,7838613,1614364,8794449,8794449,4503935,4140023,8458587,5632143,
    5606840,1996912,2588701,1542015,3557729,1996912,1120821,5606840,1996912,2588701,1302688,3557729,2588701,8794449,3279271,
    4503935,4140023,8458587,6969891,1137275,1542015,1912359,1316766,6969891,5641761,3557729,1120821,5632143,6969891,1542015,
    1302688,2588701,6969891,8794449,566269,4458139,5991231,6969891,7594916,3557729,6969891,1316766,3557729,1996912,1542015,
    6347114,5991231,7594916,8142419,1996912,7838613,4361962,3753688,2537456,6651929,613247,5504183,6347114,7594916,8142419,
    5606840,6969891,1912359,6651929,1316766,7838613,1614364,1614364,3279271,5991231,7594916,8142419,5606840,6651929,1542015,
    5504183,6969891,1120821,7594916,4361753,1996912,7594916,6651929,1542015,5606840,2537456,1542015,5606840,5641761,1614364,
    6347114,1996912,6969891,1316766,1542015,2588701,5606840,1542015,6969891,2937043,4503935,4140023,8458587,2588701,2588701,
    3557729,1302688,1996912,1912359,1996912,3557729,6969891,1542015,6347114,5991231,5991231,1912359,1137275,5606840,6969891,
    5606840,5606840,3557729,5641761,1542015,1120821,5991231,1302688,1996912,1542015,3557729,1996912,3557729,5632143,1912359,
    1137275,1996912,1542015,3557729,1316766,1316766,5641761,1542015,1614364,1614364,1120821,1996912,1137275,2588701,1302688,
    1542015,1996912,1302688,6969891,1542015,5641761,1912359,1614364,8794449,566269,4503935,4140023,8458587,5632143,2588701,
    1137275,2588701,5606840,5606840,1912359,6969891,5641761,1542015,1120821,2588701,2588701,5606840,3557729,1912359,1316766,
    8794449,5991231,4503935,4140023,8458587,6969891,1316766,5606840,1996912,1316766,1302688,1542015,1912359,6347114,5991231,
    7594916,8142419,1996912,1302688,7838613,5641761,4639684,3753688,6969891,5641761,6347114,1996912,1137275,1542015,2588701,
    7594916,2588701,1996912,1316766,1302688,5641761,1912359,1614364,8794449,3279271,4503935,4140023,8458587,3557729,1137275,
    5606840,1996912,5641761,3557729,5632143,5991231,3557729,1137275,1316766,1302688,5606840,2588701,1542015,5641761,1542015,
    5632143,3557729,3557729,5606840,5606840,2588701,1912359,1614364,8794449,1614364,4503935,4140023,8458587,5991231,2588701,
    6969891,1542015,1302688,1542015,1912359,1542015,3557729,1316766,5632143,1996912,1137275,5606840,2588701,1302688,1912359,
    1996912,5641761,1542015,1614364,6347114,7594916,8142419,6969891,1302688,3557729,6651929,3753688,8090913,8794449,566269,
    4503935,4140023,8458587,7594916,8142419,1302688,1316766,6969891,1996912,1912359,5632143,3557729,2588701,1316766,2588701,
    1996912,5606840,8794449,8458587,4503935,4140023,8458587,3557729,1137275,5606840,1302688,1912359,3557729,1302688,5641761,
    1542015,1120821,5632143,3557729,5606840,1302688,1302688,3557729,1302688,8794449,8794449,6904463,3576238,566269,4503935,
    4140023,8458587,5632143,1912359,1912359,1316766,6969891,1542015,6969891,5632143,5991231,5632143,1912359,1912359,1316766,
    6969891,1316766,1912359,1614364,8794449,4503935,4140023,8458587,3557729,1137275,1302688,1996912,1302688,1302688,1996912,
    5641761,1542015,5632143,7594916,4361753,1996912,9085190,2588701,8090913,6969891,8652168,1316766,1302688,6347114,5991231,
    7594916,4361753,1996912,2588701,7838613,1996912,1542015,1120821,5991231,5632143,1912359,1137275,1302688,1302688,1302688,
    2588701,3557729,5641761,1542015,1120821,1302688,1542015,6969891,3557729,1542015,1542015,7594916,7594916,7594916,1614364,
    6347114,5991231,5606840,1137275,2588701,1912359,1302688,1912359,1316766,2588701,1542015,3557729,1542015,5641761,6969891,
    6347114,7594916,8142419,6651929,8652168,1542015,8652168,7594916,5504183,1614364,1614364,8794449,566269,3606656,8458587,
    2556538,8458587,5991231,5632143,1316766,1912359,1316766,5606840,3557729,7594916,5632143,5991231,5991231,5632143,1542015,
    1912359,5606840,2588701,1302688,1316766,1120821,5632143,1302688,1302688,1996912,1996912,1996912,1614364,1120821,5632143,
    1996912,1137275,1542015,1542015,1302688,1996912,5606840,5641761,1542015,1614364,1614364,5632143,5991231,5632143,1316766,
    5606840,5606840,3557729,6969891,1614364,8794449,8794449,2525671,3576238,3279271,4503935,4140023,8458587,5632143,2588701,
    6969891,2588701,1316766,1316766,2588701,1120821,7594916,4361753,3557729,1912359,1316766,8090913,1912359,8794449,3279271,
    4503935,4140023,8458587,5632143,1302688,7594916,2588701,3557729,1542015,1912359,5632143,5991231,5632143,1302688,1137275,
    7594916,2588701,1542015,1542015,6969891,5641761,1542015,1614364,8794449,566269,4503935,4140023,8458587,1996912,7594916,
    3557729,1912359,1912359,3557729,3557729,1120821,5632143,1996912,1137275,7594916,3557729,1912359,1302688,6969891,6969891,
    5641761,1302688,8794449,3279271,2588701,1316766,6969891,6969891,5606840,2588701,1996912,3557729,2588701,6347114,1996912,
    3557729,6969891,6969891,6969891,1316766,3557729,3557729,3279271,4458139,5991231,1996912,1316766,1316766,1912359,7594916,
    1302688,7594916,1316766,1996912,1912359,6347114,6969891,7594916,2588701,1316766,1316766,1996912,1542015,1614364,4503935,
    4140023,8458587,7594916,4361753,4639684,9085190,8652168,7838613,8652168,1120821,5632143,1996912,7594916,5606840,1996912,
    1542015,1996912,5606840,8794449,566269,3606656,8458587,2556538,8458587,1996912,1996912,7594916,1542015,5606840,1542015,
    5632143,7594916,4361753,1996912,8090913,4639684,5504183,1542015,8794449,8794449,4503935,4140023,8458587,1996912,1316766,
    1302688,1996912,7594916,1912359,5632143,1996912,1137275,1316766,1302688,7594916,7594916,1302688,5641761,1542015,8794449,
    566269,4503935,4140023,8458587,7594916,4361753,1996912,2588701,2588701,1996912,6651929,5606840,2588701,1316766,6347114,
    5606840,7594916,1912359,2588701,1316766,1912359,1302688,8794449,5991231,4503935,4140023,8458587,7594916,8142419,1316766,
    2537456,5641761,1542015,7594916,1120821,5991231,7594916,4361753,5504183,5504183,1302688,8652168,1316766,1120821,5632143,
    1996912,1137275,3557729,7594916,1302688,1996912,3557729,1302688,5641761,1302688,1614364,8794449,3279271,4503935,4140023,
    8458587,7594916,8142419,3557729,1302688,1302688,1302688,6969891,1120821,5632143,2588701,1316766,1316766,2588701,1542015,
    1316766,8794449,1614364,4503935,4140023,8458587,5991231,5632143,1996912,1996912,5606840,6969891,1542015,2588701,1912359,
    5632143,5991231,5632143,1996912,1137275,2588701,1302688,1542015,1316766,1996912,5641761,1542015,1614364,1614364,5632143,
    5991231,5991231,5632143,2588701,3557729,1912359,1302688,7594916,5632143,1316766,1912359,5606840,7594916,1996912,6969891,
    1614364,5632143,1996912,1137275,1996912,1542015,2588701,1302688,1542015,5641761,1542015,1614364,8794449,566269,4503935,
    4140023,8458587,3557729,1137275,2588701,1316766,5606840,1302688,3557729,5641761,1542015,5632143,3557729,1137275,2588701,
    1316766,2588701,1302688,1542015,5641761,1542015,8794449,8458587,4503935,4140023,8458587,5632143,1996912,7594916,2588701,
    1302688,1316766,6969891,3557729,5632143,5991231,5632143,1996912,7594916,2588701,1302688,6969891,6969891,1542015,1614364,
    8794449,8794449,4503935,4140023,8458587,1912359,1137275,3557729,1302688,1542015,3557729,5641761,3557729,5632143,1912359,
    1137275,3557729,1542015,1542015,1542015,5641761,3557729,8794449,566269,3557729,1137275,1996912,5606840,3557729,3557729,
    6969891,5606840,2588701,2588701,5641761,1316766,6347114,7594916,4361753,613247,1912359,5641761,2588701,5606840,7838613,
    2937043,4503935,4140023,8458587,5632143,1302688,1996912,5606840,1912359,5632143,5991231,5632143,1302688,2588701,5606840,
    1316766,1614364,8794449,566269,3606656,8458587,2556538,8458587,7594916,8142419,4639684,2588701,7838613,1542015,5641761,
    1120821,5632143,6969891,6969891,3557729,1996912,3557729,1996912,8794449,8794449,4503935,4140023,8458587,7594916,8142419,
    9085190,5606840,3557729,5606840,3557729,5632143,1912359,5606840,3557729,1996912,1542015,1316766,8794449,566269,3606656,
    8458587,2556538,8458587,5632143,1316766,1137275,1542015,1316766,1316766,1302688,1316766,5641761,1542015,1120821,1996912,
    1137275,5606840,7594916,1316766,2588701,1302688,1542015,1302688,1316766,5641761,1316766,6347114,7594916,8142419,2588701,
    1316766,1912359,1316766,6651929,2588701,8794449,8794449,4503935,4140023,8458587,6969891,1137275,1542015,2588701,1302688,
    1542015,1996912,5641761,1542015,5632143,6969891,1137275,1542015,2588701,1542015,3557729,1316766,5641761,1542015,8794449,
    566269,4503935,4140023,8458587,1302688,3557729,3557729,1996912,7594916,2588701,6347114,7594916,4361753,3557729,1912359,
    4361962,7594916,8794449,5991231,4503935,4140023,8458587,1542015,1316766,1302688,1912359,1316766,5606840,5632143,1542015,
    1137275,1316766,1302688,1302688,1912359,6969891,5641761,1542015,8794449,3279271,4503935,4140023,8458587,7594916,8142419,
    3557729,4361962,2537456,7594916,1542015,1302688,1542015,1996912,6347114,1912359,1137275,7594916,6969891,2588701,1996912,
    5641761,1302688,8794449,1614364,4503935,4140023,8458587,5632143,6969891,1316766,1542015,1316766,1912359,1542015,1120821,
    6969891,1316766,1542015,6969891,1316766,7594916,8794449,566269,4458139,5991231,6969891,6969891,2588701,1912359,6969891,
    2588701,5632143,5606840,1137275,1302688,1302688,1302688,7594916,6969891,6969891,1302688,6969891,5641761,1316766,6347114,
    3557729,1302688,2588701,1316766,1542015,1542015,3557729,1614364,4503935,4140023,8458587,5632143,1316766,1996912,3557729,
    2588701,1912359,5606840,1120821,7594916,4361753,5504183,1302688,8652168,2588701,1542015,8794449,566269,4503935,4140023,
    8458587,5632143,1316766,5606840,7594916,1316766,6969891,1996912,5632143,5991231,5632143,1316766,5606840,7594916,6969891,
    6969891,2588701,1614364,8794449,8458587,4503935,4140023,8458587,5632143,5606840,1137275,6969891,6969891,7594916,1302688,
    1996912,5641761,1542015,1120821,7594916,8142419,1302688,1996912,1912359,5606840,5504183,8794449,8794449,1786149,3576238,
    566269,4503935,4140023,8458587,1996912,7594916,5606840,5606840,1316766,6969891,1912359,5632143,7594916,4361753,4639684,
    3753688,1302688,3557729,1302688,8794449,4503935,4140023,8458587,6969891,1137275,7594916,6969891,2588701,1912359,5606840,
    1912359,1542015,5606840,5641761,1316766,6347114,1302688,5606840,1542015,1316766,1542015,1542015,1912359,8794449,566269,
    3606656,8458587,2556538,8458587,5606840,1316766,6969891,3557729,1996912,1302688,5632143,5606840,1137275,1316766,6969891,
    3557729,1996912,1542015,5641761,1542015,8794449,8794449,4361962,3279271,3322816,566269,4503935,4140023,8458587,7594916,
    4361753,7838613,1542015,1302688,5606840,1120821,5632143,3557729,1137275,1302688,5606840,1542015,2588701,5641761,3557729,
    8794449,3279271,4503935,4140023,8458587,5991231,1302688,1912359,3557729,1302688,3557729,7594916,1120821,5632143,5606840,
    1912359,1302688,5606840,1316766,7594916,1614364,1120821,5632143,2588701,1137275,6969891,1316766,1996912,1302688,1542015,
    5641761,1542015,8794449,4503935,4140023,8458587,1302688,1137275,2588701,1542015,2588701,3557729,1302688,5641761,1542015,
    1120821,5632143,1302688,2588701,1542015,1996912,3557729,5606840,8794449,566269,3606656,8458587,2556538,8458587,1542015,
    6969891,3557729,1302688,7594916,1316766,5632143,7594916,8142419,6969891,1996912,2588701,8090913,4361962,8794449,8794449,
    4503935,4140023,8458587,2588701,1137275,7594916,1996912,1542015,5606840,6969891,6969891,1316766,1996912,5641761,1316766,
    6347114,2588701,1302688,1996912,1912359,3557729,7594916,1996912,8794449,566269,4503935,4140023,8458587,5632143,3557729,
    7594916,1912359,3557729,1302688,1542015,5632143,5991231,5632143,3557729,7594916,1912359,1542015,1302688,1316766,1614364,
    8794449,5991231,4503935,4140023,8458587,5991231,1996912,1137275,3557729,2588701,2588701,1542015,2588701,1912359,7594916,
    6969891,6969891,5641761,6969891,5632143,5991231,5632143,6969891,1137275,1996912,5606840,2588701,1996912,5641761,3557729,
    1120821,5632143,1996912,2588701,5606840,6969891,3557729,1542015,1614364,1614364,6347114,6969891,1137275,1912359,3557729,
    3557729,1316766,1996912,5641761,1302688,8794449,3279271,4503935,4140023,8458587,6969891,1996912,1912359,3557729,1316766,
    5606840,5632143,6969891,1137275,1996912,1912359,5606840,1912359,1912359,5641761,1542015,8794449,1614364,4503935,4140023,
    8458587,5991231,5632143,1996912,2588701,5606840,7594916,3557729,5606840,7594916,5632143,5991231,5632143,2588701,6969891,
    1302688,1912359,1316766,3557729,1614364,1614364,1120821,7594916,4361753,4361962,5606840,4639684,1912359,5606840,8794449,
    566269,4503935,4140023,8458587,5991231,7594916,8142419,1542015,1302688,3557729,5606840,2588701,2588701,7594916,6347114,
    1542015,2588701,1996912,1912359,6969891,7594916,2588701,1614364,6347114,1996912,1542015,1316766,6969891,1996912,1302688,
    8794449,8458587,4503935,4140023,8458587,1996912,1137275,2588701,1912359,5606840,6969891,1316766,6969891,1996912,7594916,
    1996912,5641761,6969891,6347114,1996912,1302688,1996912,2588701,1302688,3557729,3557729,5606840,8794449,8794449,4503935,
    4140023,8458587,7594916,4361753,9085190,8652168,5606840,3557729,8652168,5632143,7594916,4361753,7838613,8652168,2588701,
    5641761,1912359,8794449,566269,1302688,1137275,5606840,1996912,3557729,5641761,5606840,1120821,5991231,5606840,3557729,
    7594916,3557729,7594916,2588701,1542015,5632143,6969891,1137275,5606840,1912359,5606840,3557729,3557729,5641761,1542015,
    1614364,4503935,4140023,8458587,5606840,1912359,5606840,2588701,1912359,6969891,1120821,5632143,5606840,1912359,5606840,
    1996912,1912359,1542015,8794449,566269,3606656,8458587,2556538,8458587,5632143,1316766,6969891,1996912,1302688,1996912,
    3557729,5632143,5991231,5632143,1316766,1137275,6969891,1996912,1302688,1996912,1542015,5641761,1542015,1614364,8794449,
    8794449,4503935,4140023,8458587,5632143,1996912,1137275,7594916,5606840,1316766,2588701,1302688,5606840,5641761,1302688,
    1120821,5991231,1996912,1302688,2588701,2588701,1996912,2588701,1996912,5632143,7594916,4361753,1302688,5606840,6651929,
    4639684,1302688,5606840,4361962,9085190,6347114,5991231,1996912,7594916,7594916,1316766,7594916,1912359,1316766,6969891,
    5632143,2588701,1912359,5606840,1996912,6969891,6969891,1614364,1614364,8794449,566269,3606656,8458587,2556538,8458587,
    3557729,1302688,2588701,5606840,2588701,3557729,1996912,1316766,2588701,6347114,5991231,5991231,5991231,5632143,1996912,
    3557729,1316766,2588701,3557729,1996912,2588701,5632143,5991231,5991231,5991231,1912359,1137275,1996912,7594916,3557729,
    3557729,1912359,5641761,1542015,1120821,5632143,1912359,1996912,1542015,6969891,1302688,5606840,1614364,1120821,5632143,
    1316766,1137275,1302688,1912359,1302688,1316766,3557729,5641761,1542015,1614364,1120821,3557729,1137275,2588701,1912359,
    1542015,6969891,1912359,5641761,1542015,1614364,1614364,5632143,5991231,5632143,1542015,7594916,7594916,2588701,1542015,
    1912359,1614364,1614364,1120821,1542015,1137275,7594916,1302688,6969891,1996912,3557729,2588701,5641761,1302688,1614364,
    8794449,8794449,4503935,4140023,8458587,6969891,3557729,6969891,2588701,1302688,7594916,5632143,6969891,3557729,6969891,
    1996912,1542015,3557729,8794449,566269,4503935,4140023,8458587,5632143,2588701,1316766,1302688,1912359,2588701,2588701,
    5632143,5991231,5632143,2588701,1316766,1302688,1316766,2588701,1912359,1614364,8794449,5991231,4503935,4140023,8458587,
    1996912,1137275,6969891,7594916,1542015,1912359,7594916,2588701,7594916,2588701,5641761,1316766,6347114,7594916,8142419,
    3753688,1996912,613247,9085190,2537456,1996912,8794449,3279271,4503935,4140023,8458587,1996912,5606840,1996912,2588701,
    3557729,3557729,2588701,1302688,7594916,7594916,6347114,1996912,1996912,1996912,2588701,2588701,5606840,6969891,3557729,
    8794449,1614364,4503935,4140023,8458587,5991231,7594916,8142419,2588701,1912359,1316766,7838613,4639684,7594916,1316766,
    1316766,5641761,3753688,6347114,7594916,4361753,2588701,4639684,1316766,1912359,613247,8652168,2588701,1542015,1614364,
    6347114,1912359,1316766,1912359,1316766,2588701,7594916,3557729,8794449,566269,7594916,8142419,1912359,5606840,3557729,
    1316766,1912359,1302688,5632143,5991231,5991231,3557729,1542015,2588701,5606840,1302688,1996912,5632143,1542015,1302688,
    6969891,5606840,1912359,1316766,1614364,5632143,1316766,1137275,6969891,1542015,6969891,1912359,5641761,3557729,1614364,
    4503935,4140023,8458587,1996912,1302688,5606840,7594916,1996912,2588701,7594916,1912359,1316766,5606840,6347114,6969891,
    7594916,1542015,1542015,1996912,6969891,1996912,5632143,1996912,1316766,1302688,5606840,7594916,7594916,8794449,566269,
    4503935,4140023,8458587,5632143,1302688,7594916,2588701,1302688,3557729,3557729,1120821,1996912,1996912,2588701,7594916,
    7594916,1302688,5606840,1912359,1302688,6347114,2588701,1137275,3557729,2588701,1996912,1316766,1996912,1316766,5641761,
    1302688,8794449,8458587,4503935,4140023,8458587,3557729,1137275,1302688,1542015,1912359,1316766,1996912,5641761,1542015,
    5632143,7594916,4361753,1912359,1996912,7838613,7594916,7838613,8794449,8794449,4503935,4140023,8458587,5991231,5632143,
    1316766,1137275,1542015,3557729,1996912,5606840,5641761,3557729,1120821,5606840,1137275,1912359,2588701,1542015,1912359,
    5606840,5641761,1542015,1614364,1120821,5632143,2588701,1316766,1912359,7594916,1542015,1542015,8794449,566269,3606656,
    8458587,2556538,8458587,5991231,1542015,1316766,1912359,1542015,1316766,1120821,6969891,1137275,3557729,1316766,7594916,
    5606840,6969891,5641761,1542015,1614364,5632143,1996912,7594916,7594916,1302688,1912359,6969891,1302688,8794449,8794449,
    4503935,4140023,8458587,7594916,8142419,4361962,3753688,7838613,1996912,1316766,1120821,5632143,6969891,1302688,6969891,
    5606840,6969891,7594916,8794449,566269,3606656,8458587,2556538,8458587,5991231,5632143,6969891,2588701,5606840,1996912,
    1996912,5606840,1120821,5991231,5991231,5632143,1542015,5606840,1542015,1996912,6969891,5606840,1120821,1996912,1137275,
    3557729,1302688,1912359,1912359,1912359,1996912,6969891,5606840,5641761,1316766,1614364,5632143,5991231,5632143,3557729,
    1996912,1912359,6969891,1996912,7594916,5632143,7594916,8142419,1302688,1912359,6969891,1302688,2588701,1614364,1614364,
    1614364,6347114,7594916,4361753,5606840,5606840,613247,8652168,7838613,1912359,8794449,8794449,4503935,4140023,8458587,
    1996912,7594916,1302688,1996912,5606840,6969891,1316766,1302688,1316766,6347114,3557729,1137275,3557729,2588701,2588701,
    3557729,6969891,5641761,1542015,8794449,3279271,1954959,3576238,566269,4458139,5991231,1996912,7594916,7594916,6969891,
    1316766,1996912,1542015,6969891,1302688,1912359,6347114,3557729,1912359,1316766,1542015,1302688,1912359,1542015,1614364,
    3279271,4503935,4140023,8458587,2588701,1137275,6969891,1316766,1912359,7594916,6969891,5641761,1542015,5632143,2588701,
    6969891,1316766,1302688,2588701,1542015,8794449,4503935,4140023,8458587,5606840,7594916,1912359,6969891,1316766,6969891,
    5632143,5991231,7594916,8142419,1316766,613247,3753688,3557729,1316766,4639684,1912359,6347114,5991231,5632143,1302688,
    1137275,1912359,1996912,1302688,5606840,1996912,5641761,1542015,1120821,2588701,1542015,7594916,1542015,1316766,1542015,
    1302688,1614364,1120821,2588701,2588701,1542015,1912359,1316766,7594916,1614364,8794449,566269,4503935,4140023,8458587,
    3557729,1137275,1912359,1302688,6969891,1912359,5641761,3557729,1120821,5632143,3557729,1137275,1912359,1542015,6969891,
    1996912,5641761,3557729,8794449,5991231,4503935,4140023,8458587,5991231,1316766,1137275,1912359,1912359,5606840,1542015,
    6969891,6969891,5606840,1996912,5641761,1316766,5632143,5991231,5632143,1996912,1137275,1542015,1302688,1912359,5606840,
    1542015,5641761,1302688,5632143,5991231,5632143,1316766,1996912,1302688,1316766,5606840,1912359,1614364,1614364,1614364,
    6347114,7594916,4361753,1302688,7594916,4639684,613247,2537456,6969891,1120821,5991231,5632143,5606840,1912359,2588701,
    1542015,1316766,1542015,5632143,7594916,4361753,1316766,1912359,6969891,6651929,613247,1614364,8794449,3279271,4503935,
    4140023,8458587,5991231,7594916,8142419,3557729,7594916,5641761,1996912,1996912,8090913,1912359,4361962,1316766,3557729,
    6347114,1996912,1302688,2588701,7594916,1996912,7594916,7594916,5606840,1302688,6969891,1614364,6347114,5991231,5991231,
    5632143,2588701,5606840,5606840,1912359,1542015,1996912,1120821,7594916,4361753,1316766,5504183,1542015,9085190,6651929,
    5606840,1614364,5632143,7594916,8142419,1542015,1316766,1542015,6969891,9085190,1614364,8794449,1614364,4503935,4140023,
    8458587,7594916,4361753,5606840,1316766,1542015,7594916,9085190,5632143,2588701,5606840,7594916,1542015,1302688,1996912,
    8794449,3279271,4503935,4140023,8458587,5991231,5632143,1996912,2588701,1316766,3557729,2588701,1912359,1120821,5991231,
    7594916,4361753,6969891,5504183,1316766,3753688,6969891,7594916,1302688,1316766,5632143,5991231,5632143,1912359,5606840,
    1302688,3557729,1316766,3557729,1614364,1614364,1614364,6347114,7594916,8142419,613247,1302688,1542015,3753688,613247,
    4639684,8794449,566269,1912359,1137275,6969891,1912359,3557729,1302688,1996912,1542015,6969891,5641761,1316766,6347114,
    6969891,1137275,7594916,2588701,1996912,6969891,7594916,1912359,5641761,1302688,3279271,5991231,5632143,1912359,1137275,
    1302688,1996912,2588701,1302688,5641761,1542015,1120821,7594916,8142419,3557729,3557729,2588701,9085190,5606840,7838613,
    3557729,2588701,1614364,6347114,7594916,4361753,1912359,1542015,7838613,7838613,5606840,1996912,2937043,4503935,4140023,
    8458587,1996912,7594916,2588701,1316766,6969891,1912359,1316766,5632143,1996912,7594916,2588701,1316766,1316766,1912359,
    3557729,8794449,566269,4503935,4140023,8458587,1542015,7594916,3557729,1912359,3557729,1302688,5632143,1996912,6969891,
    3557729,3557729,1542015,6969891,1542015,1912359,1302688,5606840,6347114,6969891,2588701,1996912,5606840,1912359,7594916,
    2588701,8794449,8458587,4503935,4140023,8458587,5606840,5606840,3557729,1316766,1912359,3557729,1120821,5632143,5606840,
    5606840,3557729,1912359,1302688,1912359,8794449,8794449,4503935,4140023,8458587,7594916,4361753,1542015,6969891,4639684,
    4639684,8090913,5632143,5606840,1302688,1316766,1542015,2588701,1302688,8794449,566269,3606656,8458587,2556538,8458587,
    1542015,1137275,3557729,1316766,1302688,1912359,6969891,1316766,7594916,3557729,5641761,1316766,6347114,1996912,1996912,
    1996912,6969891,1912359,1542015,3557729,1912359,8794449,8794449,8780476,3576238,566269,4503935,4140023,8458587,5632143,
    6969891,7594916,2588701,1996912,6969891,1316766,5632143,5991231,5606840,1137275,1912359,3557729,1542015,1996912,6969891,
    5641761,1542015,1120821,5632143,1996912,2588701,1912359,1302688,1912359,6969891,1996912,1614364,8794449,4503935,4140023,
    8458587,5632143,1302688,3557729,5606840,1996912,6969891,1302688,5632143,5991231,5632143,1302688,1137275,3557729,5606840,
    5606840,7594916,1542015,5641761,1542015,1614364,8794449,566269,3606656,8458587,2556538,8458587,5991231,5606840,7594916,
    5606840,1302688,1542015,1912359,1302688,1542015,3557729,1542015,6969891,3557729,6347114,1996912,5606840,7594916,5606840,
    2588701,1316766,3557729,1912359,1316766,1302688,1614364,6347114,1316766,1137275,5606840,1542015,1316766,1302688,7594916,
    1316766,5641761,1302688,8794449,8794449,4503935,4140023,8458587,1912359,2588701,5606840,1302688,1996912,7594916,1120821,
    5632143,1912359,2588701,5606840,1542015,7594916,1542015,8794449,3279271,3454205,3279271,4361753,3576238,566269,7594916,
    4361753,2588701,1996912,613247,2588701,6651929,3753688,5632143,5991231,5632143,2588701,1912359,7594916,3557729,2588701,
    1912359,5632143,1302688,1137275,1302688,1542015,1912359,5641761,1542015,1614364,3279271,4503935,4140023,8458587,1996912,
    1137275,5606840,1302688,1996912,1542015,1316766,5641761,1542015,1120821,5632143,1996912,1137275,5606840,1302688,7594916,
    6969891,6969891,5641761,1542015,8794449,3279271,4503935,4140023,8458587,5632143,1996912,1137275,6969891,1542015,1316766,
    2588701,1316766,5641761,1542015,1120821,1996912,1137275,6969891,1542015,1316766,1912359,5641761,1542015,8794449,4503935,
    4140023,8458587,5632143,1996912,1137275,7594916,5606840,1912359,1316766,3557729,1912359,5641761,1302688,1120821,1996912,
    1137275,7594916,5606840,1912359,6969891,1542015,1912359,5641761,1302688,8794449,566269,4503935,4140023,8458587,7594916,
    8142419,1542015,6651929,1996912,1996912,1316766,1996912,1542015,6969891,6347114,7594916,8142419,3753688,4361962,3557729,
    7594916,7594916,2588701,8794449,5991231,4503935,4140023,8458587,5632143,1996912,1542015,1302688,2588701,1302688,3557729,
    5632143,5991231,5632143,1996912,1137275,1542015,1302688,5606840,1912359,1542015,5641761,1542015,1614364,8794449,3279271,
    4503935,4140023,8458587,5991231,7594916,4361753,8090913,3557729,7594916,8090913,3753688,5632143,5991231,5632143,1996912,
    1137275,1912359,1912359,3557729,7594916,5606840,5641761,1542015,1614364,1614364,1120821,5632143,1316766,3557729,6969891,
    2588701,7594916,1912359,8794449,1614364,4503935,4140023,8458587,5632143,1316766,7594916,7594916,7594916,7594916,1542015,
    5632143,5991231,5632143,1316766,7594916,7594916,1996912,1996912,2588701,1614364,8794449,566269,4503935,4140023,8458587,
    5632143,1996912,6969891,7594916,3557729,3557729,1316766,1120821,1996912,6969891,7594916,1542015,1542015,1302688,8794449,
    8458587,4503935,4140023,8458587,5632143,1542015,7594916,1996912,1302688,1912359,1302688,1120821,1542015,7594916,1996912,
    1912359,1316766,1302688,8794449,8794449,1786149,4140023,3279271,3606656,4140023,566269,4503935,4140023,8458587,3557729,
    3557729,1996912,1996912,1996912,5606840,5632143,3557729,3557729,1996912,7594916,1996912,7594916,8794449,3279271,4503935,
    4140023,8458587,5632143,1542015,1137275,6969891,7594916,3557729,1996912,1912359,5641761,1542015,5632143,5991231,5632143,
    1542015,6969891,7594916,3557729,1302688,6969891,1614364,8794449,4503935,4140023,8458587,7594916,8142419,1996912,8652168,
    1316766,1912359,1316766,4361962,1996912,6969891,6347114,5991231,1542015,1316766,6969891,1302688,3557729,1912359,1120821,
    7594916,8142419,2588701,1542015,2537456,8090913,8090913,1912359,1614364,8794449,566269,3606656,8458587,2556538,8458587,
    1302688,1137275,6969891,1316766,1996912,6969891,6969891,5641761,1542015,1120821,5632143,1302688,1137275,6969891,1316766,
    1996912,6969891,1316766,5641761,1542015,8794449,8794449,4503935,4140023,8458587,5632143,5606840,1137275,7594916,1316766,
    1542015,1316766,3557729,5641761,1542015,5632143,5991231,5632143,5606840,7594916,1316766,1912359,1316766,7594916,1614364,
    8794449,3279271,4503935,4140023,8458587,5632143,1996912,1316766,7594916,3557729,6969891,2588701,5632143,5991231,5632143,
    1996912,1316766,7594916,1302688,7594916,3557729,1614364,8794449,566269,1542015,1996912,1302688,1316766,1302688,5606840,
    1120821,5632143,1542015,1137275,1996912,1302688,1316766,1542015,6969891,5641761,1542015,3279271,4458139,5991231,5632143,
    3557729,7594916,5606840,1912359,6969891,6969891,1120821,7594916,8142419,1302688,7838613,4639684,8652168,6969891,1614364,
    4503935,4140023,8458587,1302688,6969891,1996912,6969891,1542015,1302688,7594916,1996912,1996912,6347114,1542015,6969891,
    1996912,3557729,1996912,1542015,5606840,8794449,566269,3606656,8458587,2556538,8458587,5991231,5632143,6969891,6969891,
    1316766,1316766,7594916,1542015,5632143,5991231,5632143,5606840,1302688,5606840,5606840,1912359,1542015,1614364,1614364,
    1120821,7594916,8142419,6969891,9085190,2588701,2588701,1316766,8794449,8794449,4503935,4140023,8458587,5991231,5632143,
    1996912,7594916,7594916,1316766,7594916,1316766,1542015,1120821,3557729,2588701,7594916,5606840,1316766,1316766,1614364,
    1120821,5991231,1996912,1137275,1302688,2588701,7594916,1316766,1316766,1316766,5641761,1302688,5632143,1996912,7594916,
    5606840,5606840,7594916,2588701,3557729,1614364,8794449,3279271,4503935,4140023,8458587,7594916,8142419,1996912,613247,
    5606840,3557729,5606840,1302688,8090913,1316766,6347114,1996912,1137275,5606840,6969891,6969891,1316766,1316766,1316766,
    1302688,5641761,1912359,8794449,3279271,6651929,4140023,566269,5632143,1996912,7594916,1996912,1996912,1542015,7594916,
    6969891,1120821,5991231,5991231,5632143,1996912,1912359,6969891,2588701,3557729,1996912,1120821,1542015,1302688,6969891,
    1912359,7594916,1912359,1614364,1120821,2588701,2588701,2588701,6969891,5606840,1302688,1316766,1614364,3279271,4458139,
    5991231,3557729,1137275,5606840,1996912,3557729,7594916,6969891,2588701,1912359,6969891,5641761,1316766,6347114,7594916,
    8142419,5641761,9085190,1996912,3557729,1996912,7594916,1614364,3279271,4503935,4140023,8458587,5991231,7594916,4361753,
    2537456,6969891,1316766,5641761,2588701,5632143,7594916,8142419,2588701,7594916,5641761,4639684,7838613,1614364,5632143,
    1542015,1542015,6969891,1542015,1302688,7594916,8794449,4503935,4140023,8458587,6969891,1137275,2588701,1542015,5606840,
    1302688,1542015,5641761,1542015,1120821,5632143,6969891,2588701,1542015,2588701,1542015,3557729,8794449,566269,4503935,
    4140023,8458587,6969891,1137275,3557729,1542015,1996912,5606840,3557729,5641761,1542015,1120821,5632143,6969891,3557729,
    1542015,7594916,2588701,3557729,8794449,5991231,4503935,4140023,8458587,7594916,8142419,2588701,6651929,3557729,5606840,
    9085190,6969891,7838613,3753688,6347114,1316766,1316766,1996912,7594916,1912359,1542015,7594916,8794449,3279271,4503935,
    4140023,8458587,5991231,5632143,1316766,1542015,3557729,7594916,3557729,1996912,1120821,1996912,1302688,1542015,1302688,
    1302688,6969891,1316766,2588701,6969891,2588701,1614364,6347114,5991231,5991231,5632143,1996912,1996912,1302688,5606840,
    6969891,3557729,1120821,7594916,8142419,5606840,7594916,1912359,4361962,6651929,3557729,2588701,1996912,1614364,6347114,
    7594916,4361753,1912359,5641761,613247,7838613,6969891,1302688,1614364,8794449,1614364,4503935,4140023,8458587,1996912,
    5606840,6969891,2588701,6969891,7594916,1316766,1912359,5606840,5606840,6347114,7594916,4361753,1542015,5641761,1912359,
    1302688,1912359,1996912,8794449,566269,4503935,4140023,8458587,5632143,1542015,1316766,5606840,1912359,7594916,1302688,
    5632143,5991231,5632143,1542015,1137275,1316766,5606840,1316766,1996912,1542015,5641761,1542015,1614364,8794449,8458587,
    4503935,4140023,8458587,7594916,4361753,1302688,1542015,1316766,9085190,1302688,5632143,7594916,8142419,1302688,1542015,
    1316766,3557729,1912359,8794449,8794449,4503935,4140023,8458587,1996912,1912359,1542015,1302688,6969891,2588701,1302688,
    6969891,6347114,5991231,5632143,3557729,5606840,2588701,1996912,1302688,2588701,1120821,7594916,8142419,1316766,3753688,
    6651929,1542015,1996912,1614364,8794449,566269,5991231,5632143,1912359,1137275,1302688,2588701,5606840,1912359,3557729,
    5641761,1542015,1120821,7594916,4361753,5606840,5606840,9085190,3557729,8652168,5504183,9085190,1614364,6347114,5991231,
    1996912,1137275,6969891,1912359,2588701,5606840,1996912,1302688,1996912,2588701,5641761,1316766,6347114,5606840,1996912,
    1302688,1542015,2588701,7594916,1542015,1120821,7594916,4361753,6969891,1996912,6651929,2588701,5606840,8090913,1614364,
    1120821,5991231,5991231,1912359,1137275,6969891,5606840,6969891,2588701,5641761,3557729,5632143,6969891,1542015,1912359,
    2588701,6969891,1302688,1614364,5632143,5991231,5632143,1302688,6969891,1996912,1912359,7594916,1316766,1614364,1614364,
    4503935,4140023,8458587,1996912,1137275,1542015,1302688,1316766,1996912,2588701,2588701,1302688,1996912,5641761,6969891,
    6347114,1996912,1137275,1302688,7594916,7594916,1996912,2588701,1542015,5641761,1912359,8794449,566269,3606656,8458587,
    2556538,8458587,7594916,4361753,6651929,1996912,1996912,2588701,8652168,6651929,6969891,6969891,6347114,7594916,8142419,
    4639684,1316766,8652168,6969891,8090913,613247,8794449,8794449,4503935,4140023,8458587,7594916,8142419,6969891,7838613,
    8652168,8652168,4639684,1120821,5632143,1302688,1137275,5606840,1316766,5606840,2588701,5641761,1542015,8794449,566269,
    3606656,8458587,2556538,8458587,5991231,5991231,5991231,5632143,1542015,1542015,7594916,1542015,7594916,3557729,1120821,
    5991231,1996912,1137275,1542015,1316766,1302688,1316766,1302688,5641761,1542015,1120821,2588701,1137275,1996912,7594916,
    7594916,1542015,1996912,7594916,1316766,1996912,5641761,6969891,1614364,1614364,5632143,7594916,8142419,6969891,1912359,
    4361962,613247,1302688,1614364,6347114,3557729,1542015,1302688,6969891,5606840,1542015,6969891,2588701,1614364,6347114,
    1996912,5606840,1542015,2588701,1302688,1542015,1316766,8794449,8794449,4503935,4140023,8458587,5632143,1542015,1996912,
    1912359,1316766,5632143,5991231,5991231,1912359,5606840,2588701,6969891,2588701,6969891,5632143,1912359,1316766,1316766,
    1302688,3557729,6969891,1614364,1120821,7594916,8142419,3753688,3557729,6651929,613247,1614364,8794449,3279271,4458139,
    4140023,566269,4458139,5991231,1302688,1302688,1316766,3557729,1316766,1996912,1542015,6347114,1302688,1302688,3557729,
    1302688,2588701,1542015,5606840,1614364,3279271,4503935,4140023,8458587,1316766,1137275,1996912,7594916,1316766,1542015,
    1302688,5641761,1542015,5632143,1316766,1137275,1996912,7594916,1316766,2588701,5641761,1542015,8794449,4503935,4140023,
    8458587,7594916,8142419,1316766,4361962,5606840,1316766,5606840,1302688,6651929,4361962,6347114,1996912,1137275,1302688,
    5606840,3557729,2588701,1912359,6969891,6969891,5641761,1912359,8794449,566269,4503935,4140023,8458587,5991231,3557729,
    6969891,1542015,7594916,3557729,2588701,1120821,1996912,1137275,1542015,2588701,5606840,6969891,1912359,5606840,1912359,
    5641761,1912359,1614364,6347114,1996912,1137275,1912359,1996912,7594916,2588701,6969891,5641761,1542015,8794449,5991231,
    4503935,4140023,8458587,5632143,1316766,7594916,7594916,1996912,1912359,7594916,1120821,7594916,4361753,5504183,5606840,
    1302688,1996912,9085190,8794449,3279271,4503935,4140023,8458587,5632143,1542015,1912359,1542015,1996912,7594916,1542015,
    1120821,7594916,8142419,1316766,5504183,1302688,6651929,5606840,8794449,1614364,3576238,3576238,566269,4503935,4140023,
    8458587,5632143,5606840,1996912,1302688,1302688,2588701,2588701,5632143,5991231,3557729,7594916,1996912,2588701,6969891,
    2588701,1120821,5632143,1912359,1137275,1996912,1912359,6969891,1542015,1912359,5641761,1542015,1614364,8794449,4503935,
    4140023,8458587,1912359,1542015,2588701,1542015,6969891,7594916,1316766,2588701,2588701,6347114,1912359,1137275,5606840,
    1912359,1912359,1302688,1996912,6969891,5641761,1302688,1120821,5632143,1912359,5606840,1542015,1912359,1542015,8794449,
    566269,4503935,4140023,8458587,5632143,6969891,5606840,7594916,1316766,5606840,7594916,1120821,2588701,1542015,5606840,
    1542015,7594916,1302688,1912359,3557729,1316766,6347114,7594916,4361753,2588701,1316766,2588701,1542015,1542015,1302688,
    8794449,8458587,4503935,4140023,8458587,5632143,1316766,1137275,3557729,7594916,5606840,5606840,5641761,3557729,5632143,
    5991231,1996912,1137275,6969891,7594916,7594916,2588701,1302688,5641761,1542015,5632143,7594916,4361753,3557729,2588701,
    4361962,4639684,7838613,1614364,8794449,8794449,4503935,4140023,8458587,1912359,3557729,6969891,1542015,1316766,1302688,
    1120821,5632143,1912359,1137275,3557729,6969891,3557729,1912359,1542015,5641761,1542015,8794449,566269,3606656,8458587,
    2556538,8458587,1542015,1137275,1542015,5606840,1996912,7594916,3557729,5641761,1542015,1120821,5632143,1542015,1137275,
    1542015,5606840,1996912,7594916,5606840,5641761,1542015,8794449,8794449,6003611,3576238,3279271,1624432,3576238,566269,
    4503935,4140023,8458587,1996912,1542015,1996912,1302688,3557729,3557729,3557729,7594916,3557729,6347114,7594916,4361753,
    5606840,1996912,5606840,7838613,1302688,7838613,8794449,3279271,4503935,4140023,8458587,5991231,7594916,8142419,1542015,
    1302688,5606840,6969891,1912359,5641761,4639684,4361962,1302688,3557729,6347114,2588701,1137275,1542015,1316766,6969891,
    1912359,1316766,3557729,5606840,1542015,1996912,5641761,6969891,1614364,6347114,7594916,4361753,4639684,1912359,613247,
    3557729,5606840,1316766,8794449,4503935,4140023,8458587,5991231,5632143,5606840,1316766,1316766,1542015,6969891,1316766,
    1120821,5991231,5632143,6969891,1542015,1302688,5606840,6969891,1912359,5632143,5991231,5632143,1316766,1996912,3557729,
    7594916,1996912,1912359,1614364,1614364,1614364,5632143,5991231,5632143,1542015,1137275,5606840,1996912,7594916,6969891,
    5641761,1542015,1614364,8794449,566269,3606656,8458587,2556538,8458587,5632143,1302688,6969891,1316766,1912359,5606840,
    1996912,5632143,5991231,5632143,1996912,7594916,2588701,5606840,5606840,1316766,7594916,1120821,5606840,1137275,2588701,
    3557729,1302688,3557729,1912359,5641761,1542015,1614364,8794449,8794449,4503935,4140023,8458587,1996912,1542015,1302688,
    3557729,2588701,3557729,1542015,2588701,6969891,3557729,6347114,1912359,5606840,1912359,1316766,1542015,1996912,1542015,
    8794449,566269,4458139,5991231,3557729,1996912,1542015,1542015,5606840,6969891,5632143,5606840,1912359,1912359,7594916,
    7594916,5606840,1614364,4503935,4140023,8458587,5632143,3557729,1137275,1996912,1542015,3557729,6969891,1302688,5641761,
    1542015,5632143,5991231,5632143,3557729,1996912,1542015,1302688,7594916,6969891,1614364,8794449,566269,4503935,4140023,
    8458587,5991231,5632143,1996912,1137275,1316766,5606840,1996912,1542015,5606840,5641761,1542015,1120821,7594916,8142419,
    5606840,1996912,1912359,1912359,2588701,8652168,6969891,1996912,1614364,6347114,5991231,1996912,1137275,1912359,3557729,
    3557729,6969891,1912359,1996912,1912359,1542015,1302688,5641761,6969891,6347114,7594916,8142419,1912359,7594916,1302688,
    2588701,6651929,1542015,1614364,8794449,5991231,4503935,4140023,8458587,3557729,1137275,7594916,1316766,5606840,1912359,
    3557729,5641761,1542015,5632143,5991231,5632143,3557729,1302688,3557729,1912359,6969891,3557729,5632143,5991231,5632143,
    1316766,1912359,5606840,7594916,1542015,3557729,1614364,1614364,8794449,3279271,4503935,4140023,8458587,5991231,5991231,
    6969891,6969891,1302688,1912359,3557729,1302688,7594916,1996912,3557729,5632143,7594916,8142419,5606840,4639684,5641761,
    5504183,7594916,1614364,5632143,2588701,1542015,1302688,3557729,1302688,1302688,1614364,6347114,1542015,3557729,1912359,
    2588701,1996912,1542015,1542015,1120821,5632143,2588701,1137275,6969891,1542015,5606840,6969891,6969891,5641761,1542015,
    8794449,1614364,4503935,4140023,8458587,5632143,1316766,1316766,2588701,1302688,2588701,1302688,1120821,7594916,8142419,
    6969891,1996912,1542015,1302688,1912359,3557729,5606840,1542015,6347114,1996912,7594916,1542015,1542015,1996912,1316766,
    1542015,6969891,8794449,566269,4503935,4140023,8458587,5991231,5632143,1996912,7594916,7594916,5606840,1542015,1996912,
    5606840,5632143,5991231,5632143,1542015,1137275,1542015,3557729,1996912,1912359,5606840,5641761,1542015,1614364,1614364,
    1120821,3557729,3557729,6969891,3557729,1542015,1996912,8794449,8458587,4503935,4140023,8458587,5632143,5606840,1137275,
    1996912,2588701,6969891,1302688,3557729,5641761,1542015,5632143,5991231,5632143,5606840,1996912,5606840,7594916,1912359,
    1912359,1614364,8794449,8794449,4503935,4140023,8458587,1542015,5606840,1996912,7594916,1542015,1316766,1120821,5632143,
    1542015,5606840,7594916,6969891,3557729,5606840,8794449,3279271,8090913,3576238,566269,4458139,5991231,1542015,1316766,
    1302688,3557729,3557729,1542015,1120821,5632143,1542015,1137275,3557729,1912359,6969891,1996912,5641761,1542015,1614364,
    3279271,4503935,4140023,8458587,6969891,5606840,1302688,7594916,6969891,1912359,1120821,5632143,6969891,5606840,1302688,
    7594916,2588701,6969891,8794449,4503935,4140023,8458587,5632143,1912359,3557729,1316766,1912359,1996912,7594916,1120821,
    5991231,2588701,1137275,6969891,1912359,1316766,5606840,5606840,5641761,1542015,1120821,3557729,1137275,1542015,7594916,
    6969891,1316766,6969891,5641761,1542015,1614364,8794449,566269,3606656,8458587,2556538,8458587,5991231,5991231,5632143,
    1542015,6969891,2588701,1912359,5606840,7594916,5632143,1996912,1137275,3557729,6969891,1912359,1996912,5641761,1542015,
    1614364,1120821,5632143,3557729,1996912,1316766,3557729,1542015,1614364,5632143,5991231,5632143,1912359,1316766,3557729,
    2588701,1316766,1302688,1614364,8794449,8794449,4503935,4140023,8458587,1996912,5606840,1542015,7594916,1302688,1996912,
    6347114,7594916,8142419,1996912,7594916,1912359,6969891,2588701,8794449,566269,3606656,8458587,2556538,8458587,5606840,
    1137275,1996912,1996912,1302688,1542015,7594916,2588701,7594916,2588701,5641761,1316766,6347114,1912359,1137275,1912359,
    6969891,1996912,2588701,1542015,1542015,5641761,1302688,8794449,8794449,4503935,4140023,8458587,5632143,3557729,1996912,
    1996912,2588701,1302688,2588701,1120821,3557729,1996912,1996912,5606840,1912359,1302688,8794449,566269,4503935,4140023,
    8458587,5606840,7594916,1912359,1996912,6969891,7594916,3557729,1302688,1316766,6969891,6347114,1996912,5606840,2588701,
    3557729,7594916,6969891,1302688,1316766,8794449,5991231,4503935,4140023,8458587,5632143,1912359,1316766,5606840,1996912,
    1912359,3557729,5632143,5991231,5632143,1912359,1137275,1316766,5606840,2588701,1316766,6969891,5641761,1542015,1614364,
    8794449,3279271,4503935,4140023,8458587,1912359,2588701,1302688,7594916,7594916,1302688,1120821,5632143,1912359,2588701,
    1542015,1316766,6969891,7594916,8794449,1614364,4503935,4140023,8458587,5632143,3557729,1137275,1302688,1996912,3557729,
    3557729,1316766,5641761,1542015,5632143,5991231,5632143,3557729,1302688,1996912,1542015,1542015,6969891,1614364,8794449,
    566269,4503935,4140023,8458587,7594916,8142419,3557729,7594916,8652168,8090913,6969891,6651929,5606840,7594916,6347114,
    1996912,1137275,2588701,5606840,1302688,3557729,3557729,2588701,3557729,5641761,1912359,8794449,8458587,4503935,4140023,
    8458587,5991231,7594916,8142419,6969891,9085190,9085190,613247,1302688,1120821,5632143,1996912,3557729,6969891,1996912,
    3557729,3557729,1316766,1614364,5632143,5991231,5632143,1316766,1137275,1542015,5606840,1302688,1542015,2588701,5641761,
    1542015,1614364,8794449,8794449,4503935,4140023,8458587,5632143,1316766,1302688,6969891,5606840,7594916,3557729,5632143,
    5991231,5632143,1316766,1302688,6969891,5606840,7594916,1316766,1614364,8794449,3279271,4503935,4140023,8458587,7594916,
    8142419,3557729,1912359,6651929,1912359,1302688,2537456,8652168,3557729,6347114,1996912,7594916,6969891,1912359,1302688,
    5606840,5606840,1302688,8794449,3279271,2185202,3576238,3279271,8652168,4140023,3279271,8090913,566269,4503935,4140023,
    8458587,1912359,1137275,1912359,2588701,5606840,5641761,1542015,1120821,5632143,1912359,1912359,2588701,2588701,5606840,
    1542015,8794449,3279271,4458139,5991231,1912359,6969891,1996912,7594916,1996912,7594916,1120821,5991231,5991231,5632143,
    2588701,1912359,1316766,1302688,1302688,7594916,1120821,5632143,5606840,1302688,1996912,7594916,3557729,1614364,1120821,
    5632143,3557729,5606840,1912359,1912359,1542015,2588701,1614364,1614364,3279271,4503935,4140023,8458587,3557729,1316766,
    1302688,1302688,1316766,1302688,5632143,7594916,4361753,1912359,1302688,5504183,8652168,1542015,8794449,3279271,4503935,
    4140023,8458587,1542015,1137275,5606840,1316766,1996912,7594916,1996912,5641761,1542015,5632143,1542015,5606840,1316766,
    7594916,1996912,1542015,8794449,3279271,4503935,4140023,8458587,5632143,1302688,1137275,1302688,6969891,1542015,1542015,
    2588701,5641761,1542015,1120821,5991231,5632143,1316766,1542015,1996912,5606840,7594916,2588701,1120821,1996912,1137275,
    1542015,2588701,7594916,6969891,1302688,5606840,5641761,1302688,1614364,8794449,4503935,4140023,8458587,1316766,1316766,
    1302688,1542015,1316766,1912359,5606840,1912359,5606840,6347114,1302688,1316766,1996912,6969891,6969891,7594916,2588701,
    8794449,566269,3606656,8458587,2556538,8458587,7594916,8142419,613247,8652168,2588701,8652168,5606840,1120821,5632143,
    6969891,7594916,1542015,6969891,5606840,1316766,8794449,8794449,4503935,4140023,8458587,2588701,1912359,1302688,1912359,
    1912359,6969891,2588701,1542015,5606840,1912359,6347114,7594916,8142419,8090913,1302688,4361962,8652168,6651929,5606840,
    8794449,566269,3606656,8458587,2556538,8458587,1542015,1137275,3557729,5606840,1316766,1996912,5606840,5606840,7594916,
    2588701,5641761,1316766,6347114,1996912,1542015,1996912,7594916,1542015,6969891,2588701,1542015,8794449,8794449,4503935,
    4140023,8458587,7594916,4361753,1996912,6969891,5641761,7594916,8090913,1120821,5991231,1996912,2588701,6969891,1302688,
    1996912,6969891,5632143,7594916,8142419,5606840,6969891,1912359,5641761,8090913,1614364,8794449,566269,4503935,4140023,
    8458587,5632143,1316766,2588701,6969891,1302688,1912359,7594916,5632143,5991231,5632143,1316766,2588701,6969891,1912359,
    1316766,3557729,1614364,8794449,5991231,4503935,4140023,8458587,5991231,2588701,1302688,1302688,5606840,3557729,1996912,
    5632143,5991231,5632143,2588701,6969891,7594916,3557729,1302688,1542015,1614364,1614364,5632143,7594916,4361753,1316766,
    1912359,4361962,6969891,2588701,8794449,3279271,4503935,4140023,8458587,5606840,1137275,5606840,3557729,1996912,2588701,
    3557729,1912359,1912359,5641761,1912359,6347114,5606840,5606840,3557729,1996912,2588701,5606840,1302688,8794449,1614364,
    4503935,4140023,8458587,5632143,5606840,5606840,1542015,1542015,1316766,1912359,5632143,5991231,5632143,5606840,1137275,
    5606840,1542015,1302688,6969891,6969891,5641761,1542015,1614364,8794449,566269,4503935,4140023,8458587,7594916,8142419,
    1302688,7594916,6969891,4639684,2537456,1120821,5632143,5606840,1137275,6969891,1542015,1302688,1542015,1912359,5641761,
    1542015,8794449,8458587,4503935,4140023,8458587,5632143,1996912,1137275,1316766,1302688,7594916,5606840,1542015,5641761,
    1542015,5632143,5991231,1542015,1137275,2588701,6969891,1996912,2588701,2588701,5641761,1542015,1120821,5632143,1912359,
    1996912,1542015,2588701,1912359,2588701,1614364,8794449,8794449,2173957,3576238,3279271,4503935,4140023,8458587,5606840,
    2588701,1316766,1996912,1542015,1302688,5632143,7594916,8142419,1542015,7594916,1996912,1996912,6969891,8794449,3279271,
    4503935,4140023,8458587,1542015,1137275,7594916,5606840,7594916,6969891,5641761,3557729,1120821,5632143,1542015,7594916,
    1996912,6969891,1302688,8794449,566269,4503935,4140023,8458587,5632143,6969891,6969891,1316766,6969891,3557729,3557729,
    5632143,5991231,5632143,6969891,6969891,6969891,7594916,3557729,2588701,1614364,8794449,3279271,7594916,8142419,1542015,
    2537456,7594916,1912359,6969891,1912359,7594916,1912359,6347114,7594916,8142419,8652168,1542015,1302688,1912359,1542015,
    5606840,3279271,5632143,5606840,1316766,6969891,1996912,2588701,7594916,1120821,5991231,6969891,1137275,1996912,1996912,
    1542015,2588701,5641761,1542015,5632143,5991231,7594916,8142419,5606840,6969891,5641761,613247,5504183,5606840,1542015,
    1542015,6347114,1912359,5606840,7594916,1302688,1912359,1912359,5606840,5632143,1542015,1137275,1302688,6969891,1996912,
    7594916,2588701,5641761,1542015,1614364,1614364,4503935,4140023,8458587,6969891,3557729,6969891,7594916,1316766,1120821,
    5991231,1302688,6969891,1302688,1542015,7594916,7594916,1120821,5632143,1912359,1137275,6969891,1996912,2588701,6969891,
    5606840,5641761,1542015,1614364,8794449,566269,3606656,8458587,2556538,8458587,1302688,1137275,1316766,1302688,2588701,
    5606840,1316766,5641761,1542015,5632143,1302688,1316766,1302688,2588701,5606840,1912359,8794449,8794449,4904021,3279271,
    4621789,566269,4503935,4140023,8458587,7594916,4361753,613247,7594916,2537456,1996912,1542015,1120821,5632143,1316766,
    1137275,1542015,3557729,1542015,1996912,6969891,5641761,1542015,8794449,3279271,4503935,4140023,8458587,5632143,1542015,
    5606840,1542015,7594916,1302688,1912359,5632143,5991231,5632143,1542015,1137275,5606840,1542015,1996912,1912359,6969891,
    5641761,1542015,1614364,8794449,4503935,4140023,8458587,5991231,5991231,5991231,2588701,1137275,7594916,1996912,2588701,
    2588701,1912359,5641761,1542015,1120821,7594916,8142419,2588701,7594916,1996912,7594916,1996912,1302688,7594916,5641761,
    2537456,2588701,8652168,6651929,1614364,6347114,3557729,1542015,1912359,1316766,5606840,1912359,5606840,5606840,1542015,
    1542015,7594916,1316766,1614364,6347114,5991231,5632143,5606840,5606840,1316766,5606840,6969891,7594916,1120821,7594916,
    4361753,9085190,1996912,5606840,6969891,5606840,1996912,1912359,5641761,1614364,1614364,6347114,1996912,1137275,1542015,
    1542015,1912359,2588701,1316766,1996912,1912359,5641761,1912359,8794449,566269,3606656,8458587,2556538,8458587,1912359,
    1316766,7594916,1912359,2588701,1542015,2588701,1912359,6347114,1996912,1542015,1302688,1996912,3557729,1542015,7594916,
    1542015,8794449,8794449,2577324,3576238,3279271,8159549,3576238,566269,4503935,4140023,8458587,6969891,1137275,5606840,
    1996912,1912359,1996912,1996912,5641761,1542015,1120821,5632143,6969891,5606840,1996912,1302688,3557729,7594916,8794449,
    3279271,4503935,4140023,8458587,7594916,8142419,8090913,613247,5606840,2537456,1912359,1302688,7594916,1996912,6347114,
    7594916,8142419,3753688,2588701,1316766,7594916,1316766,3557729,8794449,4503935,4140023,8458587,1912359,1912359,6969891,
    5606840,7594916,1912359,5632143,1912359,1912359,6969891,1996912,6969891,7594916,8794449,566269,4503935,4140023,8458587,
    5632143,1302688,1316766,1996912,1542015,5606840,3557729,5632143,5991231,5632143,1302688,1316766,1996912,1302688,1542015,
    7594916,1614364,8794449,5991231,4503935,4140023,8458587,2588701,1137275,1316766,5606840,7594916,3557729,1996912,1912359,
    5606840,1302688,1316766,5641761,6969891,6347114,7594916,8142419,2537456,3753688,5504183,1996912,3557729,1542015,8794449,
    3279271,4503935,4140023,8458587,5632143,1302688,6969891,1302688,2588701,1542015,2588701,5632143,5991231,5991231,5991231,
    7594916,4361753,2588701,1912359,7594916,1316766,7594916,1120821,5632143,1316766,1137275,7594916,1912359,3557729,6969891,
    5641761,1542015,1614364,1120821,1996912,2588701,1996912,1302688,1302688,1996912,3557729,1614364,1120821,5632143,1996912,
    1137275,2588701,1302688,1542015,5606840,1302688,1912359,5641761,1302688,1614364,8794449,1614364,4503935,4140023,8458587,
    1912359,1542015,6969891,1912359,5606840,1542015,1120821,5632143,1912359,1542015,6969891,1542015,1302688,2588701,8794449,
    566269,5632143,2588701,6969891,6969891,1912359,1316766,6969891,1120821,1302688,1137275,1316766,1316766,1996912,6969891,
    5641761,1302688,2937043,4503935,4140023,8458587,7594916,4361753,5606840,1996912,5606840,6969891,1912359,5632143,2588701,
    7594916,1996912,1542015,7594916,6969891,8794449,566269,4503935,4140023,8458587,7594916,4361753,2588701,2588701,6969891,
    4361962,7838613,1302688,1542015,9085190,6347114,5991231,5991231,1996912,1137275,1912359,1542015,5606840,1912359,1316766,
    5641761,1302688,5632143,1912359,2588701,5606840,1912359,3557729,1996912,1614364,1120821,1996912,7594916,1542015,1316766,
    1302688,3557729,6969891,5606840,1614364,8794449,8458587,4503935,4140023,8458587,5632143,2588701,1137275,6969891,5606840,
    1996912,7594916,1542015,5641761,1542015,5632143,5991231,5632143,2588701,6969891,5606840,2588701,2588701,2588701,1614364,
    8794449,8794449,4503935,4140023,8458587,7594916,4361753,2588701,6651929,5641761,7838613,7594916,3557729,1542015,7594916,
    6347114,7594916,4361753,1542015,1996912,5606840,613247,7594916,6651929,8794449,3279271,4503935,4140023,8458587,7594916,
    8142419,1302688,3753688,5504183,2588701,2537456,5632143,7594916,8142419,1302688,3753688,9085190,1542015,1302688,8794449,
    566269,4458139,5991231,5632143,1912359,1316766,3557729,1302688,7594916,1542015,5632143,5991231,5632143,1316766,1137275,
    2588701,5606840,7594916,1316766,3557729,5641761,1542015,1614364,1614364,3279271,7594916,8142419,6969891,1912359,5606840,
    1996912,2537456,5632143,1302688,1137275,1996912,6969891,2588701,1912359,5641761,1542015,2937043,4503935,4140023,8458587,
    5991231,5632143,1316766,1542015,1302688,1912359,1120821,5991231,1302688,1302688,7594916,2588701,1542015,2588701,1120821,
    5632143,1996912,1137275,1302688,6969891,5606840,1542015,1316766,5641761,1302688,1614364,1614364,5632143,5991231,5632143,
    2588701,2588701,1316766,5606840,6969891,3557729,5632143,7594916,8142419,5504183,1302688,2537456,5606840,1996912,1614364,
    8794449,566269,3606656,8458587,2556538,8458587,1996912,2588701,7594916,2588701,3557729,1302688,1912359,7594916,7594916,
    1996912,6347114,7594916,8142419,7838613,1912359,1912359,9085190,1542015,5641761,8794449,8794449,4503935,4140023,8458587,
    5991231,7594916,4361753,6969891,1912359,2588701,7594916,4639684,5632143,5991231,5632143,2588701,2588701,5606840,7594916,
    5606840,1316766,1614364,1614364,1120821,5632143,1316766,3557729,1996912,6969891,1996912,5606840,8794449,566269,7594916,
    8142419,1996912,2588701,4639684,6651929,7594916,2588701,2588701,7594916,1996912,6347114,2588701,1137275,2588701,1542015,
    5606840,5606840,1316766,1542015,1912359,5641761,1912359,2937043,4503935,4140023,8458587,5991231,5606840,7594916,1996912,
    5606840,2588701,5606840,1316766,6969891,1302688,1302688,2588701,1996912,6347114,7594916,4361753,2537456,1912359,613247,
    3753688,8652168,5606840,1912359,4639684,1614364,6347114,1996912,1137275,5606840,1542015,2588701,3557729,1542015,3557729,
    2588701,5641761,1912359,8794449,566269,3606656,8458587,2556538,8458587,5632143,5606840,1137275,1912359,7594916,2588701,
    1316766,2588701,5641761,1542015,5632143,5991231,5632143,5606840,1912359,7594916,2588701,1316766,3557729,1614364,8794449,
    8794449,4503935,4140023,8458587,1302688,1137275,2588701,1316766,5606840,7594916,5606840,5641761,1542015,1120821,5632143,
    1302688,1137275,2588701,1316766,1996912,1316766,1542015,5641761,1542015,8794449,566269,4503935,4140023,8458587,5632143,
    5606840,1542015,1302688,1996912,6969891,5606840,1120821,5606840,1137275,1542015,1302688,5606840,1996912,5641761,1542015,
    8794449,5991231,4503935,4140023,8458587,5632143,3557729,6969891,3557729,6969891,2588701,2588701,1120821,3557729,1137275,
    6969891,1542015,7594916,3557729,1996912,5641761,1542015,8794449,3279271,4503935,4140023,8458587,1302688,7594916,5606840,
    7594916,1912359,3557729,5632143,5991231,5991231,5632143,6969891,2588701,1996912,2588701,5606840,1120821,7594916,8142419,
    1316766,1996912,1996912,1912359,1996912,1614364,5632143,5991231,5632143,1996912,1302688,1302688,5606840,2588701,3557729,
    1614364,1614364,8794449,1614364,6318408,3576238,3279271,2237146,3576238,3279271,5260148,566269,4503935,4140023,8458587,
    1996912,1137275,3557729,1302688,3557729,5606840,2588701,2588701,6969891,6969891,5641761,1316766,6347114,5991231,7594916,
    8142419,1542015,8652168,6969891,613247,1302688,1316766,5632143,5991231,5632143,1316766,5606840,1996912,1996912,1996912,
    1996912,1120821,1316766,1302688,3557729,6969891,1996912,5606840,1614364,1614364,8794449,3279271,4503935,4140023,8458587,
    1912359,1137275,1542015,2588701,7594916,1302688,5606840,5641761,1542015,1120821,5991231,5632143,1302688,3557729,1302688,
    1912359,1996912,3557729,5632143,1996912,1137275,7594916,1542015,2588701,3557729,3557729,5641761,1542015,1614364,8794449,
    3279271,4503935,4140023,8458587,5632143,3557729,1316766,1996912,5606840,5606840,1542015,5632143,5991231,5632143,3557729,
    1316766,1996912,3557729,3557729,2588701,1614364,8794449,4503935,4140023,8458587,5632143,6969891,1542015,5606840,6969891,
    1302688,1542015,1120821,6969891,1137275,1542015,3557729,7594916,1316766,5641761,1542015,8794449,566269,4503935,4140023,
    8458587,6969891,2588701,1542015,1996912,6969891,1316766,1120821,5632143,6969891,2588701,1542015,7594916,1316766,2588701,
    8794449,8458587,4503935,4140023,8458587,5632143,1996912,2588701,1302688,3557729,5606840,1542015,5632143,5991231,5632143,
    1996912,1137275,2588701,1302688,1542015,1542015,5606840,5641761,1542015,1614364,8794449,8794449,4503935,4140023,8458587,
    5632143,1542015,5606840,2588701,1912359,5606840,1542015,5632143,5991231,5632143,1542015,5606840,2588701,1316766,1542015,
    2588701,1614364,8794449,566269,3606656,8458587,2556538,8458587,7594916,8142419,5641761,3753688,1912359,3557729,7594916,
    6969891,6969891,3557729,6347114,1996912,1137275,1542015,1302688,1912359,6969891,6969891,1542015,1996912,5641761,1912359,
    8794449,8794449,4503935,4140023,8458587,7594916,4361753,5606840,5504183,6969891,1912359,9085190,2588701,6651929,1996912,
    6347114,1996912,1996912,6969891,1542015,6969891,1912359,7594916,1996912,8794449,566269,4458139,5991231,1996912,1137275,
    1302688,7594916,1302688,2588701,1316766,6969891,1316766,1996912,1912359,5641761,6969891,6347114,1996912,1137275,5606840,
    7594916,1542015,1316766,6969891,1542015,5606840,5641761,1912359,1614364,4503935,4140023,8458587,5632143,1996912,1137275,
    1912359,5606840,1316766,5606840,2588701,5641761,1542015,1120821,1996912,1137275,1912359,5606840,6969891,1542015,5641761,
    1542015,8794449,566269,3606656,8458587,2556538,8458587,5632143,6969891,6969891,2588701,6969891,1542015,1996912,5632143,
    5991231,5632143,1996912,7594916,3557729,2588701,1912359,1316766,5606840,5632143,5991231,5632143,3557729,1137275,6969891,
    1316766,5606840,5641761,3557729,1614364,1614364,8794449,8794449,4503935,4140023,8458587,1542015,5606840,1996912,1996912,
    1912359,2588701,5632143,7594916,8142419,1542015,1912359,1912359,1996912,1316766,3753688,1996912,1302688,6347114,1996912,
    1137275,1996912,1996912,1996912,7594916,7594916,1302688,1996912,5641761,1912359,8794449,3279271,9085190,3279271,4503935,
    4140023,8458587,5991231,1996912,1137275,1996912,1996912,1912359,7594916,5606840,1316766,5606840,1302688,1316766,5641761,
    6969891,5632143,5991231,5632143,1542015,1996912,1316766,3557729,5606840,5606840,1614364,1614364,6347114,1996912,1137275,
    1542015,5606840,7594916,1316766,6969891,6969891,1542015,5641761,1912359,8794449,3279271,4503935,4140023,8458587,7594916,
    8142419,5606840,7594916,1302688,1542015,7594916,4639684,2588701,2588701,6347114,5991231,5991231,2588701,1137275,1542015,
    2588701,2588701,1316766,1542015,5606840,7594916,1912359,1912359,5641761,6969891,5632143,5991231,5632143,2588701,1137275,
    5606840,7594916,1316766,5641761,3557729,1614364,1614364,6347114,1996912,1912359,1912359,1996912,5606840,2588701,6969891,
    1302688,1614364,8794449,3279271,4503935,4140023,8458587,5632143,1302688,1316766,1316766,1996912,1542015,1912359,1120821,
    7594916,4361753,2537456,1316766,7594916,4361962,3557729,8794449,3279271,8142419,3279271,2225277,3576238,3279271,4503935,
    4140023,8458587,1996912,1137275,1542015,1316766,1316766,1996912,5641761,1542015,1120821,5632143,1996912,1137275,1542015,
    1316766,1302688,1316766,1912359,5641761,1542015,8794449,3279271,613247,3576238,3279271,4503935,4140023,8458587,5606840,
    1137275,2588701,7594916,1912359,7594916,3557729,6969891,6969891,5606840,5606840,5641761,6969891,6347114,5991231,5606840,
    7594916,2588701,1996912,5606840,2588701,1996912,1996912,3557729,5606840,6347114,2588701,5606840,3557729,6969891,1316766,
    1912359,6969891,1316766,1614364,8794449,566269,4503935,4140023,8458587,1302688,1137275,7594916,1302688,2588701,1542015,
    3557729,1542015,5606840,5606840,5641761,1316766,6347114,1912359,1137275,1542015,1912359,1316766,1996912,1316766,1996912,
    5641761,1302688,8794449,3279271,4503935,4140023,8458587,5991231,5632143,3557729,5606840,1302688,1302688,3557729,3557729,
    1120821,5991231,5991231,5632143,2588701,1137275,1542015,1912359,1316766,1996912,6969891,5641761,1542015,1120821,5632143,
    2588701,1316766,6969891,1542015,1996912,7594916,1614364,1120821,3557729,1137275,1912359,6969891,1302688,2588701,3557729,
    5641761,1542015,1614364,1614364,5632143,5991231,5632143,1542015,1137275,7594916,3557729,1542015,5606840,1316766,5641761,
    1542015,1614364,8794449,3279271,5991231,7594916,4361753,3557729,3557729,6651929,6969891,1912359,1120821,7594916,4361753,
    3557729,3753688,6969891,5641761,1996912,1542015,5641761,3557729,1614364,6347114,5991231,5632143,1302688,6969891,6969891,
    6969891,2588701,5606840,1120821,1912359,1912359,1542015,7594916,7594916,6969891,3557729,1614364,3279271,4503935,4140023,
    8458587,5991231,7594916,8142419,1996912,1996912,5606840,1542015,1996912,5632143,5991231,5632143,1996912,1542015,1912359,
    6969891,5606840,5606840,1614364,1614364,1120821,5991231,5991231,3557729,7594916,5606840,1302688,1996912,6969891,1120821,
    5991231,5632143,6969891,1137275,1912359,2588701,5606840,1542015,1996912,5641761,1542015,1120821,5991231,1912359,1137275,
    6969891,7594916,1996912,5606840,5606840,5641761,1542015,5632143,7594916,8142419,4639684,3557729,2588701,4639684,7594916,
    1614364,1614364,1614364,1120821,2588701,1137275,1316766,1542015,5606840,7594916,1542015,1316766,5606840,1302688,1996912,
    5641761,6969891,6347114,5991231,5632143,6969891,6969891,3557729,6969891,1120821,5991231,1912359,1912359,1996912,1302688,
    1912359,1542015,1120821,1996912,1137275,3557729,1542015,1912359,3557729,5606840,5606840,1316766,5641761,1912359,1614364,
    1614364,1614364,8794449,3279271,1996912,1137275,7594916,5606840,1542015,3557729,7594916,3557729,5641761,1302688,5632143,
    7594916,4361753,6651929,5504183,5504183,1316766,1542015,3279271,4503935,4140023,8458587,5991231,5991231,7594916,8142419,
    2588701,1912359,1302688,1996912,7838613,7594916,6651929,5632143,5991231,5632143,5606840,1137275,1302688,1912359,7594916,
    1912359,5641761,3557729,1614364,1614364,5632143,5991231,5632143,1542015,1996912,1302688,1912359,1912359,1316766,1614364,
    1614364,6347114,5991231,5991231,7594916,4361753,1996912,8652168,1302688,1996912,1542015,6969891,5632143,5991231,5632143,
    1542015,1316766,5606840,1912359,1912359,1614364,1614364,5632143,2588701,3557729,7594916,1996912,1912359,3557729,1614364,
    8794449,3279271,4503935,4140023,8458587,7594916,8142419,3557729,1542015,5504183,1316766,8090913,1120821,5632143,2588701,
    1137275,1316766,1542015,1912359,2588701,1302688,5641761,1542015,8794449,3279271,1996912,5606840,3557729,1996912,1316766,
    1302688,6969891,1542015,5606840,7594916,6969891,3557729,5606840,1542015,1542015,1316766,6347114,2588701,1137275,6969891,
    1316766,1996912,6969891,5606840,2588701,2588701,6969891,1996912,1316766,6969891,6969891,6969891,5641761,1996912,5606840,
    3279271,4503935,4140023,8458587,3557729,1137275,1912359,6969891,3557729,3557729,2588701,1996912,1996912,2588701,5641761,
    1316766,6347114,2588701,1137275,3557729,1542015,1316766,1302688,1912359,1912359,5641761,1302688,8794449,3279271,3557729,
    1137275,7594916,1996912,3557729,1302688,1912359,5641761,1302688,5632143,5991231,5632143,6969891,2588701,7594916,3557729,
    5606840,1302688,1614364,4503935,4140023,8458587,5632143,6969891,3557729,6969891,3557729,1996912,6969891,5632143,5991231,
    5632143,6969891,3557729,6969891,1542015,5606840,1316766,1614364,8794449,566269,4503935,4140023,8458587,5991231,5991231,
    1996912,1137275,3557729,1542015,1542015,5606840,2588701,5641761,1302688,5632143,5991231,1316766,1996912,3557729,1912359,
    7594916,1912359,1120821,5632143,2588701,6969891,1302688,1912359,7594916,3557729,1614364,1614364,5632143,5991231,5632143,
    3557729,1302688,1912359,1316766,3557729,1614364,1614364,1120821,5632143,6969891,1316766,5606840,6969891,1316766,5606840,
    8794449,5991231,4503935,4140023,8458587,2588701,1302688,2588701,1542015,1302688,1542015,3557729,7594916,1302688,7594916,
    6347114,7594916,8142419,613247,5504183,2588701,2588701,2588701,5641761,8794449,3279271,4503935,4140023,8458587,5632143,
    1542015,1137275,6969891,1302688,5606840,3557729,5606840,5641761,1542015,5632143,5991231,5632143,1542015,1137275,6969891,
    1302688,3557729,1302688,3557729,5641761,1542015,1614364,8794449,1614364,4503935,4140023,8458587,5991231,5991231,5632143,
    1996912,1542015,1996912,2588701,7594916,7594916,1316766,5632143,5991231,5632143,1912359,1912359,1912359,1542015,6969891,
    3557729,1614364,1614364,1120821,6969891,1137275,7594916,1316766,3557729,1542015,2588701,5641761,1542015,1614364,1120821,
    5632143,1996912,1137275,1912359,5606840,6969891,7594916,2588701,5641761,1542015,8794449,3279271,4503935,4140023,8458587,
    7594916,8142419,5606840,1302688,1302688,8090913,8652168,8090913,9085190,2588701,6347114,1542015,1137275,1996912,7594916,
    7594916,3557729,7594916,3557729,5641761,1302688,8794449,566269,5991231,5632143,2588701,1912359,5606840,1316766,1996912,
    1120821,7594916,8142419,1996912,1302688,3753688,5606840,6969891,1996912,1912359,1542015,1614364,6347114,5991231,5991231,
    1542015,2588701,1542015,1542015,1542015,7594916,1120821,6969891,1137275,7594916,3557729,1912359,1542015,6969891,1316766,
    1996912,1542015,5641761,1316766,1614364,6347114,1316766,1137275,1302688,2588701,2588701,7594916,5606840,6969891,5641761,
    1302688,1614364,3279271,7594916,8142419,6969891,8652168,5606840,1302688,5606840,7594916,1302688,3557729,6347114,2588701,
    5606840,7594916,1302688,1302688,1996912,6969891,3557729,2937043,4503935,4140023,8458587,3557729,1137275,6969891,3557729,
    1542015,6969891,2588701,5641761,1542015,5632143,1996912,5606840,2588701,1542015,1542015,1996912,1996912,1316766,1316766,
    5606840,6347114,1302688,1137275,2588701,2588701,7594916,1912359,5606840,6969891,5641761,1302688,8794449,566269,4503935,
    4140023,8458587,1912359,5606840,3557729,1302688,1302688,3557729,1302688,1316766,1542015,6347114,5991231,5991231,7594916,
    8142419,3557729,1912359,1996912,3753688,8652168,8090913,5632143,3557729,1137275,1996912,2588701,3557729,7594916,1996912,
    5641761,1542015,1614364,5632143,1996912,3557729,2588701,1542015,1614364,8794449,8458587,4503935,4140023,8458587,5606840,
    5606840,1996912,1912359,7594916,3557729,3557729,5606840,1912359,6347114,2588701,1137275,5606840,1316766,1302688,5606840,
    1302688,2588701,5641761,1302688,8794449,8794449,4503935,4140023,8458587,7594916,4361753,5606840,3753688,2588701,3753688,
    2537456,1120821,5632143,2588701,1137275,3557729,1302688,2588701,6969891,5606840,5641761,1542015,8794449,566269,7594916,
    8142419,3557729,613247,5606840,8090913,1316766,1542015,5632143,2588701,1912359,1996912,2588701,3557729,6969891,2937043,
    4503935,4140023,8458587,5632143,3557729,1542015,3557729,1912359,3557729,6969891,1120821,7594916,4361753,1302688,4639684,
    7594916,613247,3557729,8794449,566269,3606656,8458587,2556538,8458587,5632143,6969891,1137275,7594916,3557729,1912359,
    1996912,5641761,3557729,5632143,5991231,5632143,6969891,7594916,3557729,1912359,2588701,1614364,8794449,8794449,8159549,
    566269,4503935,4140023,8458587,7594916,8142419,2537456,6969891,1302688,1316766,2588701,5606840,1996912,6347114,7594916,
    8142419,5606840,1302688,5606840,1542015,3753688,3753688,8794449,4503935,4140023,8458587,2588701,2588701,6969891,5606840,
    2588701,5606840,1542015,1996912,7594916,6347114,1996912,1137275,1542015,2588701,1316766,1316766,2588701,2588701,1302688,
    5641761,1912359,8794449,566269,3606656,8458587,2556538,8458587,5632143,1302688,1137275,1302688,1302688,1996912,6969891,
    1316766,5641761,1542015,1120821,5991231,7594916,4361753,5606840,2588701,1542015,1302688,2588701,1120821,5991231,5632143,
    1542015,1137275,1542015,1316766,6969891,1316766,2588701,5641761,1542015,1120821,1996912,7594916,1996912,6969891,7594916,
    7594916,3557729,1614364,1614364,8794449,8794449,4503935,4140023,8458587,5632143,3557729,1137275,6969891,1542015,1912359,
    1316766,5641761,1542015,5632143,5991231,5632143,3557729,1137275,6969891,1542015,1316766,6969891,1912359,5641761,1542015,
    1614364,8794449,3279271,9085190,3576238,566269,5606840,6969891,2588701,2588701,1996912,3557729,1996912,1542015,5606840,
    6347114,1996912,7594916,1316766,2588701,5606840,1996912,1302688,1316766,3279271,4503935,4140023,8458587,5991231,5632143,
    1542015,1912359,1542015,7594916,5606840,1996912,1120821,5991231,7594916,8142419,5606840,1996912,6969891,3557729,7838613,
    5606840,3557729,4639684,4639684,1542015,6347114,7594916,4361753,3557729,5606840,2588701,6969891,1316766,6651929,3557729,
    1912359,5632143,5991231,5632143,1912359,6969891,1316766,5606840,5606840,1316766,1614364,1614364,6347114,1996912,1996912,
    3557729,3557729,7594916,1316766,1302688,5606840,1614364,1120821,5632143,1912359,1912359,1302688,3557729,3557729,1542015,
    8794449,4503935,4140023,8458587,5991231,1316766,1137275,5606840,3557729,1302688,1542015,1912359,5641761,1542015,1120821,
    5991231,5632143,1996912,5606840,2588701,5606840,3557729,7594916,1120821,7594916,8142419,5606840,1316766,1542015,1542015,
    1316766,1614364,1614364,5632143,6969891,1137275,5606840,2588701,6969891,3557729,5641761,1542015,8794449,566269,4503935,
    4140023,8458587,1302688,1542015,1996912,5606840,1996912,6969891,5632143,1302688,1137275,1542015,1996912,1996912,6969891,
    6969891,5641761,1542015,8794449,5991231,4503935,4140023,8458587,2588701,2588701,2588701,5606840,1912359,3557729,1120821,
    5632143,2588701,2588701,2588701,2588701,1542015,2588701,8794449,3279271,4503935,4140023,8458587,5632143,3557729,1137275,
    5606840,1542015,2588701,7594916,2588701,5641761,1542015,1120821,3557729,1137275,5606840,1542015,5606840,2588701,1542015,
    5641761,1542015,8794449,1614364,6651929,3576238,3279271,2556538,3576238,3279271,2434528,3279271,8202414,3576238,3279271,
    123413,3576238,3279271,4503935,4140023,8458587,5632143,1996912,1316766,2588701,1542015,1912359,1912359,1120821,1996912,
    1137275,1316766,2588701,1912359,3557729,1912359,5641761,1542015,8794449,566269,4503935,4140023,8458587,1542015,6969891,
    7594916,7594916,7594916,3557729,1120821,5632143,1542015,1137275,1316766,6969891,6969891,2588701,5606840,5641761,1542015,
    8794449,3279271,4503935,4140023,8458587,3557729,7594916,7594916,2588701,1316766,3557729,1120821,5632143,3557729,7594916,
    7594916,2588701,2588701,1996912,8794449,3279271,4503935,4140023,8458587,5632143,3557729,1302688,1912359,1302688,1316766,
    1542015,1120821,5991231,3557729,1316766,1912359,1316766,5606840,5632143,5991231,5632143,3557729,1996912,6969891,7594916,
    1996912,1316766,1614364,1614364,8794449,3279271,4503935,4140023,8458587,5606840,2588701,6969891,1912359,1316766,1996912,
    1912359,1542015,7594916,7594916,6347114,7594916,4361753,5641761,1542015,5504183,1302688,1542015,6651929,8794449,3279271,
    4503935,4140023,8458587,2588701,1316766,5606840,1912359,1316766,1120821,5632143,2588701,1316766,5606840,2588701,3557729,
    8794449,3279271,7594916,8142419,1996912,2588701,613247,5504183,2537456,2588701,1996912,1912359,6347114,1996912,6969891,
    2588701,3557729,1542015,1912359,1316766,6969891,2937043,4503935,4140023,8458587,2588701,1137275,1912359,6969891,1302688,
    6969891,5606840,7594916,1316766,1996912,3557729,5641761,6969891,6347114,7594916,4361753,4639684,5641761,7594916,1316766,
    3753688,613247,8794449,566269,4503935,4140023,8458587,7594916,4361753,1542015,1302688,1996912,1542015,8090913,9085190,
    1996912,1542015,6347114,7594916,4361753,1302688,6651929,3557729,8652168,2588701,1542015,8794449,8458587,4503935,4140023,
    8458587,1542015,1137275,1302688,1316766,6969891,2588701,1316766,1302688,1912359,1912359,5641761,1316766,6347114,1542015,
    1302688,5606840,2588701,6969891,1542015,1302688,8794449,8794449,4503935,4140023,8458587,5991231,5991231,5991231,2588701,
    1137275,1542015,6969891,7594916,1912359,2588701,2588701,1542015,5606840,5606840,5641761,6969891,6347114,1996912,1302688,
    7594916,1316766,1912359,1302688,1542015,5606840,5632143,3557729,1302688,2588701,5606840,6969891,1912359,1614364,1120821,
    5632143,1996912,1316766,1996912,3557729,1542015,1542015,1302688,1614364,5632143,5991231,5632143,6969891,1137275,2588701,
    1996912,3557729,5606840,3557729,5641761,1542015,1614364,1614364,5632143,5991231,5632143,1912359,3557729,1542015,2588701,
    5606840,6969891,1614364,8794449,566269,3606656,8458587,2556538,8458587,1542015,1137275,1316766,5606840,1302688,5641761,
    5606840,5632143,5991231,1302688,1137275,1912359,7594916,1996912,5606840,2588701,5641761,1542015,5632143,7594916,4361753,
    8090913,2588701,2588701,4361962,6969891,1614364,8794449,8794449,4503935,4140023,8458587,5632143,1316766,3557729,1542015,
    7594916,7594916,1302688,1120821,7594916,8142419,3753688,5641761,1542015,6969891,8090913,8794449,3279271,7767974,3279271,
    4503935,4140023,8458587,1996912,5606840,3557729,6969891,7594916,7594916,5606840,6969891,1316766,6347114,1996912,1137275,
    1302688,1302688,1542015,3557729,5606840,1542015,5641761,1302688,8794449,3279271,4503935,4140023,8458587,7594916,8142419,
    1912359,4639684,6651929,1996912,8090913,5632143,1542015,2588701,5606840,6969891,7594916,1542015,8794449,3279271,4503935,
    4140023,8458587,5632143,3557729,1137275,3557729,1302688,1912359,1912359,3557729,5641761,1542015,1120821,7594916,8142419,
    1302688,613247,1996912,9085190,1996912,8794449,566269,1996912,1137275,6969891,6969891,1912359,1542015,1996912,5641761,
    1542015,5632143,7594916,8142419,5606840,7594916,3753688,5606840,7838613,3279271,4503935,4140023,8458587,2588701,1137275,
    5606840,2588701,5606840,5606840,3557729,5641761,1542015,1120821,5991231,7594916,4361753,1996912,2537456,6969891,7594916,
    2588701,1120821,5632143,5606840,3557729,1996912,7594916,3557729,2588701,1614364,8794449,3279271,5991231,3557729,1137275,
    1996912,6969891,1912359,1996912,1542015,3557729,1912359,5606840,5606840,6969891,1316766,5641761,1996912,1996912,6347114,
    1996912,1137275,6969891,6969891,1316766,1302688,1542015,5606840,1996912,7594916,1302688,5641761,6969891,1614364,6347114,
    1996912,1137275,5606840,6969891,1996912,1302688,1316766,1912359,1542015,5641761,1912359,3279271,6969891,5606840,6969891,
    3557729,2588701,1996912,1120821,2588701,1137275,1316766,3557729,5606840,1996912,1996912,1996912,5641761,1302688,3279271,
    4458139,5991231,7594916,8142419,5606840,9085190,1316766,1302688,1912359,1912359,2588701,1912359,6347114,5991231,7594916,
    4361753,8090913,2588701,5606840,5606840,1302688,1302688,5632143,5991231,5632143,6969891,1316766,1996912,6969891,1316766,
    1996912,1614364,1614364,1614364,4503935,4140023,8458587,5632143,1316766,1137275,1542015,5606840,1542015,6969891,1302688,
    5641761,1542015,5632143,5991231,5632143,1316766,1137275,1542015,5606840,1912359,1996912,1912359,5641761,1542015,1614364,
    8794449,566269,3606656,8458587,2556538,8458587,1302688,1137275,7594916,3557729,6969891,6969891,1542015,5641761,1542015,
    5632143,1302688,7594916,3557729,6969891,6969891,5606840,8794449,8794449,4503935,4140023,8458587,1912359,1316766,2588701,
    1996912,1996912,3557729,1542015,3557729,1302688,6347114,3557729,2588701,6969891,1912359,5606840,5606840,2588701,8794449,
    566269,4503935,4140023,8458587,5632143,1542015,1542015,2588701,1302688,3557729,3557729,1120821,1542015,1137275,1542015,
    2588701,1912359,1302688,1542015,5641761,1542015,8794449,5991231,4503935,4140023,8458587,1912359,3557729,1996912,1302688,
    1542015,1996912,5632143,7594916,8142419,7838613,1542015,7594916,6969891,1316766,8794449,3279271,4503935,4140023,8458587,
    1302688,2588701,6969891,1302688,1316766,2588701,1120821,5991231,5991231,5991231,5632143,1996912,1316766,5606840,1542015,
    2588701,5606840,2588701,5632143,5991231,5632143,1542015,1137275,1542015,1996912,1542015,1302688,1302688,5641761,1542015,
    1614364,1614364,5632143,5991231,5632143,5606840,1302688,7594916,1316766,1302688,1614364,1614364,5632143,5991231,5632143,
    1302688,1996912,1316766,7594916,2588701,2588701,1614364,1614364,8794449,1614364,4904021,3576238,3279271,123413,4140023,
    566269,4503935,4140023,8458587,5632143,1996912,6969891,1302688,6969891,7594916,1912359,1120821,1996912,1137275,6969891,
    1302688,6969891,1912359,1996912,5641761,1542015,8794449,3279271,4503935,4140023,8458587,5632143,1996912,1137275,1316766,
    1912359,2588701,7594916,1542015,5641761,1542015,1120821,5606840,3557729,2588701,1542015,7594916,1996912,2588701,1542015,
    1996912,6347114,5606840,1137275,1316766,1316766,6969891,6969891,5606840,1996912,5641761,1302688,8794449,4503935,4140023,
    8458587,7594916,4361753,7838613,1542015,5606840,9085190,6651929,5632143,1912359,3557729,2588701,2588701,1996912,1302688,
    8794449,566269,4503935,4140023,8458587,7594916,8142419,3557729,1912359,3753688,1542015,7594916,1912359,7838613,1996912,
    6347114,5991231,5991231,7594916,4361753,1316766,5606840,1302688,9085190,1316766,5504183,9085190,1912359,6347114,1996912,
    1912359,6969891,3557729,3557729,1316766,1996912,1996912,5632143,5991231,5632143,1302688,1137275,1316766,1316766,1542015,
    1302688,3557729,5641761,1542015,1614364,1614364,5632143,5991231,5632143,2588701,7594916,6969891,1996912,1542015,1302688,
    1614364,1614364,8794449,8458587,4503935,4140023,8458587,2588701,1137275,5606840,1316766,7594916,1996912,1912359,5641761,
    1542015,1120821,5632143,2588701,1137275,5606840,1912359,1316766,6969891,1542015,5641761,1542015,8794449,8794449,2525671,
    4140023,566269,4503935,4140023,8458587,7594916,4361753,5606840,1912359,2588701,1912359,4361962,5632143,2588701,1137275,
    2588701,1542015,1316766,7594916,5606840,5641761,1542015,8794449,4503935,4140023,8458587,5991231,2588701,2588701,2588701,
    7594916,1302688,7594916,1912359,5606840,1542015,1912359,5632143,1912359,3557729,1302688,1542015,2588701,1614364,6347114,
    7594916,4361753,8652168,4361962,5641761,6969891,1912359,4639684,8794449,566269,3606656,8458587,2556538,8458587,5991231,
    2588701,1542015,6969891,1912359,1316766,7594916,1120821,2588701,7594916,1316766,1542015,6969891,1316766,1302688,7594916,
    1996912,1614364,6347114,1996912,7594916,3557729,3557729,2588701,6969891,1996912,6969891,8794449,8794449,4503935,4140023,
    8458587,5991231,5632143,6969891,6969891,1302688,7594916,2588701,1120821,5632143,1542015,3557729,3557729,2588701,1912359,
    1614364,1120821,1996912,1542015,3557729,1996912,1542015,5606840,8794449,566269,4458139,5991231,5632143,1316766,6969891,
    5606840,1912359,6969891,1302688,5632143,5991231,5632143,6969891,5606840,2588701,5606840,1996912,1996912,1614364,1614364,
    4503935,4140023,8458587,1302688,1316766,7594916,2588701,3557729,1912359,1120821,5632143,1302688,1137275,1316766,7594916,
    1996912,2588701,1542015,5641761,1542015,8794449,566269,3606656,8458587,2556538,8458587,5991231,5606840,1137275,2588701,
    1542015,1996912,5606840,1542015,1912359,5606840,6969891,2588701,5606840,1316766,5641761,1996912,1996912,6347114,1996912,
    3557729,1996912,5606840,1302688,5606840,1912359,2588701,1302688,2588701,1614364,6347114,1996912,1996912,1542015,1316766,
    7594916,5606840,1912359,6969891,8794449,8794449,4503935,4140023,8458587,5991231,5991231,1316766,1137275,3557729,1302688,
    7594916,1302688,3557729,5641761,1542015,1120821,2588701,1996912,2588701,1542015,7594916,2588701,6969891,2588701,1912359,
    1614364,5632143,7594916,8142419,6969891,4639684,7838613,3557729,3557729,1614364,6347114,1542015,1137275,5606840,1996912,
    1912359,5606840,1302688,1316766,5641761,1302688,8794449,566269,4503935,4140023,8458587,5632143,2588701,1137275,1912359,
    6969891,1316766,1996912,5641761,3557729,1120821,2588701,1137275,1316766,1996912,7594916,5606840,5641761,3557729,8794449,
    5991231,4503935,4140023,8458587,5606840,1137275,5606840,1542015,1912359,1542015,5641761,1542015,5632143,5606840,5606840,
    1542015,1302688,2588701,1302688,8794449,3279271,4503935,4140023,8458587,5991231,5632143,1912359,1137275,5606840,1912359,
    1542015,1302688,5606840,5641761,1542015,5632143,5991231,5632143,1542015,7594916,5606840,5606840,6969891,1302688,1614364,
    1614364,1120821,2588701,5606840,3557729,2588701,6969891,2588701,8794449,1614364,4503935,4140023,8458587,5632143,1996912,
    7594916,7594916,7594916,1912359,1316766,6969891,5632143,5991231,5632143,1996912,7594916,7594916,7594916,6969891,7594916,
    6969891,1614364,8794449,566269,4503935,4140023,8458587,1912359,1302688,6969891,1316766,3557729,5632143,5991231,5991231,
    5991231,5632143,1912359,7594916,1302688,1912359,1302688,5606840,1120821,5632143,6969891,1302688,5606840,1542015,2588701,
    1614364,1120821,5991231,1996912,1137275,3557729,1912359,1542015,1316766,3557729,1912359,5641761,1302688,5632143,7594916,
    4361753,5641761,6969891,5641761,3557729,1302688,1614364,1614364,1120821,5606840,1302688,2588701,1996912,1542015,5606840,
    1614364,8794449,8458587,4503935,4140023,8458587,5632143,6969891,7594916,6969891,6969891,3557729,5632143,5991231,5632143,
    6969891,1996912,1996912,1996912,1912359,1614364,8794449,8794449,4503935,4140023,8458587,1302688,1137275,1316766,1912359,
    1542015,1302688,1912359,1996912,5641761,1302688,6347114,5991231,1912359,1137275,1316766,1912359,6969891,5606840,1302688,
    1302688,5641761,1302688,5632143,7594916,4361753,4639684,1542015,1996912,2588701,5504183,1614364,8794449,566269,4458139,
    5991231,5991231,2588701,2588701,7594916,1316766,1996912,5606840,1120821,5991231,5632143,3557729,1912359,7594916,6969891,
    1302688,1120821,5991231,5632143,1542015,1137275,6969891,2588701,1912359,2588701,1316766,5641761,1542015,5632143,1996912,
    1137275,1912359,1302688,5606840,1912359,1302688,5641761,1542015,1614364,1614364,1614364,5632143,5991231,5632143,1542015,
    1137275,7594916,7594916,6969891,5606840,2588701,5641761,1542015,5632143,1996912,1137275,5606840,5606840,7594916,2588701,
    3557729,5641761,1542015,1614364,1614364,4503935,4140023,8458587,5991231,1542015,1316766,1996912,1996912,1912359,2588701,
    1120821,5632143,1912359,1316766,2588701,2588701,1912359,1542015,1614364,5632143,5991231,5632143,2588701,7594916,1996912,
    2588701,2588701,1542015,1614364,8794449,566269,3606656,8458587,2556538,8458587,7594916,4361753,1912359,3557729,5606840,
    2588701,3753688,613247,7594916,1316766,6347114,5991231,7594916,4361753,1996912,7594916,4361962,1316766,9085190,1996912,
    4361962,7838613,1302688,6347114,5991231,7594916,8142419,3557729,3557729,6969891,5504183,6969891,1542015,2537456,5606840,
    6347114,5606840,1996912,5606840,5606840,7594916,1996912,3557729,2588701,1614364,1614364,8794449,8794449,4639684,4140023,
    566269,4503935,4140023,8458587,1302688,5606840,2588701,1912359,1316766,1912359,5632143,7594916,8142419,6969891,2537456,
    1912359,1316766,1542015,8794449,4503935,4140023,8458587,5632143,1302688,1912359,1542015,1912359,6969891,3557729,5632143,
    5991231,5632143,1302688,1912359,1542015,6969891,1996912,1912359,1614364,8794449,566269,3606656,8458587,2556538,8458587,
    1542015,5606840,6969891,2588701,1316766,7594916,5632143,1542015,1137275,5606840,6969891,2588701,1912359,1316766,5641761,
    1542015,8794449,8794449,4503935,4140023,8458587,1542015,1316766,1996912,1316766,1996912,1912359,5632143,1542015,1316766,
    1996912,1316766,1996912,1996912,8794449,3279271,7838613,3576238,566269,4503935,4140023,8458587,7594916,8142419,4361962,
    1912359,2537456,4639684,4639684,2537456,5606840,6347114,2588701,1137275,5606840,1542015,1316766,1302688,1542015,1316766,
    5641761,1302688,8794449,3279271,4503935,4140023,8458587,1996912,1137275,1996912,5606840,3557729,7594916,2588701,1996912,
    3557729,1542015,6969891,5641761,6969891,6347114,1996912,1137275,3557729,6969891,2588701,1996912,5606840,5606840,3557729,
    5641761,1912359,8794449,4503935,4140023,8458587,5632143,2588701,5606840,7594916,1996912,6969891,5632143,5991231,5632143,
    2588701,5606840,1996912,3557729,5606840,1614364,8794449,566269,4503935,4140023,8458587,7594916,4361753,9085190,4361962,
    1912359,7838613,3753688,1120821,5632143,1912359,1137275,1316766,7594916,7594916,6969891,1912359,5641761,1542015,8794449,
    5991231,4503935,4140023,8458587,5632143,1302688,2588701,5606840,3557729,2588701,6969891,5632143,5991231,5632143,1302688,
    1137275,2588701,5606840,1542015,1542015,3557729,5641761,1542015,1614364,8794449,3279271,4503935,4140023,8458587,2588701,
    1137275,5606840,2588701,3557729,1996912,1542015,1912359,1996912,1996912,5641761,1316766,6347114,7594916,4361753,613247,
    7594916,6969891,3753688,1542015,1996912,8794449,1614364,4503935,4140023,8458587,5632143,6969891,1542015,1996912,3557729,
    3557729,5632143,5991231,5632143,6969891,1137275,1542015,1996912,3557729,1542015,5641761,3557729,1614364,8794449,3279271,
    2225277,4140023,3279271,3606656,3576238,566269,4503935,4140023,8458587,2588701,1137275,5606840,1302688,1912359,1996912,
    6969891,1542015,5606840,7594916,2588701,5641761,6969891,6347114,5991231,7594916,4361753,8090913,7838613,6651929,3557729,
    5606840,4361962,5632143,5991231,5632143,1542015,1302688,1302688,1912359,6969891,3557729,1614364,1614364,8794449,3279271,
    4503935,4140023,8458587,5632143,6969891,6969891,1302688,5606840,1316766,5632143,5991231,5632143,6969891,6969891,1912359,
    1996912,3557729,1614364,8794449,3279271,4503935,4140023,8458587,5606840,1137275,1542015,1912359,5606840,1316766,5606840,
    5641761,1542015,1120821,5632143,5606840,1542015,1912359,2588701,6969891,5606840,8794449,4503935,4140023,8458587,5991231,
    5632143,6969891,3557729,1912359,2588701,2588701,5606840,5632143,5991231,5632143,1996912,1912359,2588701,1912359,7594916,
    5606840,1614364,1614364,1120821,7594916,8142419,9085190,8652168,1996912,6651929,1996912,8794449,566269,4503935,4140023,
    8458587,1996912,2588701,1316766,7594916,7594916,1120821,5632143,1996912,2588701,1302688,1912359,1316766,8794449,8458587,
    4503935,4140023,8458587,5991231,5632143,5606840,1137275,1996912,6969891,1542015,6969891,1302688,5641761,1542015,1120821,
    1302688,1996912,7594916,1996912,1302688,2588701,1614364,5632143,2588701,1137275,6969891,7594916,3557729,3557729,2588701,
    5641761,1542015,8794449,8794449,7701716,3279271,4503935,4140023,8458587,5632143,1912359,1137275,1912359,3557729,3557729,
    6969891,2588701,5641761,1542015,5632143,5991231,5632143,1912359,1912359,3557729,1302688,5606840,1542015,1614364,8794449,
    3279271,3454205,3576238,3279271,8142419,3576238,566269,4503935,4140023,8458587,5632143,1316766,1316766,7594916,3557729,
    1302688,1302688,5632143,5991231,5632143,1316766,1316766,7594916,1302688,2588701,6969891,1614364,8794449,3279271,6969891,
    1316766,1996912,5606840,6969891,7594916,1120821,1542015,1316766,1912359,6969891,1912359,2588701,6969891,3279271,4503935,
    4140023,8458587,5606840,1137275,1302688,1542015,1316766,1542015,1542015,1996912,3557729,5641761,1316766,6347114,7594916,
    4361753,1996912,3753688,5606840,1996912,3753688,6969891,8794449,3279271,4503935,4140023,8458587,5632143,1316766,1137275,
    2588701,1542015,7594916,2588701,2588701,5641761,1542015,1120821,7594916,4361753,3753688,6969891,1912359,2588701,5504183,
    8794449,4503935,4140023,8458587,7594916,4361753,1302688,3753688,1316766,2537456,1542015,5632143,5991231,5632143,1996912,
    5606840,1912359,1542015,1542015,3557729,1120821,5991231,7594916,4361753,1302688,8090913,3557729,7594916,3557729,1302688,
    6969891,6651929,5632143,5991231,5632143,1542015,1137275,1542015,1912359,1316766,7594916,1542015,5641761,1542015,1614364,
    1614364,1614364,6347114,7594916,4361753,613247,8652168,2588701,5606840,5606840,7594916,8794449,566269,3606656,8458587,
    2556538,8458587,5632143,6969891,1137275,5606840,1542015,5606840,5606840,1912359,5641761,1542015,5632143,5991231,5632143,
    6969891,5606840,1542015,5606840,5606840,1316766,1614364,8794449,8794449,2434528,3576238,566269,4503935,4140023,8458587,
    5632143,1912359,5606840,3557729,1996912,7594916,1302688,5632143,5991231,5632143,6969891,2588701,1996912,7594916,1316766,
    1302688,1120821,1996912,1137275,1316766,1302688,1316766,1302688,1996912,5641761,1542015,1614364,8794449,4503935,4140023,
    8458587,5991231,2588701,1137275,1316766,1912359,3557729,1912359,5606840,6969891,1542015,7594916,1316766,3557729,5641761,
    1996912,7594916,6347114,5991231,5632143,2588701,1302688,3557729,1912359,1912359,2588701,1120821,5991231,5991231,1996912,
    1137275,1912359,3557729,1996912,1912359,1316766,5641761,1542015,1120821,7594916,4361753,1912359,1302688,9085190,1542015,
    1542015,6969891,1996912,1614364,5632143,5991231,5991231,1996912,1912359,1996912,1996912,1542015,3557729,5606840,1302688,
    1542015,1542015,1912359,6969891,2588701,1912359,6347114,1996912,1137275,1542015,1912359,7594916,2588701,2588701,3557729,
    3557729,7594916,1542015,3557729,5641761,1996912,1996912,1614364,6347114,5991231,2588701,1137275,1302688,2588701,1542015,
    6969891,7594916,1542015,1996912,1316766,1996912,6969891,1316766,5641761,1996912,1996912,6347114,7594916,4361753,1302688,
    9085190,4639684,1996912,613247,8090913,1912359,6969891,1614364,1614364,6347114,7594916,8142419,1302688,4361962,6651929,
    5606840,4361962,7594916,1614364,1614364,1614364,6347114,7594916,8142419,5606840,6651929,1912359,1302688,1996912,5641761,
    8794449,566269,3606656,8458587,2556538,8458587,7594916,8142419,5504183,1542015,7594916,5641761,1912359,5632143,1316766,
    7594916,1912359,1996912,3557729,1996912,8794449,8794449,2185202,3279271,4361962,3576238,3279271,4503935,4140023,8458587,
    5632143,1302688,1137275,1996912,1302688,5606840,6969891,1316766,5641761,1542015,5632143,5991231,5632143,1302688,1996912,
    1302688,1542015,2588701,3557729,1614364,8794449,566269,4503935,4140023,8458587,7594916,8142419,6969891,8090913,1316766,
    9085190,9085190,5632143,5991231,2588701,3557729,2588701,1912359,1316766,1542015,3557729,1912359,2588701,5606840,5632143,
    1316766,6969891,1302688,6969891,1912359,2588701,1614364,6347114,1996912,1996912,1912359,2588701,1996912,5606840,1912359,
    1302688,8794449,3279271,4503935,4140023,8458587,1316766,1302688,1316766,1542015,1912359,3557729,1302688,1542015,1912359,
    6347114,7594916,4361753,3557729,8652168,4639684,1302688,7594916,5641761,8794449,3279271,4458139,5991231,7594916,4361753,
    2588701,1996912,3557729,3557729,2588701,5632143,5991231,5991231,1542015,1316766,1542015,3557729,1996912,5606840,6969891,
    1316766,6969891,5632143,6969891,1996912,1912359,6969891,1912359,1542015,1614364,5632143,5991231,5632143,6969891,1302688,
    1996912,2588701,3557729,1316766,1614364,1614364,6347114,7594916,8142419,1912359,1316766,7838613,5606840,1912359,1912359,
    1614364,4503935,4140023,8458587,1302688,1137275,1542015,3557729,1996912,7594916,7594916,6969891,5606840,5641761,1316766,
    6347114,1316766,1137275,6969891,1302688,7594916,2588701,1316766,1542015,5641761,1302688,8794449,566269,4503935,4140023,
    8458587,5632143,3557729,1302688,1542015,1996912,1302688,1316766,1120821,7594916,8142419,1912359,1996912,6969891,1316766,
    5504183,8794449,5991231,4503935,4140023,8458587,5632143,2588701,1137275,1542015,1302688,3557729,5606840,1912359,5641761,
    1542015,5632143,5991231,5632143,2588701,1542015,1302688,1542015,1302688,5606840,1614364,8794449,3279271,4503935,4140023,
    8458587,5632143,6969891,7594916,1302688,6969891,1316766,1542015,5632143,5991231,5632143,6969891,7594916,1912359,1996912,
    1996912,2588701,1614364,8794449,1614364,4503935,4140023,8458587,3557729,1137275,1542015,2588701,7594916,1302688,5641761,
    1542015,1120821,5632143,3557729,1542015,1996912,6969891,5606840,1316766,8794449,566269,4503935,4140023,8458587,6969891,
    2588701,2588701,1302688,7594916,1120821,5991231,5632143,1912359,3557729,2588701,3557729,1302688,1996912,5632143,5991231,
    5632143,1302688,1542015,7594916,5606840,2588701,3557729,1614364,1614364,8794449,8458587,4503935,4140023,8458587,3557729,
    5606840,1912359,2588701,1302688,1912359,1120821,5632143,3557729,5606840,1912359,1996912,3557729,2588701,8794449,8794449,
    4503935,4140023,8458587,3557729,5606840,5606840,1316766,1912359,3557729,1996912,2588701,1302688,6347114,1302688,6969891,
    1316766,1996912,1996912,1542015,1302688,5632143,7594916,4361753,5641761,5606840,7594916,7838613,5504183,9085190,5606840,
    5641761,6347114,1996912,1137275,1912359,2588701,5606840,1996912,3557729,1316766,1912359,5641761,1912359,8794449,566269,
    5991231,5632143,2588701,2588701,6969891,5606840,1542015,1316766,1120821,1996912,1137275,1542015,1996912,2588701,1996912,
    1542015,1996912,1302688,1316766,5641761,6969891,1614364,6347114,7594916,4361753,1316766,1316766,8652168,6651929,9085190,
    2588701,2937043,4503935,4140023,8458587,5991231,1996912,7594916,1316766,1912359,2588701,1302688,1120821,7594916,8142419,
    3557729,3557729,8652168,613247,1614364,1120821,5632143,1996912,2588701,1302688,2588701,5606840,7594916,8794449,566269,
    3606656,8458587,2556538,8458587,7594916,4361753,1316766,4639684,3753688,6969891,6969891,5632143,5991231,1996912,2588701,
    6969891,3557729,1996912,7594916,1996912,5632143,1912359,1137275,7594916,1542015,1996912,3557729,6969891,5641761,1542015,
    1614364,8794449,8794449,4111266,3576238,566269,4503935,4140023,8458587,7594916,4361753,3557729,5606840,1542015,1316766,
    1912359,7838613,3557729,613247,6347114,7594916,4361753,1542015,1996912,9085190,1542015,1542015,5504183,8794449,4503935,
    4140023,8458587,2588701,1137275,1316766,1542015,1542015,1996912,1912359,1912359,5641761,1302688,6347114,5991231,1302688,
    1137275,1996912,7594916,1302688,1996912,3557729,3557729,1912359,5641761,1912359,6347114,5991231,5991231,5632143,1996912,
    3557729,1912359,1302688,1542015,7594916,1912359,5632143,5991231,5632143,1996912,1137275,7594916,5606840,3557729,2588701,
    1302688,6969891,5641761,1302688,1614364,1614364,1120821,1996912,1137275,7594916,1996912,3557729,5606840,5606840,7594916,
    3557729,5641761,1912359,1614364,1614364,8794449,566269,3606656,8458587,2556538,8458587,5632143,3557729,1137275,6969891,
    7594916,1542015,1542015,6969891,5641761,1542015,5632143,5991231,5632143,1542015,6969891,1912359,6969891,1302688,2588701,
    1120821,5991231,5632143,5606840,1137275,1302688,6969891,1912359,1316766,3557729,5641761,1542015,5632143,5991231,5632143,
    3557729,1912359,1912359,1996912,1316766,1542015,1614364,1614364,1614364,8794449,8794449,4503935,4140023,8458587,7594916,
    4361753,1996912,2537456,6651929,2588701,2588701,2588701,6969891,4639684,6347114,2588701,1137275,1542015,1302688,1316766,
    1302688,1996912,3557729,5641761,1302688,8794449,566269,4503935,4140023,8458587,1996912,1137275,7594916,1542015,2588701,
    6969891,5606840,5641761,1542015,5632143,1996912,1137275,7594916,1542015,1996912,1302688,1912359,5641761,1542015,8794449,
    5991231,4503935,4140023,8458587,7594916,4361753,2588701,1996912,1912359,5504183,1996912,7594916,2537456,6347114,1912359,
    1137275,7594916,2588701,2588701,2588701,1996912,5641761,1542015,8794449,3279271,4503935,4140023,8458587,6969891,3557729,
    6969891,5606840,1302688,1316766,1120821,5632143,6969891,3557729,6969891,2588701,5606840,6969891,8794449,1614364,4503935,
    4140023,8458587,5632143,1302688,1137275,5606840,5606840,5606840,1316766,5641761,3557729,5632143,5991231,5632143,1302688,
    5606840,3557729,1302688,1912359,1614364,8794449,566269,4458139,5991231,5632143,1542015,1137275,6969891,7594916,7594916,
    2588701,1542015,5641761,1542015,1120821,1302688,1137275,2588701,1316766,3557729,1316766,5641761,1542015,1614364,4503935,
    4140023,8458587,5991231,5991231,1996912,1137275,1542015,6969891,1316766,1912359,5606840,1542015,1996912,3557729,5606840,
    5641761,6969891,5632143,1996912,1137275,2588701,3557729,7594916,2588701,1316766,5641761,1542015,1614364,5632143,5991231,
    1542015,1316766,3557729,1302688,5606840,7594916,1120821,5632143,1542015,1996912,3557729,1996912,2588701,1316766,1614364,
    1614364,6347114,7594916,8142419,1302688,8652168,1302688,1996912,1542015,1912359,8794449,566269,4503935,4140023,8458587,
    5991231,1912359,1137275,1542015,7594916,1542015,1996912,6969891,5641761,1542015,1120821,3557729,1542015,1912359,2588701,
    1542015,2588701,5606840,1912359,1316766,1302688,7594916,6347114,2588701,1316766,2588701,5606840,5606840,1316766,3557729,
    3557729,1302688,1614364,6347114,1542015,1137275,1302688,1996912,3557729,1542015,1542015,1996912,5641761,1302688,8794449,
    8458587,4503935,4140023,8458587,7594916,8142419,1996912,5606840,2537456,3557729,3557729,8652168,5606840,4639684,6347114,
    5606840,1912359,3557729,3557729,1912359,1996912,2588701,8794449,8794449,6003611,4140023,566269,4503935,4140023,8458587,
    5632143,1316766,1302688,6969891,7594916,5606840,1542015,1120821,7594916,8142419,8652168,3557729,2588701,3753688,1302688,
    8794449,4503935,4140023,8458587,6969891,7594916,1316766,3557729,5606840,5606840,1120821,5632143,6969891,7594916,1316766,
    5606840,7594916,1912359,8794449,566269,3606656,8458587,2556538,8458587,1996912,1137275,3557729,1912359,3557729,1542015,
    1996912,1316766,7594916,3557729,1302688,5641761,6969891,6347114,1302688,1137275,7594916,1996912,1316766,3557729,3557729,
    1996912,5641761,1302688,8794449,8794449,8202414,4140023,3279271,2577324,3279271,7701716,3576238,566269,4503935,4140023,
    8458587,5632143,6969891,1542015,1912359,3557729,7594916,7594916,1120821,6969891,1542015,1912359,1542015,3557729,1542015,
    8794449,3279271,4503935,4140023,8458587,5991231,1996912,1542015,3557729,1542015,1912359,6969891,1120821,5991231,1912359,
    3557729,1316766,1316766,7594916,5606840,5632143,7594916,4361753,1996912,1316766,1996912,3753688,1302688,1614364,1614364,
    1120821,5632143,1316766,7594916,3557729,1542015,5606840,2588701,8794449,3279271,4503935,4140023,8458587,5632143,1996912,
    1137275,1912359,7594916,7594916,1996912,1996912,5641761,1542015,1120821,1996912,7594916,1912359,1542015,1912359,7594916,
    1996912,7594916,1302688,7594916,6347114,7594916,8142419,5504183,1996912,1996912,2588701,6651929,6969891,8794449,4503935,
    4140023,8458587,5991231,1996912,1137275,7594916,3557729,1316766,1912359,1542015,2588701,1316766,3557729,1996912,1912359,
    5641761,1996912,7594916,6347114,3557729,1542015,1316766,3557729,1302688,1316766,1912359,1302688,1614364,6347114,5991231,
    5606840,3557729,1996912,1542015,1302688,1912359,1120821,1542015,1137275,1316766,6969891,2588701,1542015,6969891,5641761,
    1542015,1614364,8794449,566269,3606656,8458587,2556538,8458587,1996912,1542015,7594916,7594916,6969891,1302688,1542015,
    1996912,2588701,6347114,1542015,1137275,7594916,7594916,5606840,2588701,1996912,1912359,5641761,1302688,8794449,8794449,
    4503935,4140023,8458587,5606840,3557729,1996912,7594916,1996912,1542015,6969891,2588701,7594916,1302688,6347114,7594916,
    4361753,6651929,8090913,2588701,6969891,7594916,8652168,5632143,7594916,4361753,1996912,1316766,7838613,1542015,1302688,
    8794449,566269,4503935,4140023,8458587,5632143,1542015,1316766,1912359,1316766,5606840,1996912,1120821,1542015,1316766,
    1912359,6969891,1542015,1316766,8794449,5991231,4503935,4140023,8458587,6969891,5606840,7594916,7594916,5606840,5606840,
    1120821,5632143,6969891,1137275,2588701,6969891,6969891,7594916,3557729,5641761,1542015,8794449,3279271,4503935,4140023,
    8458587,7594916,8142419,1912359,5606840,2588701,613247,6969891,5632143,7594916,4361753,1912359,5606840,2588701,1542015,
    1912359,8794449,1614364,4503935,4140023,8458587,1912359,1302688,1996912,1996912,2588701,1542015,6969891,1316766,1542015,
    6347114,1996912,5606840,1316766,5606840,1316766,1302688,1542015,2588701,8794449,566269,4503935,4140023,8458587,1996912,
    7594916,1302688,1996912,5632143,6969891,5606840,1542015,8794449,8458587,4503935,4140023,8458587,6969891,1137275,1912359,
    5606840,1542015,2588701,2588701,5641761,1542015,5632143,5991231,5632143,1996912,7594916,5606840,3557729,1302688,1542015,
    7594916,1120821,1912359,1302688,7594916,1316766,1996912,1912359,1912359,5606840,1302688,6347114,7594916,4361753,3557729,
    1316766,8652168,2588701,2588701,3557729,1614364,8794449,8794449,4503935,4140023,8458587,1302688,1137275,1542015,6969891,
    5606840,1996912,6969891,5641761,1542015,5632143,5991231,1996912,1137275,5606840,6969891,2588701,1302688,1302688,2588701,
    5641761,1302688,5632143,1912359,1137275,5606840,5606840,3557729,1302688,6969891,5641761,1542015,1614364,8794449,566269,
    5632143,1912359,2588701,1542015,1302688,1302688,2588701,1120821,1302688,1542015,2588701,1542015,7594916,1996912,7594916,
    2937043,4503935,4140023,8458587,2588701,6969891,6969891,6969891,5606840,7594916,5632143,7594916,8142419,3557729,6969891,
    5606840,1996912,8090913,8794449,566269,3606656,8458587,2556538,8458587,1996912,1912359,5606840,1302688,5606840,7594916,
    1996912,5606840,1316766,1996912,6347114,1912359,1316766,6969891,2588701,2588701,1912359,6969891,8794449,8794449,4503935,
    4140023,8458587,7594916,8142419,4361962,4639684,1912359,6969891,6969891,6347114,2588701,1137275,6969891,1912359,2588701,
    5641761,3557729,8794449,566269,3606656,8458587,2556538,8458587,5632143,6969891,1316766,2588701,3557729,1996912,1542015,
    1120821,6969891,1137275,1316766,2588701,3557729,1996912,1912359,5641761,1542015,8794449,8794449,4503935,4140023,8458587,
    1912359,1912359,3557729,6969891,5606840,5606840,1120821,5632143,1912359,1137275,1912359,3557729,6969891,2588701,1316766,
    5641761,1542015,8794449,3279271,5793077,566269,4503935,4140023,8458587,7594916,8142419,3557729,4361962,8090913,6651929,
    4361962,6651929,5606840,2537456,6347114,7594916,4361753,5641761,3753688,6651929,5504183,3753688,6969891,8794449,3279271,
    4503935,4140023,8458587,3557729,7594916,1912359,3557729,1316766,5606840,1120821,5632143,3557729,7594916,1912359,5606840,
    1302688,1996912,8794449,4503935,4140023,8458587,7594916,8142419,6969891,2537456,1542015,5606840,4639684,5632143,1302688,
    5606840,1996912,6969891,6969891,1912359,8794449,566269,4503935,4140023,8458587,5632143,5606840,2588701,2588701,5606840,
    3557729,1542015,5632143,5991231,5632143,5606840,2588701,2588701,3557729,1912359,3557729,1614364,8794449,5991231,4503935,
    4140023,8458587,5632143,1996912,1137275,5606840,5606840,1302688,1912359,1316766,5641761,1542015,1120821,7594916,4361753,
    2588701,7594916,2537456,7838613,1996912,8794449,3279271,4503935,4140023,8458587,5632143,1542015,1996912,5606840,3557729,
    1316766,2588701,5632143,5991231,5606840,6969891,7594916,1316766,6969891,6969891,1120821,5991231,5632143,3557729,1137275,
    6969891,1316766,5606840,6969891,5641761,1542015,1120821,5991231,5632143,1996912,1137275,2588701,2588701,7594916,7594916,
    3557729,2588701,5641761,1302688,5632143,5991231,5632143,1316766,1996912,5606840,6969891,1996912,6969891,1614364,1614364,
    1614364,1614364,8794449,1614364,4639684,3576238,3279271,4503935,4140023,8458587,5991231,1996912,1137275,7594916,6969891,
    2588701,1996912,1996912,1302688,3557729,1542015,1316766,5641761,6969891,5632143,5991231,1996912,1137275,1316766,1996912,
    1302688,1996912,5641761,1542015,5632143,7594916,8142419,1302688,7594916,1302688,4361962,1912359,1614364,1614364,6347114,
    1996912,3557729,1542015,1302688,3557729,5606840,6969891,1302688,8794449,3279271,5793077,3576238,566269,4503935,4140023,
    8458587,2588701,2588701,7594916,7594916,3557729,7594916,7594916,6969891,6969891,6347114,7594916,4361753,2588701,3557729,
    1912359,4361962,9085190,7838613,8794449,3279271,7594916,4361753,2588701,1316766,9085190,4639684,5606840,3557729,5632143,
    5991231,5632143,1316766,1137275,3557729,1542015,1302688,1302688,5641761,3557729,1614364,3279271,4503935,4140023,8458587,
    5632143,3557729,1137275,2588701,1542015,1542015,1912359,1912359,5641761,1542015,5632143,5991231,5632143,3557729,1137275,
    2588701,1542015,1302688,1912359,1316766,5641761,1542015,1614364,8794449,4503935,4140023,8458587,7594916,4361753,4361962,
    1542015,6651929,1302688,5641761,1120821,5632143,6969891,3557729,1996912,1316766,7594916,1912359,8794449,566269,4503935,
    4140023,8458587,7594916,8142419,6651929,7594916,1996912,1542015,6969891,5606840,1316766,6347114,7594916,8142419,8090913,
    7594916,7594916,5641761,1542015,8652168,8794449,8458587,4503935,4140023,8458587,5632143,1302688,2588701,6969891,1542015,
    1912359,5606840,1120821,1302688,1137275,2588701,6969891,1912359,7594916,5606840,5641761,1542015,8794449,8794449,3753688,
    3576238,566269,4503935,4140023,8458587,5632143,5606840,6969891,5606840,1996912,1316766,1316766,5632143,5991231,5632143,
    5606840,1137275,6969891,5606840,2588701,5606840,1302688,5641761,1542015,1614364,8794449,3753688,8458587,4503935,4140023,
    8458587,7594916,4361753,8090913,5606840,1996912,1996912,7594916,1542015,2588701,6347114,1912359,1137275,3557729,7594916,
    2588701,7594916,1302688,5641761,1542015,8794449,8794449,566269,4503935,4140023,8458587,5991231,5991231,5606840,1137275,
    1996912,1316766,7594916,3557729,1912359,5641761,1542015,1120821,5991231,7594916,4361753,5606840,1912359,2537456,1302688,
    6969891,1120821,2588701,1137275,1302688,1316766,1316766,1996912,1912359,5641761,1542015,1614364,1614364,1120821,7594916,
    8142419,3557729,1542015,2588701,613247,5504183,1316766,7594916,8090913,1614364,6347114,1542015,1137275,1542015,5606840,
    7594916,1302688,1316766,1996912,5641761,1302688,8794449,3753688,8458587,4503935,4140023,8458587,1996912,5606840,5606840,
    6969891,1912359,1996912,6969891,1996912,1316766,1912359,6347114,1912359,1316766,1316766,7594916,1912359,7594916,1996912,
    8794449,8794449,566269,4503935,4140023,8458587,5632143,5606840,7594916,1302688,7594916,1316766,3557729,1120821,5606840,
    7594916,1302688,1996912,1996912,1316766,8794449,4503935,4140023,8458587,7594916,4361753,5606840,1302688,5606840,6969891,
    1542015,1996912,6969891,1542015,6347114,3557729,1137275,5606840,6969891,3557729,1316766,1996912,2588701,5641761,1302688,
    8794449,3279271,4503935,4140023,8458587,5606840,1996912,1912359,1542015,1912359,1120821,5632143,5606840,1996912,1302688,
    2588701,1316766,8794449,3279271,4503935,4140023,8458587,5991231,5991231,6969891,1137275,1302688,7594916,1302688,3557729,
    1302688,5641761,1542015,5632143,5991231,1912359,2588701,5606840,2588701,6969891,7594916,1120821,5632143,2588701,1137275,
    1912359,5606840,2588701,1996912,1996912,5641761,1542015,1614364,1614364,1120821,5632143,1996912,1137275,1996912,1316766,
    1316766,1542015,3557729,5641761,1302688,1614364,1120821,1302688,1912359,1316766,1996912,2588701,1542015,8794449,566269,
    1996912,1137275,2588701,6969891,2588701,1996912,1302688,5641761,1542015,1120821,5632143,1996912,2588701,6969891,2588701,
    7594916,2588701,3279271,7594916,8142419,1996912,2537456,9085190,3557729,5606840,1316766,3557729,3557729,6347114,2588701,
    1137275,7594916,1996912,1912359,1302688,1542015,2588701,1996912,5641761,1912359,3279271,7594916,8142419,3557729,5504183,
    2588701,4639684,1996912,5606840,5632143,1542015,1912359,1302688,1316766,1996912,2937043,3753688,8458587,4503935,4140023,
    8458587,1996912,1137275,5606840,3557729,1542015,1996912,3557729,5641761,1542015,5632143,1996912,5606840,3557729,3557729,
    6969891,1302688,8794449,8794449,566269,4503935,4140023,8458587,1316766,1316766,2588701,1316766,2588701,1120821,5991231,
    5632143,2588701,6969891,1996912,5606840,1996912,1316766,1120821,2588701,1137275,7594916,5606840,7594916,1912359,1542015,
    5641761,1542015,1614364,8794449,4503935,4140023,8458587,1996912,1137275,1542015,3557729,1316766,2588701,5606840,6969891,
    3557729,1996912,2588701,5641761,6969891,6347114,5991231,1316766,1137275,7594916,5606840,3557729,1316766,3557729,1912359,
    7594916,1542015,5641761,1316766,6347114,6969891,1542015,1912359,2588701,1912359,1996912,1542015,1614364,8794449,3279271,
    4503935,4140023,8458587,3557729,1137275,3557729,1912359,3557729,2588701,1542015,3557729,1542015,1542015,5641761,1316766,
    6347114,7594916,8142419,2588701,1302688,3753688,2537456,1302688,8652168,8794449,566269,7594916,8142419,1996912,5606840,
    3753688,2588701,1302688,2588701,5632143,5991231,5632143,6969891,1316766,5606840,3557729,1912359,2588701,1614364,3279271,
    1912359,1542015,7594916,1996912,1912359,1302688,1542015,5632143,6969891,1137275,1996912,6969891,1302688,1542015,3557729,
    5641761,1542015,2937043,3753688,8458587,4503935,4140023,8458587,7594916,8142419,8090913,1302688,5606840,7838613,613247,
    5632143,1302688,1137275,1316766,7594916,1316766,1912359,3557729,5641761,1542015,8794449,8794449,566269,4503935,4140023,
    8458587,5991231,2588701,1137275,1542015,1542015,2588701,6969891,5606840,3557729,5606840,1996912,3557729,3557729,5641761,
    1996912,7594916,6347114,7594916,8142419,5606840,4639684,1302688,6969891,1542015,1996912,2588701,6969891,1614364,6347114,
    7594916,8142419,4639684,1316766,5641761,4361962,1316766,8652168,8794449,4503935,4140023,8458587,2588701,5606840,1316766,
    1302688,2588701,1316766,5632143,7594916,4361753,5606840,8090913,5606840,1542015,2588701,8794449,3279271,4503935,4140023,
    8458587,5991231,5632143,5606840,1912359,1542015,1912359,1542015,2588701,5632143,5991231,1996912,7594916,1316766,3557729,
    3557729,1316766,2588701,3557729,5606840,1542015,6347114,1542015,1137275,2588701,1302688,1996912,2588701,7594916,1302688,
    5641761,1302688,5632143,5991231,5632143,1316766,7594916,5606840,3557729,1996912,1912359,1614364,1614364,6347114,1996912,
    7594916,5606840,1302688,1316766,7594916,2588701,1614364,5632143,5991231,5632143,1316766,1996912,1302688,3557729,1996912,
    7594916,1614364,8794449,566269,5632143,2588701,1137275,1912359,1912359,1542015,3557729,1316766,5641761,1542015,1120821,
    7594916,8142419,3557729,5606840,3753688,5606840,5641761,3279271,5632143,1302688,1542015,1912359,5606840,5606840,3557729,
    1120821,2588701,1316766,6969891,2588701,5606840,1996912,1912359,2937043,3753688,8458587,4503935,4140023,8458587,1316766,
    1542015,6969891,1316766,1912359,1302688,2588701,1996912,1996912,6347114,7594916,4361753,3557729,1996912,3557729,1302688,
    5641761,1912359,8794449,8794449,566269,4503935,4140023,8458587,7594916,4361753,613247,2588701,1542015,1912359,1316766,
    1302688,6969891,5606840,6347114,7594916,8142419,4361962,3753688,2588701,3753688,1302688,1996912,8794449,5260148,3576238,
    566269,4503935,4140023,8458587,1316766,1137275,5606840,1542015,2588701,1542015,3557729,5641761,1542015,5632143,1316766,
    1137275,5606840,1542015,1996912,1912359,1912359,5641761,1542015,8794449,3753688,8458587,4503935,4140023,8458587,5991231,
    5991231,5632143,1302688,1996912,6969891,6969891,5606840,1912359,5632143,1912359,1302688,1542015,3557729,3557729,1316766,
    1614364,5632143,5991231,5991231,5991231,5632143,1996912,1137275,1912359,7594916,1302688,1302688,1302688,5641761,1542015,
    5632143,5991231,5632143,1542015,5606840,1302688,1302688,6969891,3557729,1120821,5991231,5632143,1996912,1137275,1302688,
    3557729,5606840,3557729,2588701,5641761,1542015,1120821,5632143,2588701,7594916,1316766,1912359,1912359,3557729,1614364,
    1614364,1614364,1120821,5632143,1996912,1137275,1302688,5606840,2588701,1542015,7594916,1542015,5641761,1302688,1614364,
    1120821,1542015,2588701,2588701,5606840,6969891,1302688,1614364,1614364,1120821,1996912,7594916,1996912,3557729,3557729,
    3557729,1996912,8794449,8794449,566269,4503935,4140023,8458587,7594916,8142419,3557729,2588701,8090913,2588701,2537456,
    7594916,5641761,1996912,6347114,1302688,1137275,1542015,5606840,1912359,1912359,3557729,3557729,5641761,1302688,8794449,
    3753688,8458587,4503935,4140023,8458587,7594916,4361753,1316766,1912359,7594916,1912359,1542015,1542015,9085190,2588701,
    6347114,6969891,1137275,1542015,6969891,6969891,1996912,1912359,5606840,5641761,1302688,8794449,8794449,566269,4503935,
    4140023,8458587,5632143,1316766,1137275,5606840,6969891,7594916,7594916,5606840,5641761,1542015,1120821,7594916,8142419,
    3753688,5504183,613247,6969891,5606840,8794449,3753688,8458587,4503935,4140023,8458587,2588701,1137275,2588701,2588701,
    6969891,1912359,6969891,5641761,1542015,1120821,5991231,1996912,1302688,5606840,5606840,6969891,3557729,1120821,5632143,
    5606840,1316766,1302688,5606840,1542015,7594916,1614364,8794449,8794449,566269,4503935,4140023,8458587,5632143,5606840,
    5606840,1302688,2588701,1542015,1912359,5632143,5991231,5632143,5606840,1137275,5606840,1302688,5606840,2588701,3557729,
    5641761,1542015,1614364,8794449,1427788,4140023,3279271,4014937,3576238,3279271,4503935,4140023,8458587,5991231,5632143,
    5606840,1542015,1316766,2588701,1996912,1912359,1120821,1996912,2588701,2588701,7594916,5606840,1316766,7594916,1614364,
    5632143,1316766,1137275,1302688,2588701,1996912,3557729,5606840,5641761,1542015,8794449,3279271,7767974,3576238,3279271,
    9062081,3576238,3279271,4503935,4140023,8458587,5632143,3557729,1137275,2588701,2588701,1316766,6969891,5641761,1542015,
    1120821,7594916,8142419,1302688,1912359,5606840,4639684,8652168,8794449,566269,4503935,4140023,8458587,1996912,3557729,
    1316766,1996912,1542015,1302688,1316766,7594916,1302688,3557729,6347114,1542015,1137275,1316766,1912359,6969891,2588701,
    5606840,1316766,5641761,1302688,8794449,3279271,4503935,4140023,8458587,1996912,1137275,7594916,2588701,3557729,6969891,
    1316766,6969891,5641761,1302688,5632143,1996912,1137275,7594916,2588701,3557729,1316766,1912359,1542015,5641761,1302688,
    8794449,3279271,1996912,1316766,5606840,3557729,1996912,7594916,1120821,7594916,8142419,1912359,4639684,2588701,1912359,
    613247,1542015,3279271,4503935,4140023,8458587,7594916,8142419,9085190,7594916,1316766,2588701,1302688,5632143,1912359,
    2588701,2588701,1316766,1542015,1542015,8794449,3279271,4503935,4140023,8458587,5632143,1316766,1316766,6969891,1542015,
    1912359,7594916,1120821,1316766,1137275,1316766,6969891,1302688,6969891,5606840,5641761,1542015,8794449,3279271,1996912,
    1137275,7594916,1542015,1302688,1912359,1996912,5641761,1542015,1120821,7594916,8142419,3557729,1912359,1912359,8090913,
    2588701,613247,2937043,3753688,8458587,4503935,4140023,8458587,2588701,1996912,1302688,3557729,2588701,1996912,5632143,
    2588701,1137275,1996912,1302688,5606840,6969891,1912359,5641761,1542015,8794449,8794449,566269,4503935,4140023,8458587,
    3557729,1542015,1302688,2588701,1996912,1996912,5632143,7594916,8142419,1302688,6651929,1542015,5504183,5606840,8794449,
    4503935,4140023,8458587,5632143,1302688,1302688,5606840,6969891,1542015,1912359,5632143,5991231,5632143,1302688,1137275,
    1302688,3557729,7594916,1316766,1542015,5641761,1542015,1614364,8794449,3279271,4503935,4140023,8458587,5632143,3557729,
    1542015,2588701,1912359,5606840,1912359,1120821,3557729,1137275,1542015,2588701,1912359,1302688,5641761,1542015,8794449,
    3279271,4503935,4140023,8458587,5991231,2588701,1316766,7594916,1996912,1302688,5606840,5632143,5991231,1996912,1137275,
    1542015,1996912,5606840,1542015,5641761,3557729,5632143,5991231,5632143,1996912,1996912,1302688,3557729,1302688,1542015,
    1614364,1614364,1614364,5632143,1996912,3557729,1316766,1542015,3557729,1996912,8794449,3279271,7117100,3576238,3279271,
    4503935,4140023,8458587,5632143,2588701,1302688,1912359,1912359,1302688,1302688,1120821,2588701,1137275,1302688,1912359,
    1912359,1316766,1912359,5641761,1542015,8794449,3279271,4503935,4140023,8458587,5632143,1996912,1137275,1996912,7594916,
    1302688,6969891,1542015,5641761,1542015,1120821,1996912,1996912,7594916,1912359,1996912,5606840,8794449,3279271,4503935,
    4140023,8458587,1912359,1912359,6969891,2588701,1542015,1542015,7594916,6969891,2588701,6347114,1542015,1137275,1316766,
    6969891,6969891,1316766,2588701,3557729,5641761,1302688,1120821,5991231,6969891,1137275,6969891,6969891,6969891,6969891,
    3557729,5641761,1542015,1120821,5632143,1996912,3557729,1912359,1316766,1996912,5606840,1996912,1614364,8794449,3279271,
    4503935,4140023,8458587,2588701,1542015,6969891,1316766,7594916,3557729,1120821,5632143,2588701,1542015,6969891,1912359,
    1542015,1912359,8794449,3279271,4503935,4140023,8458587,5632143,1316766,1137275,1996912,5606840,1912359,1302688,1316766,
    5641761,1542015,1120821,7594916,8142419,5504183,1302688,7838613,1912359,4361962,8794449,566269,7594916,4361753,4361962,
    1996912,2537456,5606840,1120821,7594916,4361753,1302688,5606840,1316766,8652168,9085190,3753688,3279271,5606840,1137275,
    1316766,1302688,1996912,1996912,7594916,1302688,5641761,1302688,5632143,5991231,5991231,1302688,6969891,3557729,1542015,
    7594916,6969891,1120821,5991231,5632143,1996912,3557729,1996912,1316766,1302688,2588701,3557729,5632143,5991231,7594916,
    4361753,1996912,7838613,7594916,1316766,3557729,5632143,5991231,1316766,1137275,1996912,1302688,1542015,1912359,3557729,
    5641761,1542015,1120821,5632143,5606840,7594916,1316766,1316766,7594916,1912359,1614364,1614364,1614364,1614364,5632143,
    5991231,5632143,1302688,1542015,3557729,3557729,7594916,3557729,1614364,1614364,3279271,3557729,1302688,5606840,5606840,
    2588701,1542015,7594916,5632143,5991231,5632143,1316766,1137275,1302688,2588701,1302688,1316766,2588701,5641761,1542015,
    1614364,3279271,4503935,4140023,8458587,3557729,3557729,3557729,1912359,1912359,3557729,1120821,5632143,3557729,3557729,
    3557729,1302688,1912359,7594916,8794449,3279271,5606840,1137275,5606840,7594916,6969891,2588701,1912359,1542015,1996912,
    1542015,5606840,5641761,6969891,6347114,7594916,4361753,4639684,6969891,613247,5641761,613247,9085190,3279271,1302688,
    1542015,1996912,1996912,1996912,1542015,1302688,5632143,5991231,5632143,1912359,7594916,6969891,1542015,1542015,1614364,
    3279271,5991231,1996912,1542015,5606840,1302688,1542015,2588701,3557729,2588701,1542015,1996912,3557729,6347114,6969891,
    6969891,1316766,1302688,1302688,1316766,6969891,6969891,1614364,6347114,5991231,1996912,1137275,6969891,5606840,5606840,
    1316766,2588701,1996912,1316766,5641761,1912359,5632143,5991231,1996912,1137275,7594916,1996912,7594916,1912359,1302688,
    3557729,5641761,1302688,1120821,5632143,1996912,1137275,1912359,1302688,1996912,1996912,6969891,1912359,5641761,1302688,
    1614364,1614364,3279271,7594916,8142419,3557729,2537456,1316766,613247,5606840,2588701,8090913,1912359,6347114,5991231,
    7594916,8142419,2588701,3557729,5641761,1996912,6969891,1120821,6969891,1137275,1996912,3557729,1996912,1542015,7594916,
    1302688,5641761,1302688,1614364,3279271,1302688,1996912,6969891,3557729,2588701,5606840,1120821,5991231,7594916,4361753,
    4639684,8090913,6969891,5504183,1996912,1120821,1996912,7594916,1996912,5606840,1542015,1996912,1912359,1614364,3753688,
    8458587,4503935,4140023,8458587,6969891,1137275,1542015,7594916,2588701,1542015,3557729,5641761,1542015,1120821,5991231,
    5632143,1316766,1302688,1912359,3557729,1302688,2588701,5632143,1316766,1137275,2588701,1912359,1302688,1912359,5641761,
    3557729,1614364,8794449,8794449,566269,4503935,4140023,8458587,5991231,5991231,5632143,1996912,7594916,2588701,1302688,
    5606840,1542015,2588701,1120821,7594916,4361753,4639684,2588701,3753688,2588701,1302688,1614364,5632143,1316766,1137275,
    1996912,6969891,1996912,2588701,6969891,5641761,1542015,1614364,1120821,3557729,1137275,1302688,3557729,1912359,5606840,
    3557729,5606840,1316766,5641761,1912359,6347114,1996912,1137275,1542015,2588701,7594916,1912359,3557729,7594916,2588701,
    5641761,1912359,8794449,3753688,8458587,4503935,4140023,8458587,1996912,7594916,5606840,1996912,1542015,1542015,5632143,
    1996912,1137275,7594916,5606840,1996912,2588701,6969891,5641761,1542015,8794449,8794449,566269,4503935,4140023,8458587,
    5991231,1912359,1912359,1912359,1912359,2588701,2588701,7594916,5606840,1996912,2588701,1302688,6347114,5991231,5991231,
    1996912,7594916,1996912,5606840,1316766,3557729,3557729,1120821,1996912,1542015,2588701,5606840,3557729,1542015,1542015,
    5606840,1996912,1302688,1614364,5632143,5991231,5632143,1542015,5606840,2588701,5606840,1996912,7594916,1614364,1614364,
    1614364,6347114,1302688,1137275,1912359,1302688,1542015,7594916,2588701,5641761,1302688,8794449,4503935,4140023,8458587,
    5991231,5632143,5606840,6969891,1912359,1996912,1542015,1302688,1120821,7594916,4361753,1302688,1996912,6651929,3557729,
    7838613,1614364,5632143,5606840,1137275,6969891,2588701,1912359,5641761,5606840,8794449,3279271,4503935,4140023,8458587,
    1302688,1996912,6969891,1996912,1316766,5606840,1120821,5632143,1302688,1996912,6969891,1996912,1542015,6969891,8794449,
    3279271,4503935,4140023,8458587,5991231,5991231,5632143,6969891,1542015,1542015,1302688,5606840,6969891,5632143,5991231,
    5991231,1996912,2588701,1542015,7594916,7594916,1996912,3557729,5632143,6969891,1137275,6969891,7594916,3557729,2588701,
    6969891,5641761,1542015,1614364,1120821,5632143,1996912,1996912,1996912,2588701,7594916,1302688,7594916,1614364,1614364,
    5632143,5991231,5632143,1542015,6969891,1996912,1316766,1316766,1542015,1614364,1614364,1120821,5632143,3557729,1137275,
    1316766,1316766,1302688,2588701,1316766,5641761,1542015,8794449,3279271,4503935,4140023,8458587,5632143,1316766,3557729,
    1316766,6969891,1996912,1912359,1120821,7594916,8142419,5504183,6651929,3557729,2588701,6651929,8794449,3279271,4503935,
    4140023,8458587,7594916,8142419,5606840,9085190,3753688,7594916,1996912,8090913,1996912,1996912,6347114,1996912,2588701,
    7594916,1912359,1912359,1302688,1542015,5606840,8794449,3279271,2556538,4140023,3279271,4503935,4140023,8458587,5632143,
    5606840,2588701,7594916,7594916,1302688,3557729,5632143,5991231,5632143,5606840,2588701,7594916,7594916,1316766,6969891,
    1614364,8794449,3279271,4503935,4140023,8458587,7594916,4361753,3557729,5504183,1302688,1316766,1302688,2588701,2537456,
    5606840,6347114,1996912,1137275,3557729,1542015,1302688,1912359,1996912,1542015,5641761,1912359,8794449,3279271,4140023,
    3576238,3279271,4503935,4140023,8458587,1542015,1137275,1996912,1542015,5606840,5606840,1316766,5641761,1542015,5632143,
    7594916,4361753,1912359,613247,3753688,7838613,8090913,8794449,3279271,4503935,4140023,8458587,7594916,8142419,3753688,
    3557729,1912359,1316766,5606840,5632143,1316766,7594916,3557729,1912359,7594916,7594916,8794449,566269,1316766,1137275,
    1996912,7594916,1912359,1316766,5606840,5641761,1542015,1120821,5991231,7594916,4361753,1302688,5606840,7594916,2588701,
    3557729,5632143,5991231,5632143,3557729,1137275,5606840,1316766,1316766,2588701,1542015,5641761,1542015,5632143,5991231,
    5632143,6969891,1316766,1302688,6969891,1912359,1302688,1614364,1614364,1614364,3279271,1996912,1996912,5606840,5606840,
    1316766,1542015,3557729,5606840,1996912,1316766,6347114,5991231,3557729,1996912,1996912,1302688,2588701,1912359,7594916,
    3557729,1542015,1302688,6347114,2588701,1137275,1542015,3557729,6969891,1542015,2588701,1996912,1912359,5641761,1912359,
    1614364,3279271,5991231,5632143,1912359,1137275,3557729,1316766,5606840,1996912,6969891,5641761,1542015,1120821,7594916,
    8142419,1996912,2537456,1912359,1912359,5606840,6651929,1614364,1120821,1996912,1137275,1542015,6969891,5606840,6969891,
    1302688,1996912,5641761,1302688,3279271,2588701,1137275,3557729,7594916,6969891,7594916,1912359,1912359,1542015,2588701,
    1996912,5641761,6969891,6347114,6969891,3557729,1996912,7594916,3557729,1542015,6969891,3279271,1302688,1137275,1542015,
    3557729,6969891,1316766,1996912,5641761,1542015,1120821,1302688,1137275,2588701,7594916,1302688,1996912,5606840,1316766,
    5641761,1302688,3279271,4503935,4140023,8458587,3557729,3557729,6969891,1316766,5606840,1912359,1120821,5632143,3557729,
    3557729,6969891,1912359,1996912,1912359,8794449,3279271,5991231,5991231,2588701,1996912,7594916,6969891,3557729,1120821,
    5632143,6969891,6969891,1912359,1542015,3557729,2588701,1614364,1120821,1996912,1137275,1912359,5606840,1302688,3557729,
    6969891,2588701,5641761,1302688,1614364,1120821,5991231,5991231,5632143,1996912,1137275,3557729,2588701,1996912,3557729,
    5606840,5606840,5641761,1302688,5632143,5991231,5632143,1996912,5606840,1542015,1302688,5606840,2588701,1614364,1614364,
    5632143,5991231,5632143,1542015,2588701,1542015,1912359,1912359,1542015,1614364,1614364,3279271,1302688,1302688,1912359,
    1316766,3557729,3557729,1120821,5632143,1302688,1302688,1912359,1316766,2588701,1542015,3279271,4503935,4140023,8458587,
    5632143,2588701,5606840,1996912,2588701,5606840,7594916,1120821,7594916,4361753,5606840,1316766,1912359,6651929,3557729,
    8794449,3279271,5632143,2588701,5606840,1316766,6969891,1996912,1912359,1120821,7594916,4361753,1302688,3753688,1542015,
    1302688,1316766,3557729,3279271,3557729,1542015,7594916,5606840,1542015,5606840,7594916,1912359,2588701,6347114,1996912,
    5606840,1302688,3557729,1542015,5606840,5606840,6969891,5632143,1542015,1302688,1316766,1302688,6969891,2937043,4503935,
    4140023,8458587,5632143,1912359,1137275,2588701,1542015,1912359,2588701,5606840,5641761,1542015,5632143,5991231,5632143,
    1912359,2588701,1542015,1912359,5606840,6969891,1614364,8794449,566269,3318536,8458587,2537456,8794449,566269,6003611,
    4140023,3279271,8458587,2525671,3576238,8794449,566269,4503935,4140023,8458587,1996912,1137275,1542015,1996912,1316766,
    7594916,7594916,2588701,3557729,1302688,5606840,5641761,6969891,6347114,7594916,4361753,6969891,3557729,1912359,2537456,
    4361962,1996912,8794449,3279271,8458587,3322816,8794449,566269,8652168,4140023,3279271,8458587,123413,4140023,8794449,
    566269,4503935,4140023,8458587,5632143,6969891,1316766,1316766,3557729,3557729,1912359,5632143,5991231,5632143,6969891,
    1316766,1316766,3557729,1542015,5606840,1614364,8794449,3279271,8458587,2537456,3576238,8794449,566269,3606656,4140023,
    3279271,8458587,4904021,8794449,566269,7117100,7384885,8458587,8142419,8794449,566269,4361753,3576238,3279271,8458587,
    4361753,8794449,566269,4458139,3576238,3279271,8458587,5504183,8794449,566269,123413,3576238,3279271,8458587,4014937,
    4140023,8794449,566269,2225277,4140023,7384885,8458587,7701716,3576238,8794449,566269,4014937,3576238,3279271,8458587,
    5260148,3576238,8794449,566269,6651929,3576238,7384885,8458587,4639684,4140023,8794449,566269,5504183,3576238,3279271,
    8458587,5641761,3576238,8794449,566269,4140023,7384885,8458587,8780476,3576238,8794449,566269,2556538,3576238,3279271,
    8458587,4503935,4140023,8458587,5606840,1137275,1302688,1912359,7594916,3557729,3557729,2588701,1912359,1912359,1912359,
    5641761,6969891,6347114,5991231,5606840,1996912,1316766,3557729,5606840,1316766,5606840,7594916,1912359,2588701,6347114,
    1996912,1316766,6969891,1912359,7594916,3557729,1912359,6969891,1614364,8794449,8794449,566269,1786149,4140023,3279271,
    8458587,3576238,3576238,8794449,566269,6904463,3576238,7384885,8458587,7767974,8794449,566269,8090913,3576238,7384885,
    8458587,3606656,3576238,8794449,566269,2434528,7384885,8458587,3753688,3576238,8794449,566269,4621789,3576238,3279271,
    8458587,1954959,3576238,8794449,566269,5260148,7384885,8458587,6904463,4140023,8794449,566269,8652168,3576238,3279271,
    8458587,2225277,3576238,8794449,566269,7117100,3576238,7384885,8458587,6318408,3576238,8794449,566269,4621789,7384885,
    8458587,613247,3576238,8794449,566269,4639684,3576238,7384885,8458587,5793077,8794449,566269,4904021,3576238,3279271,
    8458587,3949987,3576238,8794449,566269,2577324,7384885,8458587,1427788,3576238,8794449,566269,8202414,3576238,7384885,
    8458587,2185202,3576238,8794449,566269,4503935,4140023,8458587,1542015,1137275,7594916,3557729,1316766,1996912,5606840,
    5641761,1542015,1120821,5632143,1542015,7594916,3557729,1316766,7594916,1316766,8794449,3279271,8458587,8090913,8794449,
    566269,4503935,4140023,8458587,7594916,8142419,2588701,5504183,4361962,613247,3753688,1316766,6969891,7594916,6347114,
    1302688,3557729,6969891,1316766,1996912,1996912,1996912,8794449,3279271,8458587,8142419,3576238,8794449,566269,2434528,
    3576238,3279271,8458587,3322816,3576238,8794449,566269,7767974,3576238,3279271,8458587,4361962,8794449,566269,1624432,
    7384885,8458587,2173957,3576238,8794449,566269,5793077,3576238,7384885,8458587,1427788,4140023,8794449,566269,3454205,
    3576238,7384885,8458587,4111266,3576238,8794449,566269,2185202,3279271,8458587,2556538,4140023,8794449,566269,2525671,
    4140023,749336,4904021,3576238,3279271,4361753,3279271,4503935,4140023,8458587,5632143,6969891,6969891,1542015,7594916,
    1316766,7594916,1120821,6969891,6969891,1542015,7594916,1316766,5606840,8794449,3279271,6318408,3576238,3279271,4503935,
    4140023,8458587,5632143,1316766,2588701,3557729,3557729,1302688,5606840,1120821,7594916,4361753,5504183,6969891,3557729,
    6969891,5606840,8794449,3279271,4621789,3279271,2556538,3576238,3279271,5260148,3576238,3279271,5260148,566269,4503935,
    4140023,8458587,3557729,3557729,1542015,1542015,5606840,3557729,7594916,1302688,2588701,6347114,1996912,1137275,7594916,
    1316766,1302688,1302688,1302688,1316766,3557729,5641761,1912359,8794449,3279271,4503935,4140023,8458587,5991231,5991231,
    7594916,8142419,5504183,1912359,5641761,3557729,4639684,1120821,5632143,1996912,1996912,1316766,1542015,5606840,6969891,
    7594916,1614364,1120821,5632143,1302688,1137275,1996912,1302688,3557729,1996912,1542015,5641761,1542015,1614364,1120821,
    7594916,4361753,4639684,7594916,7594916,1996912,3557729,8794449,3279271,4503935,4140023,8458587,1996912,3557729,3557729,
    1302688,6969891,1302688,5632143,7594916,8142419,2588701,5606840,3557729,4361962,1316766,8794449,3279271,4503935,4140023,
    8458587,2588701,1137275,1302688,7594916,1302688,3557729,6969891,1542015,3557729,1302688,5641761,6969891,6347114,1996912,
    1137275,2588701,1316766,5606840,6969891,1316766,1912359,6969891,5641761,1912359,8794449,3279271,4503935,4140023,8458587,
    5991231,5606840,1137275,1912359,1912359,5606840,6969891,5641761,1542015,5632143,5991231,5632143,1912359,2588701,3557729,
    3557729,7594916,1120821,5991231,7594916,8142419,3557729,2588701,8652168,2537456,1912359,1120821,1302688,3557729,6969891,
    1316766,5606840,3557729,1614364,1614364,1614364,5632143,5991231,5632143,3557729,1137275,1912359,5606840,6969891,2588701,
    1316766,5641761,1542015,1614364,8794449,3279271,4503935,4140023,8458587,5991231,7594916,8142419,5606840,1316766,4639684,
    1996912,7594916,3753688,7838613,5641761,5641761,1996912,6347114,5991231,2588701,2588701,6969891,5606840,6969891,7594916,
    1996912,1316766,3557729,3557729,3557729,6347114,7594916,4361753,5606840,7838613,1912359,2537456,1996912,1316766,6969891,
    6969891,1614364,1614364,6347114,7594916,4361753,5606840,4361962,2537456,1302688,4361962,7838613,1120821,5991231,5991231,
    5991231,5991231,5632143,1996912,7594916,5606840,1302688,1912359,1542015,7594916,1120821,5632143,2588701,2588701,1912359,
    3557729,3557729,1912359,1614364,5632143,2588701,1137275,7594916,1542015,1912359,3557729,5641761,1542015,1614364,5632143,
    6969891,7594916,1996912,2588701,7594916,1614364,5632143,5991231,5632143,1316766,5606840,1912359,7594916,1542015,1996912,
    1614364,1614364,8794449,3279271,4503935,4140023,8458587,1996912,3557729,5606840,1302688,5606840,1996912,1912359,1912359,
    1302688,1542015,6347114,1316766,1137275,5606840,6969891,6969891,1542015,1996912,1316766,5641761,1302688,8794449,3279271,
    4503935,4140023,8458587,3557729,1137275,1302688,5606840,5606840,1302688,6969891,6969891,1912359,6969891,5641761,1316766,
    6347114,5991231,1302688,1542015,6969891,7594916,2588701,3557729,5606840,5632143,1912359,1137275,6969891,1316766,1996912,
    2588701,5641761,1542015,1614364,8794449,3279271,4503935,4140023,8458587,5632143,3557729,1137275,1302688,7594916,6969891,
    7594916,3557729,5641761,1542015,1120821,7594916,8142419,1912359,7594916,1316766,6651929,8652168,8794449,3753688,8458587,
    4503935,4140023,8458587,5632143,2588701,1996912,1316766,7594916,2588701,7594916,1120821,7594916,4361753,5606840,1542015,
    5606840,9085190,1542015,8794449,8794449,566269,4503935,4140023,8458587,1316766,1137275,1542015,3557729,5606840,5641761,
    5606840,1120821,5632143,1316766,1137275,1542015,2588701,2588701,5641761,5606840,8794449,4503935,4140023,8458587,1542015,
    1542015,1912359,1316766,6969891,6969891,1120821,5632143,1542015,1542015,1912359,1316766,1316766,2588701,8794449,566269,
    3606656,8458587,2556538,8458587,5991231,5632143,3557729,6969891,3557729,1996912,3557729,7594916,1120821,5991231,5991231,
    7594916,8142419,1996912,1996912,5504183,1542015,5504183,1912359,8652168,2588701,7838613,1302688,6347114,7594916,4361753,
    1996912,2588701,1542015,1316766,6969891,1996912,1316766,6969891,5632143,5991231,5632143,5606840,3557729,1912359,3557729,
    1316766,1912359,1614364,1614364,5632143,5991231,1996912,5606840,6969891,1316766,7594916,6969891,1120821,5991231,5991231,
    5991231,7594916,8142419,4361962,9085190,1912359,3753688,1996912,5632143,1996912,7594916,7594916,1316766,6969891,5606840,
    1614364,1120821,5991231,1912359,1137275,5606840,1542015,5641761,2588701,5632143,5991231,1316766,1137275,1302688,2588701,
    1302688,1912359,5641761,1542015,1120821,5632143,1996912,7594916,3557729,1542015,5606840,1316766,3557729,1614364,1614364,
    1614364,1120821,5991231,5632143,3557729,6969891,1912359,1996912,5606840,1316766,5632143,7594916,8142419,9085190,4639684,
    1542015,7838613,3557729,1614364,1614364,1614364,1614364,1614364,6347114,2588701,1302688,7594916,2588701,1316766,1316766,
    7594916,1120821,5632143,2588701,1302688,5606840,3557729,7594916,1542015,8794449,8794449,4503935,4140023,8458587,7594916,
    4361753,5606840,5606840,3557729,1316766,7838613,7594916,4361962,8652168,6347114,3557729,1137275,1912359,2588701,1912359,
    3557729,1316766,2588701,5641761,1302688,8794449,3279271,2173957,3576238,3279271,2225277,3576238,3279271,1786149,566269,
    7594916,8142419,1302688,1912359,2537456,4361962,2588701,5606840,1912359,8090913,6347114,7594916,4361753,7838613,6651929,
    1302688,4361962,1542015,5606840,3279271,4503935,4140023,8458587,5632143,1542015,1137275,5606840,1302688,1302688,5606840,
    1996912,5641761,1542015,1120821,7594916,4361753,6969891,1542015,5606840,5504183,2588701,2588701,1912359,6347114,7594916,
    8142419,9085190,1912359,7594916,7838613,2588701,5641761,8794449,3279271,4503935,4140023,8458587,5991231,5991231,5991231,
    5632143,1996912,1996912,6969891,3557729,1302688,5606840,1996912,5632143,5991231,5632143,1912359,1542015,1912359,1912359,
    6969891,2588701,1614364,1614364,1120821,7594916,4361753,1996912,1912359,1542015,8652168,1542015,5606840,1614364,5632143,
    3557729,1137275,3557729,1996912,1996912,1996912,6969891,5641761,1542015,1614364,1120821,5632143,1302688,1542015,5606840,
    2588701,3557729,2588701,8794449,3279271,4503935,4140023,8458587,5991231,5632143,1996912,2588701,1996912,3557729,1542015,
    3557729,1120821,5632143,3557729,1137275,6969891,3557729,1302688,5606840,3557729,5641761,1542015,1614364,5632143,5991231,
    5632143,1302688,1996912,1302688,1996912,7594916,3557729,1614364,8794449,4503935,4140023,8458587,7594916,4361753,1542015,
    7838613,1542015,6969891,3753688,5632143,5606840,1912359,3557729,1996912,1542015,1996912,8794449,566269,4503935,4140023,
    8458587,1996912,1137275,3557729,1316766,1912359,2588701,5606840,1912359,1316766,6969891,1912359,5641761,6969891,6347114,
    7594916,8142419,9085190,8652168,1996912,5504183,7838613,1996912,8794449,5991231,1614364,4639684,4140023,3279271,5504183,
    3576238,3279271,7767974,3576238,3279271,8090913,3576238,3279271,4503935,4140023,8458587,5606840,1542015,6969891,1316766,
    1316766,1302688,1542015,6969891,1912359,6347114,5991231,1316766,1137275,1996912,7594916,3557729,1302688,5641761,1302688,
    5632143,1996912,2588701,6969891,7594916,1996912,5606840,1614364,1120821,5632143,6969891,1137275,1316766,1542015,1996912,
    3557729,1316766,5641761,1542015,8794449,3279271,3606656,4140023,3279271,2237146,3279271,2537456,3576238,3279271,5641761,
    3576238,3279271,3753688,3576238,3279271,1427788,4140023,3279271,7117100,3576238,3279271,123413,4140023,3279271,4503935,
    4140023,8458587,5991231,5632143,5606840,7594916,7594916,7594916,2588701,7594916,1120821,5632143,1912359,5606840,1302688,
    1996912,2588701,1542015,1614364,5632143,5991231,5632143,1542015,7594916,1912359,5606840,1302688,1302688,1120821,5632143,
    1542015,2588701,1316766,1316766,5606840,1542015,1614364,8794449,3279271,5793077,3279271,3454205,3576238,3279271,3322816,
    3576238,3279271,4503935,4140023,8458587,5991231,5991231,2588701,1137275,7594916,1302688,5641761,1542015,5632143,5991231,
    5632143,5606840,1912359,5606840,1912359,2588701,1614364,1614364,1120821,7594916,8142419,3753688,7594916,613247,7838613,
    3557729,1614364,1120821,5991231,5991231,7594916,8142419,3557729,1302688,1316766,1316766,1996912,5632143,7594916,4361753,
    613247,1316766,3557729,3557729,5606840,1614364,5632143,3557729,5606840,1302688,5606840,5606840,5606840,1614364,8794449,
    3279271,6904463,4140023,3279271,4503935,4140023,8458587,5991231,5632143,6969891,3557729,1542015,1996912,2588701,1542015,
    5632143,5991231,5632143,1302688,1302688,6969891,1316766,1302688,1912359,1614364,1614364,1120821,7594916,8142419,7838613,
    1542015,7594916,2537456,1316766,7838613,5641761,6347114,5991231,2588701,3557729,2588701,3557729,1302688,1542015,6969891,
    5632143,5991231,5632143,2588701,1137275,1316766,5606840,5606840,3557729,2588701,5641761,1542015,1614364,1614364,8794449,
    3279271,2434528,3576238,3279271,2525671,4140023,3279271,6904463,3576238,3279271,8780476,3576238,3279271,8090913,3279271,
    8202414,3576238,3279271,4503935,4140023,8458587,5991231,7594916,4361753,1302688,5641761,3753688,5504183,4361962,1996912,
    2588701,7594916,6347114,1912359,1302688,1912359,1316766,2588701,5606840,6969891,1120821,5606840,1912359,1316766,1302688,
    2588701,1912359,1316766,1542015,7594916,1614364,6347114,1912359,7594916,2588701,1302688,1996912,6969891,6969891,8794449,
    3279271,4503935,4140023,8458587,5632143,1542015,3557729,3557729,1316766,2588701,1542015,5632143,5991231,5632143,1542015,
    3557729,3557729,1316766,3557729,2588701,1614364,8794449,566269,4503935,4140023,8458587,1316766,1316766,6969891,1542015,
    1542015,1912359,2588701,3557729,3557729,6347114,5991231,2588701,1137275,7594916,1302688,3557729,1912359,1912359,5641761,
    1542015,1120821,1996912,1137275,7594916,6969891,1996912,2588701,6969891,1316766,1316766,5641761,1912359,1614364,8794449,
    3279271,4503935,4140023,8458587,5991231,3557729,1137275,1996912,1316766,6969891,1542015,6969891,5641761,1542015,1120821,
    1996912,1137275,3557729,3557729,6969891,1302688,1316766,1316766,1996912,7594916,1912359,5641761,6969891,1614364,6347114,
    7594916,4361753,8652168,1302688,8652168,2588701,4639684,3557729,8794449,3279271,4503935,4140023,8458587,1542015,6969891,
    5606840,1542015,1302688,7594916,1120821,5632143,1542015,1137275,6969891,5606840,5606840,6969891,1302688,5641761,1542015,
    8794449,3279271,4503935,4140023,8458587,1542015,1137275,1542015,1316766,3557729,1316766,5641761,3557729,5632143,1542015,
    1137275,1542015,1912359,1996912,1316766,5641761,3557729,8794449,3279271,5991231,7594916,4361753,2588701,1542015,1316766,
    613247,1912359,8652168,1316766,5504183,5504183,6347114,1912359,1137275,6969891,3557729,3557729,7594916,2588701,1302688,
    5606840,5641761,1912359,1614364,6347114,1996912,1137275,2588701,7594916,5606840,3557729,2588701,1912359,5641761,1302688,
    3279271,4503935,4140023,8458587,5632143,1912359,1316766,1542015,1316766,2588701,5632143,5991231,5632143,1912359,1316766,
    1912359,5606840,1912359,1614364,8794449,3279271,4503935,4140023,8458587,5632143,3557729,1316766,1912359,3557729,7594916,
    1302688,5632143,5991231,5632143,3557729,1137275,1316766,1912359,1542015,5606840,1912359,5641761,1542015,1614364,8794449,
    3279271,4503935,4140023,8458587,7594916,4361753,2588701,9085190,1316766,5641761,1316766,7594916,6651929,9085190,6347114,
    5991231,1996912,1137275,1302688,6969891,1542015,7594916,1542015,5606840,2588701,5641761,1912359,5632143,5606840,3557729,
    2588701,5606840,1302688,1912359,1614364,8794449,3279271,4503935,4140023,8458587,5991231,5632143,3557729,2588701,1302688,
    3557729,1912359,2588701,1120821,5991231,5632143,1542015,2588701,1996912,5606840,1302688,5606840,1120821,5606840,1137275,
    5606840,1316766,5606840,2588701,3557729,2588701,1302688,1912359,5641761,1316766,1614364,1614364,6347114,2588701,1302688,
    1996912,1542015,5606840,2588701,7594916,8794449,3279271,4503935,4140023,8458587,3557729,1996912,3557729,1996912,6969891,
    1912359,7594916,1302688,1996912,6347114,5606840,2588701,1302688,1996912,5606840,6969891,5606840,8794449,3279271,4503935,
    4140023,8458587,5632143,1302688,1316766,1302688,1302688,1542015,1542015,5632143,5991231,5632143,1996912,1137275,2588701,
    1316766,5606840,1316766,1996912,1302688,5641761,1302688,5632143,5991231,5632143,1542015,1137275,6969891,1912359,7594916,
    1996912,1316766,5641761,1542015,1614364,1614364,8794449,3279271,4503935,4140023,8458587,3557729,1137275,5606840,3557729,
    7594916,1542015,5606840,5641761,1542015,1120821,5632143,3557729,5606840,5606840,6969891,1996912,1912359,8794449,3279271,
    4503935,4140023,8458587,5632143,3557729,1912359,1302688,6969891,3557729,7594916,1120821,7594916,8142419,1912359,3557729,
    1912359,1316766,3753688,8794449,3279271,1542015,1137275,1996912,5606840,3557729,3557729,3557729,1996912,1316766,6969891,
    1316766,5641761,6969891,6347114,5991231,1996912,1137275,1316766,1912359,5606840,2588701,1316766,1316766,2588701,1542015,
    2588701,5641761,6969891,6347114,7594916,8142419,2588701,3557729,7594916,8090913,5606840,2537456,1912359,1614364,3279271,
    4503935,4140023,8458587,5632143,1316766,3557729,1302688,1302688,1302688,1120821,1316766,3557729,1316766,2588701,3557729,
    8794449,3279271,4503935,4140023,8458587,7594916,8142419,2537456,6969891,4361962,9085190,1302688,2588701,6651929,6347114,
    7594916,4361753,1542015,3557729,4639684,1542015,7838613,7594916,8794449,3279271,4503935,4140023,8458587,7594916,8142419,
    1542015,1912359,1302688,3557729,613247,5632143,5606840,1137275,1542015,1912359,1316766,1996912,6969891,5641761,1542015,
    8794449,3279271,2588701,1137275,1912359,7594916,1316766,7594916,1542015,1996912,3557729,5641761,1316766,6347114,7594916,
    8142419,6651929,3753688,9085190,8090913,8090913,5641761,3279271,4503935,4140023,8458587,5632143,1302688,2588701,2588701,
    5606840,1302688,1542015,1120821,1302688,2588701,2588701,1542015,3557729,1302688,8794449,3279271,2588701,1302688,2588701,
    6969891,1996912,3557729,7594916,7594916,1316766,1302688,6347114,5991231,7594916,8142419,1996912,1542015,2588701,7594916,
    5504183,1996912,7838613,8652168,4639684,6347114,2588701,2588701,3557729,1996912,6969891,6969891,2588701,3557729,1614364,
    3279271,4503935,4140023,8458587,5991231,7594916,4361753,1996912,2588701,5504183,9085190,1996912,3557729,1996912,1302688,
    1912359,1996912,6347114,5991231,7594916,4361753,1542015,7594916,1302688,3557729,4361962,1120821,3557729,1316766,7594916,
    1996912,1912359,1996912,1912359,1302688,2588701,1614364,5632143,7594916,8142419,1542015,6651929,1996912,7838613,1302688,
    1614364,6347114,1996912,3557729,1912359,1542015,2588701,1912359,1912359,1912359,5632143,7594916,8142419,1542015,3557729,
    5641761,1542015,1302688,8794449,3279271,4503935,4140023,8458587,5991231,2588701,1137275,5606840,1316766,5606840,1542015,
    1302688,5641761,1542015,5632143,5991231,5632143,5606840,5606840,1912359,5606840,1912359,1302688,1614364,1614364,1120821,
    5632143,1542015,1912359,1542015,1542015,1912359,6969891,8794449,3279271,4503935,4140023,8458587,5632143,1996912,1542015,
    5606840,1996912,1316766,1996912,5632143,5991231,5632143,1996912,1542015,5606840,5606840,3557729,1912359,1614364,8794449,
    3279271,4503935,4140023,8458587,5991231,5632143,3557729,6969891,6969891,2588701,7594916,1996912,1120821,5606840,1316766,
    1316766,3557729,3557729,1912359,3557729,1614364,6347114,7594916,8142419,6969891,7838613,6969891,1996912,8794449,3279271,
    4503935,4140023,8458587,5991231,3557729,2588701,1912359,6969891,1996912,6969891,1316766,2588701,6969891,5632143,5991231,
    5632143,5606840,1996912,1912359,6969891,5606840,3557729,1614364,1614364,6347114,7594916,8142419,8090913,1912359,1316766,
    5504183,1302688,5606840,8794449,3279271,4503935,4140023,8458587,6969891,1137275,1316766,1996912,7594916,3557729,5641761,
    3557729,1120821,5632143,6969891,1137275,1912359,6969891,3557729,1316766,5641761,3557729,8794449,3279271,4503935,4140023,
    8458587,5632143,1996912,1137275,1912359,5606840,1542015,1912359,5641761,1542015,1120821,1996912,1137275,1912359,5606840,
    1912359,1542015,5641761,1542015,8794449,3279271,2588701,1302688,1996912,2588701,2588701,1542015,5632143,2588701,1137275,
    1302688,1996912,2588701,7594916,1542015,5641761,1542015,2937043,4111266,3576238,3279271,4621789,3576238,3279271,3576238,
    3576238,3279271,4904021,3279271,1624432,3279271,6003611,4140023,3279271,7701716,3576238,3279271,6318408,3279271,4503935,
    4140023,8458587,2588701,1137275,1912359,6969891,1996912,1316766,1542015,5641761,1542015,5632143,3557729,1137275,3557729,
    1302688,1912359,1912359,1996912,7594916,3557729,1912359,5641761,1316766,6347114,7594916,8142419,2537456,4361962,7838613,
    7594916,5504183,2588701,8794449,3279271,4503935,4140023,8458587,5632143,1542015,3557729,5606840,6969891,3557729,1912359,
    5632143,5991231,1996912,1137275,7594916,1996912,1542015,5606840,1912359,3557729,5641761,1302688,1120821,5991231,5632143,
    1912359,5606840,1912359,7594916,2588701,3557729,5632143,1316766,2588701,2588701,5606840,7594916,2588701,1614364,1614364,
    8794449,3279271,2525671,3576238,3279271,4503935,4140023,8458587,5991231,6969891,1137275,3557729,6969891,5606840,1316766,
    1542015,5641761,1542015,5632143,7594916,8142419,7838613,1542015,3753688,613247,6969891,1614364,5632143,2588701,1137275,
    7594916,3557729,1302688,1542015,5606840,5641761,1542015,8794449,3279271,7767974,3279271,2185202,3279271,4140023,3279271,
    123413,3576238,566269,4503935,4140023,8458587,1996912,1137275,1542015,1996912,1302688,1912359,5606840,5641761,1542015,
    1120821,5632143,1996912,1542015,1996912,1302688,2588701,3557729,8794449,3279271,4503935,4140023,8458587,1316766,3557729,
    3557729,6969891,1542015,1542015,1120821,5632143,1316766,3557729,3557729,1316766,1996912,3557729,8794449,3279271,4503935,
    4140023,8458587,5632143,2588701,1137275,1542015,1912359,1996912,1912359,1912359,5641761,1542015,5632143,5991231,5632143,
    2588701,1542015,1912359,5606840,1912359,7594916,1614364,8794449,3279271,4503935,4140023,8458587,5991231,5606840,1912359,
    6969891,2588701,6969891,7594916,5606840,1316766,6969891,1542015,1912359,6347114,5991231,7594916,4361753,1996912,7594916,
    6969891,8652168,7838613,5606840,2588701,3753688,5632143,5991231,5632143,1996912,1302688,5606840,1302688,6969891,5606840,
    1614364,1614364,5632143,1996912,5606840,2588701,7594916,1302688,1996912,1614364,6347114,3557729,1137275,5606840,5606840,
    7594916,7594916,1302688,2588701,5641761,1302688,8794449,3279271,4503935,4140023,8458587,1302688,1137275,1302688,2588701,
    7594916,1542015,1316766,2588701,1302688,1912359,5641761,1316766,6347114,5991231,5991231,2588701,1137275,6969891,1912359,
    1302688,7594916,1912359,1302688,1302688,2588701,7594916,5606840,5641761,1996912,7594916,6347114,1996912,1137275,1996912,
    6969891,7594916,3557729,6969891,3557729,1302688,1542015,1316766,5641761,6969891,1614364,6347114,7594916,8142419,2537456,
    8652168,6969891,1302688,3753688,1996912,1614364,8794449,3279271,4503935,4140023,8458587,1996912,1137275,3557729,6969891,
    1542015,1542015,1302688,5641761,1542015,1120821,5991231,5632143,1996912,1137275,7594916,5606840,1302688,7594916,1542015,
    1542015,5641761,1302688,1120821,1316766,1316766,1302688,1542015,2588701,7594916,1614364,8794449,3279271,4503935,4140023,
    8458587,7594916,4361753,3753688,5606840,1316766,1996912,3557729,1120821,5632143,1316766,1137275,7594916,7594916,1302688,
    3557729,1996912,5641761,1542015,8794449,3279271,4503935,4140023,8458587,6969891,5606840,1302688,1996912,2588701,1302688,
    5632143,6969891,5606840,1542015,6969891,6969891,2588701,8794449,3279271,1542015,1912359,6969891,2588701,1912359,1542015,
    6969891,5632143,5991231,5632143,1912359,1316766,6969891,5606840,1542015,2588701,1614364,3279271,4503935,4140023,8458587,
    5632143,1912359,7594916,7594916,1912359,1542015,1912359,1120821,1912359,7594916,7594916,6969891,5606840,5606840,8794449,
    3279271,4503935,4140023,8458587,5991231,7594916,4361753,1542015,3557729,2588701,1912359,1996912,1120821,5606840,2588701,
    1542015,7594916,6969891,1542015,1614364,5632143,7594916,8142419,8090913,5606840,1912359,6969891,5504183,8794449,3279271,
    7594916,8142419,1912359,7594916,4639684,1542015,1912359,4361962,5641761,1316766,6347114,7594916,8142419,6969891,3557729,
    5641761,1996912,3557729,7838613,3279271,4503935,4140023,8458587,1996912,6969891,5606840,1542015,3557729,1302688,7594916,
    5606840,1912359,6347114,5606840,1137275,1912359,6969891,1542015,7594916,1996912,1912359,5641761,1302688,8794449,3279271,
    4503935,4140023,8458587,5991231,5991231,5632143,1302688,2588701,1542015,1542015,5606840,5606840,5632143,5991231,5991231,
    5632143,1302688,1996912,1996912,5606840,7594916,1302688,5632143,5991231,5632143,6969891,1137275,1912359,1996912,2588701,
    1302688,5641761,1542015,1614364,1614364,1120821,5632143,1996912,1996912,3557729,1302688,1316766,1542015,1542015,1614364,
    1614364,1120821,5632143,1316766,1137275,3557729,1996912,1316766,2588701,1316766,5641761,1542015,1614364,5632143,5991231,
    5632143,6969891,1302688,2588701,1316766,1302688,3557729,5632143,5991231,7594916,8142419,3753688,4639684,7594916,5504183,
    4361962,1120821,5632143,1996912,1996912,5606840,7594916,2588701,1316766,1316766,1614364,1614364,8794449,3279271,4503935,
    4140023,8458587,2588701,2588701,1316766,6969891,1912359,3557729,1542015,6969891,6347114,2588701,1137275,2588701,1316766,
    6969891,1912359,2588701,1316766,5641761,1302688,8794449,3279271,4503935,4140023,8458587,6969891,1302688,7594916,1542015,
    5606840,1302688,1120821,5632143,6969891,1137275,1302688,7594916,1542015,1996912,2588701,5641761,1542015,8794449,7838613,
    3279271,8142419,3576238,3279271,1427788,3576238,3279271,7117100,3279271,1954959,3576238,3279271,4361962,3279271,2577324,
    3279271,1786149,4140023,566269,4503935,4140023,8458587,7594916,8142419,3753688,3557729,6969891,3557729,7838613,1302688,
    8090913,1542015,6347114,1996912,1137275,3557729,1912359,1316766,6969891,1542015,6969891,1316766,5641761,1912359,8794449,
    3279271,4503935,4140023,8458587,5632143,2588701,1302688,1542015,3557729,5606840,5606840,5632143,5991231,5632143,2588701,
    1302688,1542015,1302688,1996912,1302688,1614364,8794449,3279271,4503935,4140023,8458587,2588701,6969891,5606840,6969891,
    1316766,1996912,7594916,6969891,1316766,6347114,1996912,1137275,7594916,1316766,1316766,1316766,1996912,1316766,2588701,
    5641761,1912359,8794449,3279271,4503935,4140023,8458587,5632143,6969891,1996912,3557729,5606840,3557729,1542015,5632143,
    5991231,5632143,6969891,1996912,3557729,3557729,1316766,2588701,1614364,8794449,3279271,4503935,4140023,8458587,5991231,
    5632143,3557729,1302688,7594916,6969891,1912359,7594916,1120821,5632143,3557729,5606840,7594916,1316766,7594916,7594916,
    1614364,5632143,5991231,5632143,1316766,6969891,1996912,6969891,5606840,1996912,1614364,8794449,3279271,4503935,4140023,
    8458587,5632143,2588701,5606840,6969891,1302688,7594916,1996912,1120821,7594916,4361753,5606840,2537456,1316766,1912359,
    1316766,8794449,3279271,4503935,4140023,8458587,1996912,1137275,6969891,1302688,6969891,6969891,6969891,5641761,1542015,
    5632143,7594916,8142419,5606840,7594916,1996912,7594916,5606840,8794449,3279271,4503935,4140023,8458587,5991231,5991231,
    7594916,8142419,5606840,7838613,1542015,1542015,2588701,1120821,5632143,3557729,7594916,1996912,6969891,1302688,1316766,
    1614364,1120821,5632143,1542015,1912359,1542015,5606840,2588701,2588701,1614364,1120821,1912359,1137275,5606840,3557729,
    3557729,7594916,1316766,5641761,1542015,8794449,3753688,8458587,4503935,4140023,8458587,3557729,1137275,3557729,5606840,
    1542015,6969891,1912359,5641761,1542015,5632143,3557729,3557729,5606840,1542015,1316766,7594916,8794449,8794449,566269,
    4503935,4140023,8458587,5632143,1912359,2588701,1542015,1996912,6969891,1316766,1120821,2588701,7594916,1302688,1912359,
    1996912,3557729,2588701,2588701,6969891,1542015,6347114,5991231,5991231,5991231,5632143,6969891,1302688,7594916,1912359,
    3557729,1120821,5606840,1137275,1542015,1542015,1996912,5606840,1996912,5641761,1542015,1614364,1120821,1996912,1996912,
    1302688,1302688,3557729,1912359,7594916,1542015,1614364,5632143,5991231,3557729,1137275,1912359,1542015,3557729,2588701,
    1996912,5641761,1542015,1120821,5991231,5632143,1996912,1996912,1302688,1302688,1912359,1912359,1912359,5632143,2588701,
    1137275,1996912,6969891,1912359,1912359,5641761,1542015,1614364,1614364,1614364,8794449,2537456,3279271,4503935,4140023,
    8458587,5991231,2588701,1137275,1542015,1912359,2588701,1316766,2588701,5641761,1542015,1120821,1996912,1316766,1316766,
    6969891,2588701,2588701,1316766,1996912,1912359,1614364,6347114,3557729,1542015,7594916,3557729,2588701,1316766,1542015,
    8794449,3279271,2556538,4140023,3279271,8652168,3576238,566269,4503935,4140023,8458587,7594916,8142419,3753688,1996912,
    8652168,1316766,1120821,5632143,3557729,6969891,1542015,1302688,1316766,8794449,3279271,1996912,1137275,1542015,2588701,
    1542015,1302688,2588701,1302688,7594916,1316766,1316766,5641761,6969891,6347114,1996912,5606840,1996912,1996912,6969891,
    5606840,3557729,1996912,3279271,4503935,4140023,8458587,5991231,2588701,1996912,7594916,5606840,1302688,6969891,5606840,
    1316766,1912359,1542015,1316766,6347114,2588701,1316766,1316766,5606840,1996912,5606840,2588701,3557729,1302688,1614364,
    6347114,1996912,1137275,2588701,1302688,1542015,5606840,1316766,1302688,5641761,1912359,8794449,3279271,4503935,4140023,
    8458587,7594916,8142419,5504183,8090913,1996912,9085190,6969891,3557729,1996912,6347114,2588701,1137275,2588701,1542015,
    3557729,1542015,2588701,5606840,5641761,1302688,8794449,8652168,4140023,3279271,4503935,4140023,8458587,5991231,5606840,
    1137275,1912359,6969891,1542015,5606840,1316766,5641761,1542015,5632143,5991231,1542015,6969891,1912359,1912359,7594916,
    2588701,1120821,5606840,1137275,6969891,1302688,6969891,1996912,5641761,1542015,1614364,1614364,5632143,5991231,5991231,
    1316766,1137275,6969891,6969891,1316766,1316766,5641761,3557729,5632143,2588701,2588701,3557729,1542015,1912359,1996912,
    1614364,1120821,5632143,3557729,1137275,1316766,7594916,1542015,2588701,3557729,5641761,1542015,1614364,8794449,566269,
    4503935,4140023,8458587,7594916,8142419,5504183,9085190,6969891,2588701,8652168,5632143,1316766,5606840,5606840,1912359,
    7594916,1316766,8794449,3279271,5991231,1996912,6969891,3557729,7594916,3557729,3557729,1316766,5632143,1542015,6969891,
    1542015,1542015,6969891,2588701,1614364,6347114,5606840,3557729,3557729,1316766,5606840,2937043,3753688,8458587,4503935,
    4140023,8458587,7594916,8142419,1912359,1996912,5504183,1996912,1542015,613247,7838613,1912359,6347114,7594916,8142419,
    9085190,613247,1996912,6969891,1316766,9085190,8794449,8794449,566269,4503935,4140023,8458587,7594916,4361753,1996912,
    6969891,2588701,7594916,5606840,3557729,1316766,1302688,6347114,1302688,1137275,3557729,1316766,1542015,2588701,3557729,
    3557729,5641761,1302688,8794449,3753688,8458587,4503935,4140023,8458587,5991231,5991231,5632143,1912359,5606840,1302688,
    6969891,1316766,2588701,5632143,5991231,5632143,5606840,1137275,1302688,3557729,1912359,1316766,5641761,3557729,1614364,
    1614364,1120821,5632143,2588701,1542015,1316766,1912359,7594916,5606840,1614364,5632143,5991231,5632143,6969891,1137275,
    1542015,6969891,2588701,5606840,5606840,5641761,1542015,1614364,8794449,8794449,566269,4503935,4140023,8458587,5991231,
    1996912,1137275,7594916,1912359,1542015,1302688,3557729,5641761,1542015,1120821,5632143,6969891,7594916,7594916,3557729,
    2588701,2588701,1614364,5632143,5991231,5632143,1912359,6969891,2588701,6969891,6969891,1316766,1614364,8794449,3753688,
    8458587,4503935,4140023,8458587,5632143,1316766,1137275,6969891,1996912,1996912,5606840,3557729,5641761,1542015,1120821,
    1316766,1137275,6969891,1996912,1996912,1302688,1912359,5641761,1542015,8794449,8794449,566269,4503935,4140023,8458587,
    7594916,8142419,1316766,2588701,3557729,5606840,1542015,1120821,5632143,1542015,1137275,5606840,5606840,3557729,5641761,
    1542015,8794449,3753688,8458587,4503935,4140023,8458587,5632143,3557729,1137275,5606840,1912359,2588701,6969891,6969891,
    5641761,1542015,1120821,3557729,5606840,1912359,5606840,5606840,5606840,8794449,8794449,566269,4503935,4140023,8458587,
    5991231,5632143,6969891,2588701,1912359,2588701,1912359,1996912,1120821,5606840,2588701,1912359,1542015,5606840,6969891,
    1614364,5632143,5991231,5632143,1996912,1137275,1542015,1302688,1316766,1542015,1316766,3557729,5641761,1302688,5632143,
    5991231,5632143,1996912,1912359,2588701,1912359,3557729,2588701,5632143,1912359,6969891,1542015,6969891,3557729,1542015,
    1614364,1614364,8794449,6651929,3576238,3279271,4503935,4140023,8458587,5991231,1912359,1137275,1912359,1912359,2588701,
    1542015,7594916,3557729,1316766,1542015,5641761,1316766,6347114,5606840,5606840,6969891,1996912,2588701,7594916,5606840,
    1996912,1614364,6347114,7594916,8142419,8090913,1996912,6651929,5641761,1912359,8794449,566269,4503935,4140023,8458587,
    5632143,5606840,5606840,2588701,7594916,1542015,5632143,5991231,5632143,5606840,5606840,5606840,1316766,5606840,1614364,
    8794449,3279271,6969891,1137275,1542015,1542015,1912359,1542015,2588701,5641761,1542015,1120821,2588701,1137275,1542015,
    1912359,1316766,7594916,2588701,2588701,5641761,1302688,2937043,3753688,8458587,4503935,4140023,8458587,5991231,5632143,
    6969891,1137275,7594916,1912359,2588701,2588701,1912359,5641761,1542015,5632143,5991231,5632143,5606840,1542015,1302688,
    5606840,1316766,1316766,1614364,1614364,5632143,5991231,5632143,1542015,1542015,7594916,1316766,1912359,1316766,1614364,
    8794449,8794449,566269,4503935,4140023,8458587,2588701,1302688,1316766,1542015,1542015,5632143,7594916,8142419,1302688,
    1316766,3557729,7594916,8794449,4503935,4140023,8458587,7594916,4361753,1542015,1996912,6969891,2588701,9085190,7594916,
    1912359,6969891,6347114,6969891,1542015,1912359,7594916,3557729,7594916,3557729,8794449,3279271,3949987,3576238,566269,
    5991231,5991231,5632143,1542015,1542015,1996912,2588701,6969891,6969891,5632143,5991231,5632143,3557729,3557729,1302688,
    1996912,5606840,1614364,1614364,1120821,1542015,1316766,5606840,1542015,5606840,1996912,3557729,1614364,5632143,5606840,
    1137275,6969891,5606840,1542015,2588701,2588701,5641761,1542015,3279271,4503935,4140023,8458587,7594916,4361753,6651929,
    7594916,1542015,6969891,1996912,1120821,5991231,5632143,1996912,1542015,6969891,1912359,5606840,5606840,6969891,5632143,
    5991231,5632143,1542015,1996912,1316766,1912359,1996912,1316766,5632143,7594916,8142419,1996912,1302688,6651929,5641761,
    5641761,1614364,1614364,8794449,4503935,4140023,8458587,5632143,1996912,7594916,7594916,7594916,1542015,1996912,1302688,
    1120821,1996912,7594916,7594916,7594916,1542015,5606840,5606840,8794449,566269,3606656,8458587,2556538,8458587,7594916,
    4361753,3557729,1542015,6651929,5641761,1316766,5632143,2588701,1137275,1316766,1302688,1302688,6969891,2588701,5641761,
    1542015,8794449,8794449,4014937,3576238,3279271,4503935,4140023,8458587,5991231,5991231,6969891,2588701,1542015,1316766,
    1542015,1120821,7594916,8142419,2537456,9085190,9085190,5504183,7594916,1302688,1996912,9085190,1614364,5632143,5991231,
    5632143,3557729,1302688,3557729,1302688,7594916,1996912,1120821,1996912,5606840,2588701,1542015,6969891,3557729,1614364,
    1614364,6347114,1996912,1996912,1302688,1302688,1302688,1302688,7594916,2588701,8794449,3279271,4503935,4140023,8458587,
    6969891,1302688,3557729,7594916,5606840,1302688,1120821,5632143,6969891,1137275,1302688,3557729,7594916,1996912,1996912,
    5641761,1542015,8794449,3279271,2225277,4140023,3279271,4503935,4140023,8458587,5991231,5991231,7594916,4361753,3557729,
    1542015,8090913,1120821,1996912,7594916,1542015,1542015,1996912,2588701,1316766,1912359,7594916,1614364,5632143,1316766,
    2588701,7594916,1996912,1996912,1302688,1614364,6347114,6969891,1542015,1996912,1912359,1302688,2588701,2588701,8794449,
    3279271,4503935,4140023,8458587,5991231,3557729,1137275,1542015,3557729,7594916,1996912,2588701,5641761,1542015,1120821,
    5632143,1996912,1137275,7594916,1542015,1912359,7594916,6969891,2588701,5641761,1302688,1614364,5632143,5991231,5991231,
    5991231,5991231,2588701,1137275,5606840,6969891,1316766,7594916,6969891,1996912,5641761,1302688,5632143,5991231,1996912,
    1137275,2588701,1912359,3557729,1542015,5606840,3557729,5641761,1302688,5632143,5991231,5632143,3557729,5606840,1912359,
    3557729,7594916,2588701,1120821,7594916,8142419,1912359,4361962,1912359,1302688,3557729,1316766,1912359,8652168,1614364,
    6347114,1996912,2588701,1302688,2588701,2588701,6969891,1316766,1912359,1614364,1614364,5632143,1316766,5606840,1542015,
    7594916,1912359,1316766,1614364,5632143,3557729,1137275,1996912,1316766,3557729,1912359,1316766,5641761,1542015,1614364,
    1120821,5632143,1996912,1137275,7594916,1542015,3557729,6969891,1996912,1912359,5641761,1302688,1614364,8794449,566269,
    4503935,4140023,8458587,7594916,8142419,5606840,8652168,7594916,5504183,7594916,2588701,6651929,6347114,7594916,4361753,
    1316766,9085190,1316766,6969891,1996912,2588701,8794449,3279271,5991231,5632143,5606840,1137275,1542015,1542015,3557729,
    1996912,2588701,5641761,1542015,1120821,1996912,1996912,1996912,1542015,2588701,1316766,1912359,1614364,1120821,5991231,
    5632143,1912359,1137275,5606840,7594916,1302688,1316766,1316766,5641761,1542015,1120821,1912359,1542015,1542015,1912359,
    1316766,1316766,1996912,1614364,3279271,1786149,3279271,4503935,4140023,8458587,1302688,1302688,1912359,1912359,5606840,
    1542015,1120821,5632143,1302688,1137275,1302688,1912359,1542015,1302688,2588701,5641761,1542015,8794449,3279271,2588701,
    7594916,1912359,1912359,6969891,1912359,3557729,7594916,7594916,1302688,6347114,1996912,5606840,3557729,3557729,1996912,
    2588701,7594916,1912359,3279271,5632143,2588701,1137275,1302688,1302688,1316766,2588701,1542015,5641761,1542015,1120821,
    1316766,1137275,1912359,1316766,5606840,1542015,7594916,3557729,5641761,1302688,2937043,2185202,3576238,566269,4503935,
    4140023,8458587,5632143,1542015,6969891,1542015,5606840,5606840,3557729,5632143,5991231,5632143,1996912,2588701,6969891,
    7594916,1542015,2588701,1912359,5632143,5991231,5632143,1302688,6969891,1542015,7594916,2588701,1316766,1614364,1614364,
    8794449,4503935,4140023,8458587,6969891,1137275,1302688,5606840,3557729,1912359,3557729,5641761,1542015,1120821,5632143,
    6969891,1302688,5606840,3557729,1542015,1912359,8794449,8458587,6003611,4140023,8794449,566269,4503935,4140023,8458587,
    5991231,5632143,1542015,1137275,6969891,1912359,1912359,3557729,5606840,5641761,1542015,1120821,7594916,8142419,1996912,
    1302688,5641761,6969891,6969891,1996912,1614364,5632143,6969891,7594916,5606840,1316766,1996912,1912359,8794449,8142419,
    3279271,4503935,4140023,8458587,5632143,3557729,1302688,6969891,5606840,1316766,5606840,5632143,5991231,5632143,3557729,
    1137275,1302688,6969891,3557729,7594916,1316766,5641761,1542015,1614364,8794449,3279271,2434528,3279271,3322816,3279271,
    4503935,4140023,8458587,6969891,5606840,6969891,1996912,1302688,5606840,1120821,5991231,5632143,1912359,1302688,5606840,
    1542015,1316766,1316766,1120821,5632143,1996912,1137275,1912359,1542015,5606840,6969891,5641761,1542015,1614364,8794449,
    3279271,3606656,3576238,566269,4503935,4140023,8458587,1996912,1137275,7594916,6969891,3557729,1316766,5606840,1996912,
    5606840,1542015,1912359,5641761,6969891,6347114,1996912,1137275,3557729,7594916,2588701,1302688,2588701,1316766,1912359,
    5641761,1912359,1120821,5632143,1912359,1316766,7594916,6969891,3557729,1542015,8794449,3279271,2588701,6969891,6969891,
    1302688,3557729,1912359,1912359,5606840,1996912,6347114,5991231,1912359,5606840,1316766,3557729,7594916,7594916,1120821,
    7594916,4361753,5606840,3557729,5606840,5504183,1316766,4361962,1614364,3279271,4503935,4140023,8458587,2588701,1316766,
    1302688,1912359,5606840,1542015,1316766,6969891,1912359,6347114,7594916,8142419,2588701,1316766,4361962,5606840,8652168,
    8652168,8794449,3279271,4503935,4140023,8458587,3557729,1137275,1316766,1542015,1302688,1542015,3557729,1302688,6969891,
    1912359,5641761,1316766,6347114,2588701,3557729,3557729,7594916,3557729,1912359,1542015,8794449,3279271,5632143,2588701,
    5606840,1316766,1302688,2588701,7594916,1120821,1542015,1996912,1912359,5606840,1912359,2588701,1302688,3279271,4503935,
    4140023,8458587,2588701,1137275,7594916,1316766,1542015,1912359,1316766,3557729,7594916,1996912,3557729,5641761,6969891,
    6347114,1996912,1137275,5606840,1912359,2588701,2588701,2588701,1302688,2588701,5641761,1912359,8794449,4503935,3576238,
    3279271,4503935,4140023,8458587,7594916,8142419,2588701,1996912,1996912,1542015,7594916,2588701,3557729,613247,6347114,
    5991231,3557729,1302688,3557729,2588701,5606840,3557729,5606840,1996912,1302688,5606840,6347114,2588701,1137275,1912359,
    1912359,7594916,7594916,1912359,1996912,2588701,5641761,1912359,1614364,8794449,3279271,4503935,4140023,8458587,5991231,
    5991231,1316766,1137275,1996912,7594916,2588701,1912359,1542015,5641761,1542015,1120821,5991231,5632143,1996912,3557729,
    5606840,7594916,1542015,1912359,5632143,5991231,5632143,2588701,1912359,1302688,2588701,2588701,1302688,1614364,1614364,
    1614364,5632143,7594916,4361753,7838613,5641761,3557729,1912359,8090913,1614364,1120821,5991231,5632143,1996912,7594916,
    5606840,1302688,1302688,1912359,1316766,5632143,5991231,5632143,1996912,1996912,1542015,1302688,1542015,1316766,5606840,
    5632143,5991231,5632143,2588701,1316766,5606840,1316766,2588701,5606840,1614364,1614364,1614364,8794449,3279271,4014937,
    4140023,3279271,4503935,4140023,8458587,7594916,8142419,5606840,1302688,5504183,1316766,5606840,4639684,2588701,5641761,
    6347114,1996912,1996912,6969891,5606840,1302688,2588701,1912359,5606840,8794449,566269,4503935,4140023,8458587,5632143,
    6969891,1137275,6969891,3557729,6969891,1912359,1302688,5641761,1542015,5632143,5991231,5632143,6969891,6969891,1542015,
    1996912,1302688,1996912,1614364,8794449,3279271,7594916,4361753,6651929,2537456,7594916,6969891,1542015,1120821,5991231,
    3557729,1137275,1912359,1316766,1316766,3557729,5641761,3557729,1120821,5632143,1302688,5606840,7594916,1912359,1996912,
    1614364,3279271,5991231,5991231,7594916,4361753,7838613,3557729,1316766,5606840,7838613,1120821,5632143,1996912,7594916,
    1996912,5606840,7594916,1316766,3557729,1614364,1120821,5606840,2588701,6969891,1996912,2588701,3557729,1614364,5632143,
    5991231,5632143,1302688,1996912,2588701,1912359,3557729,1542015,1614364,3279271,4503935,4140023,8458587,5632143,1316766,
    2588701,1542015,1302688,5606840,1316766,1120821,1316766,2588701,1542015,1316766,2588701,6969891,8794449,3279271,5632143,
    2588701,1137275,1996912,5606840,1912359,1302688,1302688,5641761,1542015,1120821,5991231,5632143,5606840,1137275,7594916,
    2588701,1316766,1996912,2588701,5641761,1542015,1120821,7594916,8142419,1912359,5641761,1996912,5641761,1302688,1614364,
    4639684,3576238,3279271,5793077,3576238,3279271,4503935,4140023,8458587,5632143,1302688,5606840,2588701,1996912,1996912,
    1302688,5632143,5991231,5632143,1302688,5606840,2588701,1996912,1542015,1542015,1614364,8794449,566269,4503935,4140023,
    8458587,7594916,4361753,1996912,5606840,3753688,4639684,1316766,7594916,6969891,6969891,6347114,6969891,1137275,3557729,
    6969891,1302688,1996912,1302688,1302688,5641761,1302688,8794449,3279271,4503935,4140023,8458587,1302688,1137275,1912359,
    7594916,3557729,3557729,6969891,5641761,1542015,5632143,7594916,4361753,2537456,5606840,8090913,1542015,3557729,8794449,
    3279271,7594916,4361753,1316766,1996912,6969891,613247,1912359,5606840,5632143,6969891,7594916,1912359,5606840,1316766,
    5606840,2937043,613247,3576238,3279271,4503935,4140023,8458587,1996912,7594916,6969891,7594916,2588701,1302688,3557729,
    1302688,1316766,6347114,1912359,2588701,1302688,1316766,3557729,2588701,2588701,8794449,3279271,4503935,4140023,8458587,
    5991231,5632143,5606840,1912359,6969891,1302688,2588701,6969891,5632143,5991231,5606840,1542015,1912359,2588701,7594916,
    6969891,1120821,5632143,1996912,1137275,1302688,6969891,1542015,7594916,5606840,5641761,1542015,1614364,1614364,1120821,
    7594916,4361753,1316766,2537456,1316766,2588701,613247,8794449,566269,4503935,4140023,8458587,7594916,4361753,2588701,
    8652168,5606840,1996912,1542015,1542015,3557729,5606840,6347114,5991231,1996912,1137275,1542015,5606840,5606840,1542015,
    1996912,1316766,1912359,5641761,1912359,5632143,5991231,5632143,1996912,5606840,1316766,3557729,3557729,1996912,1614364,
    1614364,8794449,3279271,5632143,5606840,1137275,1316766,1912359,1316766,1912359,5606840,5641761,1542015,1120821,1912359,
    1137275,2588701,3557729,1316766,6969891,6969891,2588701,5641761,1302688,3279271,4503935,4140023,8458587,1996912,1137275,
    1912359,5606840,1302688,3557729,1996912,7594916,1996912,1996912,1316766,5641761,6969891,6347114,6969891,1137275,1912359,
    7594916,7594916,1302688,1996912,1542015,5641761,1302688,8794449,3753688,8458587,4503935,4140023,8458587,2588701,1137275,
    3557729,2588701,1542015,1912359,2588701,1302688,1302688,5606840,5641761,1316766,6347114,1996912,3557729,1302688,1996912,
    2588701,1316766,1996912,8794449,8794449,566269,4503935,4140023,8458587,1542015,6969891,1996912,5606840,1996912,1996912,
    5632143,1542015,6969891,1996912,1996912,3557729,5606840,8794449,3753688,8458587,4503935,4140023,8458587,5632143,1996912,
    1316766,1996912,1996912,1912359,1302688,1120821,5991231,5991231,1542015,1542015,1912359,1542015,1542015,2588701,5632143,
    7594916,4361753,1316766,7594916,9085190,3753688,1614364,1120821,5991231,5632143,1996912,1137275,5606840,1542015,3557729,
    2588701,1542015,1302688,5641761,1302688,5632143,5991231,5632143,1996912,1137275,7594916,1996912,7594916,1316766,1302688,
    1996912,5641761,1302688,1614364,1614364,1614364,8794449,8794449,566269,4503935,4140023,8458587,1996912,5606840,6969891,
    5606840,3557729,2588701,3557729,7594916,6969891,1996912,6347114,1912359,1912359,3557729,1996912,2588701,3557729,3557729,
    8794449,4503935,4140023,8458587,5991231,5991231,1996912,1137275,2588701,1996912,1542015,6969891,2588701,2588701,5641761,
    1302688,5632143,5991231,5632143,2588701,1302688,7594916,7594916,1996912,5606840,1614364,1614364,5632143,6969891,1542015,
    6969891,1912359,1316766,1302688,1614364,1120821,5632143,1542015,1137275,1996912,1542015,6969891,1316766,1996912,5641761,
    1542015,8794449,3279271,5504183,566269,5632143,1542015,3557729,5606840,6969891,1996912,7594916,5632143,5991231,5632143,
    1542015,3557729,5606840,6969891,1996912,1996912,1614364,3279271,4503935,4140023,8458587,1996912,1996912,1912359,1302688,
    7594916,1996912,1316766,6969891,1912359,6347114,6969891,1137275,7594916,3557729,1302688,2588701,1316766,6969891,5641761,
    1302688,8794449,4503935,4140023,8458587,5632143,5606840,1137275,1912359,1542015,1542015,3557729,6969891,5641761,1542015,
    1120821,5606840,1912359,1542015,1542015,1912359,3557729,8794449,566269,3753688,8458587,4503935,4140023,8458587,5632143,
    1996912,1137275,2588701,1316766,2588701,1316766,6969891,5641761,1542015,1120821,1996912,1137275,2588701,1316766,3557729,
    1542015,1912359,5641761,1542015,8794449,8794449,4503935,4140023,8458587,5632143,3557729,1137275,1316766,1316766,3557729,
    1302688,1316766,5641761,1542015,1120821,3557729,1316766,1316766,1302688,5606840,6969891,8794449,566269,5991231,5991231,
    7594916,4361753,9085190,3557729,1302688,4639684,3557729,5632143,2588701,1302688,3557729,7594916,1912359,5606840,1614364,
    1120821,7594916,4361753,3557729,1996912,3753688,7594916,7594916,4639684,6969891,613247,1614364,6347114,7594916,8142419,
    3557729,1542015,8652168,6651929,1302688,1302688,2937043,4503935,4140023,8458587,6969891,1302688,1912359,1316766,3557729,
    1302688,3557729,7594916,6347114,7594916,8142419,9085190,1316766,6969891,2537456,7594916,7838613,8794449,566269,3753688,
    8458587,4503935,4140023,8458587,5632143,1302688,1137275,1302688,5606840,2588701,1316766,3557729,5641761,1542015,5632143,
    5991231,5632143,1302688,1137275,1302688,5606840,3557729,1542015,1542015,5641761,1542015,1614364,8794449,8794449,4361753,
    3576238,3279271,4458139,3576238,566269,4503935,4140023,8458587,5632143,1542015,1137275,3557729,1912359,1316766,7594916,
    2588701,5641761,1542015,5632143,5991231,5632143,1542015,3557729,1912359,6969891,3557729,7594916,1614364,8794449,3279271,
    4503935,4140023,8458587,7594916,8142419,1912359,2588701,1912359,1542015,613247,2588701,6969891,1912359,6347114,5991231,
    5991231,2588701,1137275,3557729,1302688,1996912,1912359,5641761,3557729,1120821,1996912,1316766,1542015,1302688,1316766,
    2588701,6969891,3557729,3557729,7594916,1614364,6347114,7594916,8142419,1996912,1996912,1302688,6969891,9085190,1542015,
    9085190,1614364,8794449,4503935,4140023,8458587,1542015,1137275,7594916,1996912,1996912,7594916,1912359,1316766,6969891,
    1542015,5641761,1316766,6347114,5991231,5632143,1912359,1137275,1316766,1912359,6969891,1996912,1912359,5641761,1542015,
    1120821,5991231,1302688,1316766,3557729,3557729,3557729,2588701,2588701,5632143,5991231,5632143,5606840,1302688,1912359,
    6969891,1542015,5606840,1614364,1614364,1614364,8794449,566269,3753688,8458587,4503935,4140023,8458587,7594916,8142419,
    3753688,3557729,1996912,1996912,4639684,1120821,5991231,5632143,5606840,1912359,1316766,1996912,1302688,1542015,1120821,
    5632143,3557729,2588701,3557729,1912359,3557729,5606840,1614364,8794449,8794449,4503935,4140023,8458587,1996912,1316766,
    1542015,6969891,2588701,1912359,1542015,2588701,1316766,1996912,6347114,7594916,4361753,8090913,5606840,7594916,5504183,
    5606840,1996912,8794449,566269,3753688,8458587,4503935,4140023,8458587,5632143,2588701,1137275,6969891,6969891,5606840,
    3557729,5606840,5641761,1542015,5632143,5991231,5632143,2588701,6969891,6969891,1542015,5606840,6969891,1614364,8794449,
    8794449,4503935,4140023,8458587,5632143,3557729,5606840,3557729,1912359,2588701,5606840,5632143,5991231,5632143,3557729,
    5606840,3557729,6969891,1996912,6969891,1614364,8794449,566269,3753688,8458587,4503935,4140023,8458587,1542015,1137275,
    5606840,7594916,1542015,7594916,1316766,7594916,3557729,1912359,5641761,1316766,6347114,5991231,7594916,8142419,2588701,
    1912359,1996912,1912359,5606840,8090913,5632143,1996912,1137275,1912359,2588701,1996912,1912359,1542015,5641761,1542015,
    1614364,8794449,8794449,4503935,4140023,8458587,7594916,8142419,5606840,1302688,5504183,4639684,4639684,1120821,5632143,
    2588701,1137275,2588701,3557729,5606840,1996912,3557729,5641761,1542015,8794449,566269,3753688,8458587,4503935,4140023,
    8458587,5632143,1912359,6969891,2588701,1542015,5606840,5606840,1120821,7594916,8142419,5504183,1996912,1316766,6969891,
    7838613,8794449,8794449,4503935,4140023,8458587,7594916,4361753,1316766,1996912,2588701,7594916,6969891,1120821,5991231,
    5632143,1996912,1137275,3557729,1542015,1912359,2588701,1912359,1302688,5641761,1302688,5632143,5991231,5632143,6969891,
    2588701,1316766,1542015,1302688,6969891,1614364,1614364,8794449,566269,3753688,8458587,4503935,4140023,8458587,5991231,
    7594916,4361753,1912359,2588701,1302688,7594916,5504183,7594916,7838613,1912359,5632143,7594916,8142419,1996912,5606840,
    7594916,1996912,6651929,1614364,6347114,7594916,4361753,6651929,1302688,7594916,9085190,6651929,1912359,8794449,8794449,
    4503935,4140023,8458587,2588701,1137275,1316766,2588701,1996912,1912359,3557729,3557729,1996912,1542015,6969891,5641761,
    6969891,6347114,1996912,1137275,3557729,1316766,1542015,1996912,2588701,1316766,3557729,5641761,1912359,8794449,566269,
    3753688,8458587,4503935,4140023,8458587,5632143,3557729,1912359,7594916,5606840,1542015,7594916,5632143,5991231,5632143,
    3557729,1912359,7594916,1542015,1542015,7594916,1614364,8794449,8794449,4503935,4140023,8458587,5991231,3557729,1542015,
    5606840,1912359,2588701,6969891,1316766,1302688,1302688,5632143,6969891,2588701,7594916,1912359,1302688,7594916,1614364,
    6347114,1302688,1137275,1302688,1542015,3557729,1542015,5606840,5641761,1302688,1120821,5632143,5606840,7594916,7594916,
    1316766,1302688,1302688,8794449,566269,3753688,8458587,4503935,4140023,8458587,5632143,1316766,1302688,3557729,1542015,
    1912359,7594916,1120821,1316766,1137275,1302688,3557729,1912359,1912359,1996912,5641761,1542015,8794449,8794449,4503935,
    4140023,8458587,1316766,1137275,7594916,2588701,1542015,6969891,5606840,5641761,1542015,5632143,7594916,4361753,5504183,
    5606840,4361962,1542015,1316766,8794449,566269,3753688,8458587,4503935,4140023,8458587,5991231,3557729,1137275,5606840,
    1912359,1542015,1302688,3557729,3557729,5641761,1316766,5632143,1996912,1137275,7594916,1302688,1912359,1316766,2588701,
    5641761,1542015,1614364,6347114,7594916,8142419,6969891,1912359,7838613,3557729,3753688,1302688,8794449,8794449,4503935,
    4140023,8458587,1912359,1542015,6969891,2588701,1996912,6969891,5632143,7594916,8142419,7838613,6969891,3557729,5641761,
    6969891,8794449,566269,3753688,8458587,4503935,4140023,8458587,7594916,8142419,6969891,5641761,1302688,7594916,9085190,
    1120821,5632143,1302688,3557729,1316766,1542015,1996912,2588701,8794449,8794449,4503935,4140023,8458587,7594916,4361753,
    5606840,7594916,1302688,5504183,5641761,7594916,8652168,4361962,6347114,5991231,1912359,1137275,2588701,7594916,6969891,
    1912359,2588701,2588701,5641761,1302688,5632143,5991231,5632143,6969891,6969891,1302688,1912359,1542015,6969891,1614364,
    1614364,8794449,566269,3753688,8458587,4503935,4140023,8458587,7594916,8142419,1912359,3557729,5504183,7594916,1996912,
    6969891,4639684,8090913,6347114,7594916,8142419,6969891,2537456,7594916,4639684,6651929,1912359,8794449,8794449,4503935,
    4140023,8458587,7594916,8142419,5606840,1912359,2537456,6651929,4639684,2537456,1302688,6347114,7594916,4361753,1996912,
    1302688,8652168,1316766,6969891,1302688,8794449,566269,3753688,8458587,4503935,4140023,8458587,7594916,4361753,6651929,
    613247,1316766,5641761,5641761,1120821,5632143,1996912,7594916,5606840,1316766,5606840,1302688,6969891,8794449,8794449,
    4503935,4140023,8458587,5991231,5991231,5632143,3557729,1542015,1912359,1542015,2588701,1996912,1120821,2588701,7594916,
    1996912,5606840,1912359,3557729,1614364,5632143,1316766,1137275,1302688,1316766,3557729,6969891,5641761,3557729,1614364,
    1120821,5606840,3557729,5606840,2588701,7594916,1996912,8794449,566269,3753688,8458587,4503935,4140023,8458587,5632143,
    1912359,1316766,1302688,6969891,6969891,1120821,1912359,1316766,6969891,7594916,1542015,8794449,8794449,4503935,4140023,
    8458587,7594916,8142419,6651929,1996912,1302688,1302688,1996912,1120821,5991231,5991231,5632143,1542015,1912359,6969891,
    6969891,1996912,5606840,1120821,5632143,1912359,6969891,5606840,1912359,2588701,5606840,1614364,5632143,5991231,5632143,
    5606840,1316766,1542015,7594916,1912359,5606840,1614364,1614364,8794449,566269,3753688,8458587,4503935,4140023,8458587,
    5632143,1302688,1137275,1316766,1996912,1542015,1316766,1996912,5641761,1542015,5632143,5991231,5632143,1302688,1316766,
    1996912,1912359,1316766,1316766,1614364,8794449,8794449,4503935,4140023,8458587,1302688,1542015,2588701,1996912,1542015,
    6969891,1302688,1316766,6969891,6347114,2588701,1137275,1316766,3557729,1912359,1316766,1542015,1316766,5641761,1302688,
    8794449,566269,3753688,8458587,4503935,4140023,8458587,7594916,4361753,5606840,1996912,2588701,5606840,3557729,1120821,
    5632143,2588701,7594916,1996912,7594916,1302688,7594916,8794449,8794449,4503935,4140023,8458587,6969891,1137275,1316766,
    5606840,6969891,3557729,1316766,5641761,1542015,1120821,5632143,6969891,1316766,5606840,1912359,3557729,7594916,8794449,
    566269,3753688,8458587,4503935,4140023,8458587,5632143,1912359,1137275,1996912,1912359,1542015,1912359,1542015,5641761,
    1542015,1120821,1912359,1996912,1912359,1912359,1316766,3557729,8794449,8794449,4503935,4140023,8458587,1302688,1137275,
    3557729,2588701,1912359,1542015,5606840,5641761,1542015,5632143,7594916,8142419,8090913,1542015,1996912,5606840,2588701,
    8090913,6347114,5991231,7594916,8142419,2588701,6651929,1316766,6969891,1302688,5606840,1542015,8090913,6347114,7594916,
    4361753,9085190,3557729,8652168,3753688,5606840,3557729,1614364,8794449,566269,3753688,8458587,4503935,4140023,8458587,
    1912359,7594916,1316766,1542015,2588701,1542015,1542015,7594916,1316766,6347114,6969891,1912359,7594916,1542015,1316766,
    2588701,1302688,8794449,8794449,4503935,4140023,8458587,1996912,1137275,1542015,3557729,1542015,1542015,1542015,1542015,
    6969891,1912359,2588701,5641761,6969891,6347114,1302688,1137275,2588701,1316766,2588701,1912359,3557729,1912359,5641761,
    1302688,8794449,566269,3753688,8458587,4503935,4140023,8458587,3557729,1137275,5606840,1316766,1316766,5606840,5641761,
    1542015,1120821,5632143,3557729,5606840,1316766,1302688,1996912,6969891,8794449,8794449,4503935,4140023,8458587,5632143,
    3557729,1912359,1912359,1996912,1912359,5606840,5632143,5991231,5632143,3557729,1912359,1912359,5606840,1316766,3557729,
    1614364,8794449,566269,3753688,8458587,4503935,4140023,8458587,1542015,1137275,6969891,7594916,2588701,1912359,3557729,
    5641761,1542015,5632143,1542015,1137275,6969891,7594916,7594916,1302688,2588701,5641761,1542015,8794449,8794449,4503935,
    4140023,8458587,7594916,8142419,3557729,8652168,3557729,2537456,7838613,8090913,7594916,1996912,6347114,1996912,5606840,
    6969891,3557729,5606840,3557729,1912359,2588701,8794449,566269,3318536,2537456,3279271,2525671,3576238,3279271,4503935,
    4140023,8458587,1302688,1137275,1542015,1912359,7594916,1316766,1996912,5641761,1542015,1120821,5632143,1302688,1542015,
    1912359,7594916,1912359,1316766,8794449,3279271,3322816,3279271,8652168,4140023,3279271,123413,4140023,7384885,4503935,
    4140023,8458587,3557729,2588701,7594916,6969891,2588701,2588701,5632143,1996912,1137275,1912359,1316766,6969891,2588701,
    1302688,5606840,3557729,5641761,1912359,6347114,6969891,1912359,7594916,1302688,1542015,1996912,8794449,7384885,2537456,
    3576238,3279271,3606656,4140023,7384885,4904021,3279271,7117100,3279271,8142419,3279271,4361753,3576238,7384885,4361753,
    7384885,4458139,3576238,3279271,5504183,3279271,123413,3576238,3279271,4014937,4140023,3279271,2225277,4140023,7384885,
    7701716,3576238,7384885,4014937,3576238,7384885,5260148,3576238,3279271,6651929,3576238,7384885,4639684,4140023,3279271,
    5504183,3576238,7384885,5641761,3576238,7384885,4140023,7384885,8780476,3576238,7384885,2556538,3576238,3279271,4503935,
    4140023,8458587,5632143,1316766,3557729,1996912,1302688,5606840,1120821,1316766,3557729,1996912,1302688,1542015,8794449,
    3279271,1786149,4140023,7384885,3576238,3576238,3279271,6904463,3576238,3279271,7767974,3279271,8090913,3576238,3279271,
    3606656,3576238,7384885,2434528,3279271,3753688,3576238,7384885,4621789,3576238,7384885,1954959,3576238,7384885,5260148,
    7384885,6904463,4140023,7384885,8652168,3576238,3279271,2225277,3576238,7384885,7117100,3576238,7384885,6318408,3576238,
    7384885,4621789,7384885,613247,3576238,7384885,4639684,3576238,7384885,5793077,7384885,4904021,3576238,3279271,3949987,
    3576238,7384885,2577324,7384885,1427788,3576238,3279271,8202414,3576238,3279271,2185202,3576238,7384885,4503935,4140023,
    8458587,5632143,1542015,2588701,3557729,2588701,7594916,1120821,1542015,1137275,2588701,3557729,2588701,1542015,5641761,
    3557729,8794449,7384885,8090913,3279271,4503935,4140023,8458587,5991231,1542015,1912359,2588701,3557729,1542015,6969891,
    3557729,1912359,1302688,1316766,6347114,2588701,1137275,3557729,1316766,6969891,1302688,1996912,1542015,7594916,1996912,
    5641761,1316766,1614364,6347114,7594916,8142419,5606840,613247,4361962,1542015,1302688,1302688,8794449,3279271,8142419,
    3576238,7384885,2434528,3576238,3279271,3322816,3576238,7384885,7767974,3576238,7384885,4361962,7384885,1624432,7384885,
    2173957,3576238,3279271,5793077,3576238,7384885,1427788,4140023,7384885,3454205,3576238,3279271,4111266,3576238,3279271,
    2185202,7384885,2556538,4140023,7384885,2525671,4140023,7384885,9062081,3576238,3279271,6102236,3576238,7384885,4503935,
    4140023,8458587,1996912,1137275,1912359,1542015,1912359,3557729,1316766,1996912,1996912,1912359,1302688,5641761,6969891,
    6347114,7594916,8142419,5641761,6969891,5606840,1996912,7594916,613247,8794449,3279271,2577324,3576238,7384885,6003611,
    3576238,7384885,1624432,3576238,3279271,4458139,4140023,3279271,6651929,4140023,7384885,6102236,7384885,4503935,3576238,
    3279271,8159549,3279271,7838613,3576238,3279271,1786149,3576238,7384885,6318408,3279271,4361962,3576238,7384885,5641761,
    4140023,7384885,7701716,7384885,9085190,7384885,7838613,7384885,8202414,4140023,3279271,8159549,3576238,3279271,9085190,
    3576238,7384885,2237146,3576238,7384885,2237146,7384885,4140023,3576238,3279271,4503935,4140023,8458587,7594916,4361753,
    5606840,2588701,613247,613247,8652168,1120821,5991231,5632143,1302688,2588701,3557729,5606840,3557729,5606840,5632143,
    5991231,5632143,3557729,1996912,1302688,7594916,1996912,6969891,1614364,1614364,8794449,3279271,4503935,4140023,8458587,
    5606840,7594916,1996912,1316766,2588701,1316766,7594916,1542015,5606840,1316766,6347114,7594916,4361753,613247,2588701,
    3557729,9085190,2588701,1302688,1120821,5632143,1302688,1137275,1302688,1302688,7594916,1316766,5641761,3557729,8794449,
    3279271,4503935,4140023,8458587,5632143,5606840,1316766,1912359,2588701,2588701,1542015,5632143,5991231,5632143,5606840,
    1316766,1912359,5606840,6969891,1302688,1614364,8794449,7384885,4503935,4140023,8458587,1316766,1137275,5606840,5606840,
    1542015,3557729,6969891,5641761,1542015,5632143,1316766,1137275,5606840,5606840,5606840,1542015,3557729,5641761,1542015,
    8794449,3279271,4503935,4140023,8458587,6969891,1137275,2588701,1302688,6969891,3557729,3557729,5641761,1542015,5632143,
    7594916,8142419,4361962,2588701,3557729,1996912,3753688,8794449,7384885,4503935,4140023,8458587,6969891,1137275,3557729,
    1996912,1302688,1316766,1316766,3557729,7594916,1542015,5641761,1316766,6347114,5991231,2588701,7594916,1316766,1912359,
    1316766,1302688,1120821,1302688,1912359,1996912,1542015,5606840,6969891,2588701,1614364,8794449,7384885,4503935,4140023,
    8458587,5991231,5632143,1542015,1542015,3557729,2588701,2588701,2588701,1120821,5632143,5606840,5606840,1302688,1912359,
    1542015,1614364,5632143,5991231,5632143,1542015,1316766,1316766,7594916,6969891,1542015,1614364,8794449,7384885,4503935,
    4140023,8458587,6969891,1137275,7594916,1302688,5606840,7594916,7594916,1542015,2588701,6969891,5641761,1316766,6347114,
    5991231,5632143,6969891,6969891,1302688,5606840,6969891,5606840,1120821,1912359,1137275,6969891,1302688,1912359,6969891,
    5606840,3557729,5641761,1302688,1614364,8794449,3279271,4503935,4140023,8458587,5991231,5632143,3557729,7594916,7594916,
    5606840,1996912,1912359,5632143,5991231,5632143,1996912,5606840,6969891,1996912,5606840,1542015,1614364,1614364,5632143,
    5991231,5632143,2588701,1302688,1996912,5606840,1316766,2588701,1614364,8794449,3279271,4503935,4140023,8458587,7594916,
    8142419,1996912,1302688,7594916,3557729,5641761,1302688,4639684,3557729,6347114,5991231,5632143,1996912,1137275,7594916,
    5606840,2588701,7594916,6969891,5641761,1302688,1120821,7594916,8142419,2588701,3753688,1996912,5606840,1996912,1912359,
    1614364,8794449,7384885,4503935,4140023,8458587,2588701,1137275,7594916,6969891,6969891,5606840,6969891,5641761,1542015,
    5632143,2588701,7594916,6969891,1912359,5606840,1912359,8794449,3279271,4503935,4140023,8458587,1996912,2588701,2588701,
    7594916,6969891,6969891,5632143,1996912,2588701,1996912,1316766,6969891,1302688,8794449,7384885,4503935,4140023,8458587,
    5632143,1542015,1137275,1996912,1996912,1912359,1316766,1912359,5641761,1542015,5632143,5991231,5632143,1542015,1137275,
    1996912,1996912,6969891,6969891,1996912,5641761,1542015,1614364,8794449,3279271,4503935,4140023,8458587,2588701,1302688,
    1542015,1912359,1996912,1302688,1912359,6969891,1542015,5606840,6347114,7594916,8142419,613247,1912359,8090913,2537456,
    1302688,4639684,8794449,3279271,4503935,4140023,8458587,1996912,1137275,1996912,1912359,1996912,1316766,1996912,3557729,
    1302688,5606840,5641761,1316766,6347114,1302688,1302688,2588701,7594916,3557729,1996912,8794449,3279271,4503935,4140023,
    8458587,7594916,4361753,1996912,9085190,1316766,3557729,9085190,1912359,1316766,7838613,6347114,5991231,5632143,2588701,
    1542015,1912359,5606840,1912359,7594916,1120821,1996912,7594916,1912359,1542015,7594916,1996912,1542015,1996912,1614364,
    8794449,3279271,4503935,4140023,8458587,7594916,8142419,2588701,1996912,6651929,5504183,1316766,1542015,1912359,1542015,
    6347114,1996912,1137275,5606840,2588701,1302688,7594916,5606840,6969891,6969891,5641761,1912359,8794449,3279271,4503935,
    4140023,8458587,5991231,5632143,3557729,1137275,2588701,1302688,3557729,1542015,5641761,3557729,5632143,1302688,1137275,
    1996912,1316766,1912359,1912359,5641761,1542015,1614364,5632143,5991231,2588701,2588701,1302688,1542015,1316766,5606840,
    1120821,5632143,1316766,1137275,1316766,1316766,2588701,7594916,1912359,5641761,1542015,1614364,8794449,3279271,4503935,
    4140023,8458587,2588701,7594916,6969891,5606840,1542015,1316766,3557729,1302688,3557729,6347114,1996912,3557729,6969891,
    1542015,3557729,1996912,1302688,1996912,8794449,3279271,4503935,4140023,8458587,7594916,4361753,1542015,6969891,2588701,
    3557729,5606840,5632143,5606840,1137275,1302688,3557729,6969891,1996912,2588701,5641761,1542015,8794449,749336,1786149,
    566269,4503935,4140023,8458587,5991231,1996912,1996912,1302688,1912359,2588701,1996912,1302688,5606840,1316766,1316766,
    5606840,6969891,6347114,5991231,5991231,7594916,4361753,2537456,1912359,2537456,3753688,1316766,1120821,7594916,8142419,
    5606840,1996912,4639684,1302688,1316766,4361962,7594916,3557729,1316766,1614364,6347114,7594916,8142419,1542015,1316766,
    5641761,9085190,5641761,4639684,6969891,1996912,1614364,1614364,6347114,7594916,4361753,1542015,4639684,5606840,4639684,
    8090913,7838613,5632143,5991231,5632143,1912359,3557729,7594916,3557729,1302688,5606840,1120821,7594916,4361753,1996912,
    3557729,2588701,2537456,1542015,1912359,1614364,8794449,4503935,4140023,8458587,1996912,1137275,5606840,6969891,1316766,
    1302688,7594916,1912359,1302688,5641761,6969891,6347114,7594916,4361753,9085190,6969891,6969891,5606840,7594916,613247,
    8794449,566269,3606656,8458587,2556538,8458587,1996912,1316766,7594916,3557729,6969891,6969891,6969891,1996912,1912359,
    1542015,6347114,1996912,1137275,5606840,1316766,1316766,3557729,1302688,7594916,6969891,5641761,1912359,8794449,8794449,
    4503935,4140023,8458587,5632143,6969891,5606840,6969891,5606840,5606840,1316766,5632143,5991231,5632143,6969891,5606840,
    6969891,1542015,5606840,1912359,1614364,8794449,566269,1996912,2588701,1912359,2588701,3557729,1996912,2588701,7594916,
    1996912,7594916,1316766,2588701,2588701,3557729,1996912,1996912,6347114,2588701,1137275,3557729,7594916,7594916,1912359,
    1912359,1912359,5606840,1316766,1912359,6969891,3557729,1996912,3557729,5641761,1996912,5606840,5632143,6969891,5606840,
    1912359,1542015,1542015,1542015,2937043,4503935,4140023,8458587,1996912,1137275,2588701,1996912,3557729,2588701,1302688,
    7594916,2588701,5606840,5641761,1316766,6347114,1996912,1137275,1912359,1542015,6969891,1912359,6969891,1542015,5641761,
    1302688,8794449,566269,4503935,4140023,8458587,7594916,4361753,1996912,3557729,1996912,3557729,2588701,6651929,8652168,
    6969891,6347114,1996912,3557729,1912359,1912359,3557729,1316766,1316766,8794449,5991231,1614364,4503935,4140023,8458587,
    1912359,1137275,1316766,1302688,7594916,7594916,1996912,5641761,1542015,5632143,1912359,1316766,1542015,1316766,5606840,
    7594916,8794449,566269,1786149,2937043,4503935,4140023,8458587,1316766,1912359,3557729,6969891,1542015,5606840,1120821,
    5632143,1316766,1912359,3557729,6969891,2588701,1316766,8794449,566269,3606656,8458587,2556538,8458587,6969891,1137275,
    1316766,3557729,3557729,1912359,5641761,1542015,5632143,5991231,6969891,1137275,6969891,3557729,5606840,1302688,5641761,
    1542015,5632143,6969891,1137275,1316766,6969891,3557729,5641761,5606840,1614364,8794449,8794449,2525671,3576238,3279271,
    4503935,4140023,8458587,7594916,4361753,5606840,8090913,5606840,7838613,1996912,3557729,1302688,8090913,6347114,5991231,
    6969891,1137275,1912359,1542015,5606840,3557729,5606840,1542015,1316766,5641761,1912359,6347114,7594916,8142419,1542015,
    5641761,6969891,5641761,1542015,3557729,1614364,1120821,5632143,3557729,1137275,6969891,1302688,1302688,6969891,1542015,
    5641761,1542015,8794449,3279271,4503935,4140023,8458587,2588701,5606840,1912359,1316766,3557729,1912359,5632143,2588701,
    1137275,5606840,1912359,1302688,3557729,6969891,5641761,1542015,8794449,566269,4503935,4140023,8458587,7594916,8142419,
    6969891,4639684,3557729,3753688,7838613,5632143,5991231,5632143,2588701,1302688,1542015,1316766,1996912,1316766,1120821,
    6969891,1996912,1316766,1996912,3557729,1996912,1614364,8794449,3279271,5632143,1912359,2588701,1302688,2588701,5606840,
    3557729,1120821,1302688,1137275,1316766,2588701,1912359,1912359,1912359,3557729,5641761,1302688,3279271,4458139,5991231,
    5606840,3557729,2588701,1302688,1912359,7594916,1996912,1302688,1302688,1302688,6347114,1996912,1137275,5606840,6969891,
    1316766,1302688,5606840,1316766,5641761,1912359,1614364,4503935,4140023,8458587,5991231,5991231,5632143,6969891,1137275,
    6969891,6969891,1996912,1542015,2588701,5641761,1542015,5632143,5991231,5632143,1542015,2588701,7594916,5606840,1316766,
    3557729,1614364,1614364,1120821,5606840,1316766,1302688,6969891,1542015,2588701,5606840,1316766,5606840,1614364,6347114,
    7594916,8142419,7838613,5641761,5606840,2537456,3753688,2537456,8794449,8458587,2525671,3576238,8794449,566269,4503935,
    4140023,8458587,5991231,7594916,4361753,1912359,1912359,1316766,1996912,7594916,1302688,2588701,6651929,4639684,2537456,
    6347114,5991231,1996912,7594916,2588701,1302688,1316766,7594916,6969891,1120821,7594916,4361753,6969891,7594916,5606840,
    6651929,3753688,7594916,5504183,2537456,1614364,5632143,7594916,4361753,1542015,8652168,1912359,5606840,6969891,1614364,
    6347114,6969891,1137275,1542015,6969891,3557729,1542015,7594916,5606840,5641761,1302688,8794449,4503935,4140023,8458587,
    5632143,1542015,1302688,1542015,1996912,6969891,1542015,1120821,7594916,8142419,1316766,8090913,7594916,6969891,1316766,
    8794449,566269,1427788,2937043,4503935,4140023,8458587,7594916,8142419,3557729,1996912,2588701,1996912,613247,1120821,
    5632143,2588701,1302688,1302688,1912359,1542015,1302688,8794449,566269,3606656,8458587,2556538,8458587,5632143,1302688,
    1137275,1996912,1542015,3557729,5641761,3557729,5632143,5991231,5632143,1302688,1137275,1996912,1542015,3557729,1302688,
    5641761,3557729,1614364,8794449,8794449,4503935,4140023,8458587,5991231,7594916,4361753,5641761,3557729,1542015,1542015,
    5606840,1120821,5632143,1996912,2588701,6969891,1996912,1316766,6969891,1302688,1614364,5632143,5991231,5632143,5606840,
    1542015,1302688,1316766,3557729,1996912,1614364,8794449,566269,3318536,2525671,3576238,3279271,6003611,4140023,749336,
    4503935,4140023,8458587,1542015,6969891,6969891,1316766,3557729,1316766,6969891,1912359,1316766,6347114,6969891,1137275,
    1316766,5606840,5606840,1542015,1316766,1912359,5641761,1302688,8794449,566269,4503935,4140023,8458587,5606840,1137275,
    5606840,2588701,1316766,2588701,6969891,7594916,2588701,1542015,5641761,1316766,6347114,5991231,7594916,8142419,7838613,
    1996912,7594916,9085190,1996912,1120821,3557729,1137275,1542015,1542015,1912359,1316766,5606840,1996912,5641761,1302688,
    1614364,8794449,5991231,4503935,4140023,8458587,5632143,1912359,1996912,3557729,6969891,1542015,6969891,5632143,5991231,
    5632143,1912359,1996912,1542015,1996912,1542015,3557729,1614364,8794449,3279271,4503935,4140023,8458587,5991231,5991231,
    1996912,1996912,1912359,1316766,1316766,1912359,1302688,2588701,5632143,5991231,3557729,1137275,1996912,1316766,2588701,
    7594916,1996912,5641761,1542015,5632143,5991231,5632143,1542015,1137275,3557729,2588701,3557729,7594916,6969891,5641761,
    1542015,1614364,1614364,1614364,5632143,5991231,5632143,1912359,1542015,3557729,5606840,6969891,1614364,1614364,6347114,
    7594916,8142419,2588701,1996912,3557729,1302688,3557729,1912359,8794449,1614364,1786149,566269,4503935,4140023,8458587,
    7594916,4361753,6969891,2588701,6651929,6969891,3557729,1120821,5632143,1302688,7594916,1996912,1316766,5606840,5606840,
    8794449,4503935,4140023,8458587,1996912,1137275,7594916,5606840,1542015,7594916,1912359,3557729,5641761,1302688,1120821,
    5632143,1996912,7594916,5606840,3557729,1316766,1912359,6969891,8794449,566269,3606656,8458587,2556538,8458587,6969891,
    1137275,7594916,1302688,1912359,3557729,5606840,5641761,1542015,5632143,7594916,4361753,8652168,8652168,1542015,6651929,
    1302688,8794449,8794449,4503935,4140023,8458587,5632143,5606840,1996912,7594916,1302688,1542015,5606840,5632143,5991231,
    5632143,5606840,1996912,7594916,1316766,1542015,1302688,1614364,8794449,566269,1427788,2937043,4503935,4140023,8458587,
    5606840,1137275,1912359,7594916,6969891,3557729,1542015,5641761,1542015,5632143,5606840,1912359,7594916,1912359,3557729,
    6969891,8794449,566269,3606656,8458587,2556538,8458587,6969891,1302688,2588701,3557729,7594916,1542015,5632143,7594916,
    4361753,4361962,8090913,4639684,1302688,5606840,8794449,8794449,4503935,4140023,8458587,5632143,1302688,1996912,1302688,
    2588701,2588701,1316766,1120821,5991231,5991231,1996912,5606840,1912359,6969891,7594916,3557729,1912359,5606840,1302688,
    6969891,5632143,7594916,8142419,2537456,1996912,1302688,1542015,3557729,1614364,6347114,7594916,8142419,1912359,2537456,
    5606840,1996912,613247,6969891,5632143,5606840,1137275,1302688,1912359,1542015,1542015,2588701,5641761,1542015,1614364,
    8794449,566269,4503935,4140023,8458587,7594916,8142419,1302688,1996912,1316766,1302688,2588701,3557729,5606840,2537456,
    6347114,5991231,1542015,1302688,1542015,1996912,6969891,3557729,3557729,5632143,5991231,5632143,1316766,1996912,1542015,
    1996912,1912359,3557729,1614364,1614364,8794449,5991231,4503935,4140023,8458587,5632143,1316766,1137275,1542015,1542015,
    2588701,1996912,1316766,5641761,1542015,5632143,5991231,5632143,1316766,1137275,1542015,1542015,3557729,1996912,1302688,
    5641761,1542015,1614364,8794449,3279271,4503935,4140023,8458587,7594916,8142419,8090913,2588701,1302688,1912359,5606840,
    3753688,1912359,1912359,6347114,1996912,3557729,5606840,3557729,7594916,5606840,6969891,2588701,8794449,1614364,4503935,
    4140023,8458587,5632143,1996912,1137275,7594916,3557729,1542015,1302688,1912359,1302688,5641761,1302688,5632143,5991231,
    5632143,1996912,1137275,7594916,3557729,1542015,1912359,7594916,1996912,5641761,1302688,1614364,8794449,566269,4503935,
    4140023,8458587,5991231,7594916,4361753,1996912,8652168,3557729,2537456,1542015,3753688,3753688,1302688,5632143,5991231,
    2588701,3557729,1912359,5606840,5606840,7594916,5632143,1996912,1137275,7594916,1996912,3557729,6969891,1996912,1302688,
    5641761,1302688,1614364,1614364,6347114,2588701,1137275,1542015,1912359,1302688,1316766,1542015,6969891,5641761,1302688,
    8794449,8458587,4503935,4140023,8458587,7594916,8142419,1996912,5606840,613247,5641761,8652168,1302688,3753688,6969891,
    6347114,2588701,1137275,6969891,2588701,3557729,5606840,7594916,1302688,5641761,1302688,8794449,8794449,2537456,3279271,
    4503935,4140023,8458587,5632143,1996912,7594916,1316766,1542015,1542015,3557729,5632143,5991231,5632143,1996912,1137275,
    7594916,1316766,1912359,3557729,6969891,5641761,1542015,1614364,8794449,566269,4503935,4140023,8458587,1912359,5606840,
    1302688,5606840,1542015,1316766,7594916,1996912,6347114,5991231,7594916,8142419,5606840,7594916,6651929,3557729,1316766,
    6969891,8090913,3557729,6347114,1996912,3557729,1542015,1316766,3557729,3557729,1302688,1912359,1614364,8794449,3279271,
    1786149,2937043,4503935,4140023,8458587,5632143,1542015,7594916,5606840,5606840,7594916,6969891,1120821,1542015,1137275,
    7594916,5606840,1542015,7594916,1302688,5641761,1542015,8794449,566269,3606656,8458587,2556538,8458587,2588701,1137275,
    5606840,1912359,1912359,1542015,1316766,2588701,1912359,1302688,1542015,5641761,6969891,6347114,5991231,1996912,1912359,
    1996912,1542015,1316766,1996912,1120821,1996912,1996912,1912359,1996912,5606840,1316766,7594916,1912359,1614364,1120821,
    5632143,1542015,7594916,1542015,1996912,1302688,2588701,8794449,8794449,4503935,4140023,8458587,5632143,2588701,1137275,
    1542015,1912359,1316766,2588701,1996912,5641761,1542015,1120821,2588701,1137275,1542015,1912359,1316766,2588701,3557729,
    5641761,1542015,8794449,566269,4503935,4140023,8458587,5632143,1996912,1137275,7594916,5606840,6969891,1996912,1542015,
    1302688,5641761,1302688,1120821,1996912,7594916,5606840,6969891,5606840,1542015,1996912,8794449,4503935,4140023,8458587,
    5632143,1912359,5606840,1302688,1316766,1912359,3557729,1120821,1912359,5606840,1912359,7594916,1912359,7594916,8794449,
    566269,4503935,4140023,8458587,3557729,1316766,6969891,2588701,1316766,1316766,5632143,7594916,4361753,1912359,1912359,
    1302688,1316766,5606840,8794449,8458587,2537456,8794449,1786149,566269,4503935,4140023,8458587,2588701,1137275,1996912,
    2588701,1996912,1302688,1316766,2588701,6969891,1912359,6969891,5641761,6969891,6347114,7594916,4361753,1316766,1302688,
    1542015,1542015,3557729,4639684,8794449,4503935,4140023,8458587,5606840,7594916,3557729,1912359,5606840,1912359,1912359,
    1302688,1302688,6347114,2588701,1137275,1302688,2588701,1912359,7594916,3557729,1316766,5641761,1302688,8794449,566269,
    3318536,4503935,4140023,8458587,7594916,4361753,1316766,5606840,7594916,2537456,4639684,1120821,5632143,1542015,1137275,
    5606840,1302688,1912359,3557729,1316766,5641761,1542015,8794449,5991231,1614364,749336,4503935,4140023,8458587,5632143,
    1302688,1137275,7594916,3557729,2588701,1542015,1302688,5641761,1542015,5632143,5991231,5632143,1302688,7594916,3557729,
    3557729,1542015,1302688,1614364,8794449,566269,3606656,8458587,2556538,8458587,1996912,1137275,1996912,1302688,1316766,
    6969891,3557729,7594916,1316766,1996912,1996912,5641761,6969891,6347114,7594916,8142419,6969891,2588701,5606840,5606840,
    8090913,2537456,8794449,8794449,4503935,4140023,8458587,5632143,1316766,1137275,1302688,2588701,1542015,5641761,1542015,
    5632143,5991231,5632143,1316766,1302688,2588701,1302688,6969891,1912359,1614364,8794449,566269,3318536,123413,5991231,
    4503935,4140023,8458587,1996912,1137275,3557729,1302688,1542015,5606840,1542015,6969891,1542015,1542015,3557729,5641761,
    6969891,6347114,1316766,1137275,1316766,2588701,1912359,3557729,1302688,1302688,5641761,1302688,8794449,1614364,749336,
    8652168,4140023,3279271,4503935,4140023,8458587,5632143,5606840,1302688,1912359,1302688,1912359,1912359,5632143,5991231,
    5632143,5606840,1302688,1912359,1316766,1316766,5606840,1614364,8794449,566269,4503935,4140023,8458587,1316766,6969891,
    2588701,1912359,6969891,7594916,1120821,5991231,1912359,1137275,7594916,5606840,2588701,6969891,5641761,3557729,1120821,
    5632143,6969891,1137275,1302688,2588701,6969891,2588701,2588701,5641761,1542015,1614364,8794449,3279271,5632143,1912359,
    1137275,1996912,2588701,1996912,1996912,1302688,5641761,1542015,5632143,5991231,5632143,1996912,7594916,2588701,1912359,
    1316766,5606840,1542015,1614364,4503935,4140023,8458587,7594916,8142419,4639684,1302688,1316766,613247,1316766,1120821,
    5632143,1996912,7594916,7594916,6969891,1302688,1912359,6969891,8794449,566269,3318536,4503935,4140023,8458587,7594916,
    4361753,3557729,3557729,6969891,6969891,2588701,1542015,6651929,7594916,6347114,7594916,4361753,1316766,8090913,3557729,
    1302688,613247,1316766,8794449,5991231,8652168,4140023,1614364,749336,4503935,4140023,8458587,5991231,6969891,1137275,
    2588701,6969891,1302688,1302688,5641761,1542015,5632143,1996912,5606840,1542015,5606840,7594916,1614364,5632143,7594916,
    8142419,8652168,6651929,6969891,613247,9085190,8794449,566269,3318536,1786149,5991231,123413,5991231,4503935,4140023,
    8458587,5632143,1542015,1316766,1316766,1302688,1316766,2588701,5632143,5991231,5632143,1996912,2588701,2588701,3557729,
    1912359,1302688,5632143,3557729,1302688,1302688,3557729,7594916,1912359,1614364,8794449,1614364,1614364,749336,1427788,
    3279271,4503935,4140023,8458587,2588701,6969891,1542015,7594916,1302688,3557729,6969891,5606840,1542015,2588701,6347114,
    7594916,8142419,6651929,6651929,613247,7594916,1912359,5504183,8794449,3279271,4503935,4140023,8458587,7594916,8142419,
    1316766,1996912,2588701,6969891,2537456,1120821,5632143,1542015,2588701,1316766,1316766,1542015,2588701,8794449,566269,
    7594916,4361753,5641761,1316766,1912359,1912359,1542015,6969891,5632143,5991231,5632143,6969891,1302688,1316766,1912359,
    1996912,1996912,1614364,3279271,1302688,5606840,1912359,7594916,1316766,5632143,1302688,1137275,5606840,1912359,7594916,
    1912359,5641761,3557729,3279271,3318536,123413,5991231,4503935,4140023,8458587,7594916,4361753,613247,7594916,1542015,
    5606840,9085190,3557729,1316766,7594916,6347114,5991231,3557729,1137275,3557729,1302688,5606840,1316766,3557729,3557729,
    6969891,1996912,1302688,5641761,6969891,6347114,5606840,1996912,6969891,6969891,1912359,7594916,5606840,6969891,1614364,
    8794449,1614364,749336,123413,4140023,566269,4503935,4140023,8458587,5632143,3557729,5606840,1316766,3557729,1996912,
    7594916,1120821,5991231,5632143,2588701,6969891,1912359,1316766,6969891,1120821,3557729,1302688,1316766,5606840,6969891,
    1912359,1614364,8794449,4503935,4140023,8458587,7594916,8142419,8652168,2537456,2588701,1912359,4361962,1120821,5632143,
    1316766,1137275,6969891,5606840,5606840,1302688,1912359,5641761,1542015,8794449,566269,123413,4140023,8458587,4503935,
    4140023,8458587,5991231,5632143,1316766,2588701,1996912,1996912,5606840,5606840,1120821,5606840,1137275,2588701,1912359,
    6969891,7594916,1316766,5641761,1542015,1614364,1120821,7594916,4361753,1912359,1316766,1912359,1912359,1996912,8794449,
    8794449,4503935,4140023,8458587,5632143,3557729,3557729,3557729,5606840,3557729,1542015,5632143,5991231,5632143,3557729,
    1137275,3557729,3557729,1542015,3557729,1302688,5641761,1542015,1614364,8794449,566269,5632143,1912359,7594916,3557729,
    1912359,3557729,3557729,1120821,7594916,8142419,8090913,3753688,7594916,4361962,2537456,2937043,4503935,4140023,8458587,
    7594916,8142419,2537456,7594916,3557729,3753688,3557729,3753688,1316766,6347114,5991231,5632143,5606840,1316766,6969891,
    6969891,1996912,7594916,1120821,1996912,7594916,6969891,7594916,2588701,1302688,2588701,1614364,8794449,566269,123413,
    4140023,8458587,4503935,4140023,8458587,5632143,1542015,5606840,1302688,1316766,6969891,1542015,5632143,5991231,7594916,
    4361753,3753688,1542015,1542015,1302688,2537456,1120821,5632143,1996912,5606840,3557729,1542015,5606840,6969891,3557729,
    1614364,8794449,8794449,2537456,566269,4503935,4140023,8458587,1996912,7594916,2588701,1316766,1996912,5606840,1316766,
    1120821,5632143,1996912,1137275,7594916,2588701,1912359,6969891,5606840,6969891,5641761,1302688,8794449,4503935,4140023,
    8458587,5632143,1542015,1996912,2588701,1542015,2588701,1302688,1120821,1542015,1137275,1996912,2588701,1912359,2588701,
    1912359,5641761,1542015,8794449,3279271,3322816,566269,2537456,3279271,4503935,4140023,8458587,5991231,1316766,1542015,
    6969891,3557729,1302688,1912359,1316766,5606840,2588701,6969891,7594916,6347114,7594916,8142419,1996912,1302688,2537456,
    9085190,6969891,8652168,1316766,2588701,1614364,6347114,5991231,5991231,1912359,3557729,1912359,1542015,3557729,2588701,
    1912359,6969891,7594916,5632143,5991231,5632143,2588701,1137275,5606840,1996912,1996912,1912359,1316766,5641761,1542015,
    1614364,1614364,6347114,2588701,1996912,2588701,5606840,5606840,1996912,1316766,1912359,1614364,8794449,8652168,4140023,
    566269,4503935,4140023,8458587,5632143,6969891,5606840,7594916,5606840,2588701,7594916,1120821,7594916,8142419,4361962,
    5606840,2588701,8652168,6969891,8794449,4503935,4140023,8458587,7594916,8142419,9085190,3557729,7594916,3557729,3753688,
    1120821,5632143,1912359,5606840,1912359,1996912,1542015,2588701,8794449,3279271,4503935,4140023,8458587,5632143,1542015,
    1302688,1912359,5606840,3557729,1912359,5632143,5991231,5632143,1542015,1302688,1912359,1542015,1542015,2588701,1614364,
    8794449,566269,8652168,4140023,2937043,8090913,1786149,613247,2937043,4503935,4140023,8458587,2588701,1137275,1996912,
    5606840,1302688,5606840,2588701,5641761,1542015,5632143,7594916,4361753,5606840,3557729,1996912,9085190,2588701,8794449,
    3279271,5632143,5606840,1316766,5606840,6969891,3557729,3557729,1120821,7594916,4361753,3557729,1302688,1542015,7594916,
    7594916,1912359,2937043,4503935,4140023,8458587,5632143,2588701,2588701,1542015,1316766,6969891,2588701,1120821,7594916,
    8142419,5606840,1912359,5606840,2588701,4361962,8794449,566269,4503935,4140023,8458587,5632143,3557729,1137275,2588701,
    1912359,7594916,1542015,5641761,1542015,1120821,3557729,1137275,2588701,1912359,2588701,1542015,3557729,5641761,1542015,
    8794449,7767974,123413,2937043,4503935,4140023,8458587,5632143,2588701,3557729,1996912,5606840,1302688,7594916,1120821,
    5991231,5991231,5632143,2588701,1316766,1912359,6969891,1542015,1912359,1120821,2588701,1302688,1302688,5606840,2588701,
    2588701,1614364,1120821,2588701,1302688,5606840,2588701,7594916,7594916,1614364,8794449,1786149,566269,4503935,4140023,
    8458587,7594916,8142419,1316766,2588701,1302688,1996912,5606840,5632143,1542015,1137275,5606840,5606840,1316766,5606840,
    5606840,5641761,1542015,8794449,5641761,1786149,613247,2937043,5641761,2525671,6318408,5641761,2937043,4111266,4639684,
    2937043,1427788,1170709,5991231,5606840,1316766,3557729,7594916,1996912,2588701,1542015,2588701,1996912,1316766,1912359,
    1302688,6347114,7594916,4361753,6969891,5641761,4639684,3557729,7594916,3753688,4639684,5641761,1614364,6347114,1996912,
    1137275,1316766,6969891,5606840,2588701,5606840,1316766,1912359,5641761,1912359,2937043,1624432,2556538,5641761,1786149,
    2937043,1786149,3279271,8142419,3279271,3753688,3576238,3279271,3322816,3279271,123413,4140023,3279271,5793077,3279271,
    2225277,4140023,3279271,5793077,3576238,3279271,9062081,3576238,3279271,1786149,3576238,3279271,6003611,3576238,3279271,
    4361962,3576238,566269,6003611,8458587,5991231,5632143,1996912,1137275,1996912,3557729,2588701,6969891,7594916,3557729,
    5641761,1302688,5632143,5991231,2588701,1316766,5606840,5606840,2588701,1302688,5632143,1542015,1137275,1912359,1542015,
    1302688,6969891,1542015,5641761,1542015,1614364,1614364,1120821,7594916,8142419,5504183,4639684,2537456,1302688,1316766,
    8794449,3279271,1786149,4111266,2525671,3279271,1786149,4111266,2525671,3279271,1786149,4111266,2525671,3279271,1786149,
    4111266,2525671,3279271,1786149,4111266,2525671,3279271,1786149,4111266,2525671,3279271,1786149,4111266,2525671,3279271,
    1786149,4111266,2525671,3279271,1786149,4111266,2525671,3279271,1786149,4111266,2525671,3279271,1786149,4111266,2525671,
    2937043,4361753,3576238,566269,1786149,4111266,2525671,2937043,5504183,3576238,566269,1786149,4111266,2525671,2937043,
    4621789,3576238,3279271,7838613,566269,1786149,4111266,2525671,3279271,1786149,4111266,2525671,2937043,4014937,4140023,
    3279271,8090913,3576238,3279271,2173957,3576238,3279271,2537456,566269,1786149,4111266,2525671,3279271,1786149,4111266,
    2525671,3279271,1786149,4111266,2525671,3279271,1786149,4111266,2525671,2937043,7117100,3576238,3279271,4503935,3576238,
    3279271,4503935,4140023,8458587,1996912,1996912,1316766,6969891,1542015,1316766,5632143,1996912,1996912,1316766,6969891,
    1542015,1302688,8794449,3279271,8159549,3279271,8652168,3279271,7701716,3279271,6318408,3576238,3279271,2434528,3576238,
    3279271,1624432,3279271,4503935,4140023,8458587,6969891,1996912,1302688,1302688,1542015,7594916,5632143,6969891,1996912,
    1302688,1302688,3557729,1912359,8794449,3279271,2237146,3576238,566269,1786149,4111266,2525671,3279271,1786149,4111266,
    2525671,3279271,1786149,4111266,2525671,3279271,1786149,4111266,2525671,3279271,1786149,4111266,2525671,3279271,1786149,
    4111266,2525671,3279271,1786149,4111266,2525671,3279271,1786149,4111266,2525671,3279271,1786149,4111266,2525671,3279271,
    1786149,4111266,2525671,3279271,1786149,4111266,2525671,2937043,1427788,4140023,566269,1786149,4111266,2525671,2937043,
    4111266,3576238,566269,1786149,4111266,2525671,2937043,2237146,3279271,2525671,4140023,566269,1786149,4111266,2525671,
    3279271,1786149,4111266,2525671,2937043,6904463,3279271,2225277,3279271,3454205,3279271,7838613,3576238,3279271,8202414,
    4140023,3279271,3322816,3576238,3279271,3576238,3576238,3279271,3606656,3576238,3279271,4140023,3576238,3279271,6651929,
    4140023,3279271,3454205,3576238,566269,6003611,8458587,5991231,7594916,4361753,1302688,1302688,1542015,1996912,1996912,
    613247,613247,1912359,5632143,7594916,4361753,7838613,2588701,1912359,2588701,5606840,1614364,6347114,1996912,1137275,
    1542015,5606840,2588701,7594916,1996912,1316766,6969891,5641761,1912359,8794449,3279271,6003611,8458587,5991231,1912359,
    7594916,5606840,1316766,7594916,5606840,3557729,1542015,2588701,6969891,1912359,6347114,5606840,1996912,2588701,1316766,
    2588701,2588701,1912359,6969891,6969891,1614364,6347114,7594916,4361753,1996912,3557729,9085190,3557729,5504183,1542015,
    8794449,3279271,1786149,4111266,2525671,3279271,1786149,4111266,2525671,3279271,1786149,4111266,2525671,3279271,1786149,
    4111266,2525671,3279271,1786149,4111266,2525671,3279271,1786149,4111266,2525671,3279271,1786149,4111266,2525671,3279271,
    1786149,4111266,2525671,3279271,1786149,4111266,2525671,2937043,123413,3576238,3279271,1427788,3279271,8652168,4140023,
    3279271,7701716,3576238,566269,1786149,4111266,2525671,3279271,3318536,749336,3279271,1786149,4111266,2525671,3279271,
    1786149,4111266,2525671,2937043,5504183,3279271,1786149,4140023,566269,1786149,4111266,2525671,3279271,1786149,4111266,
    2525671,2937043,2577324,3576238,3279271,4014937,3576238,3279271,2434528,566269,1786149,4111266,2525671,3279271,1786149,
    4111266,2525671,3279271,1786149,4111266,2525671,2937043,2185202,3576238,3279271,6904463,4140023,566269,1786149,4111266,
    2525671,3279271,1786149,4111266,2525671,2937043,5260148,566269,1786149,4111266,2525671,2937043,2185202,3279271,6003611,
    4140023,3279271,2225277,3576238,3279271,613247,3576238,566269,1786149,4111266,2525671,3279271,1786149,4111266,2525671,
    3279271,1786149,4111266,2525671,3279271,1786149,4111266,2525671,2937043,3606656,4140023,3279271,6102236,3576238,566269,
    1786149,4111266,2525671,3279271,1786149,4111266,2525671,2937043,9085190,3279271,4458139,4140023,3279271,2577324,3279271,
    8159549,3576238,566269,1786149,4111266,2525671,3279271,1786149,4111266,2525671,3279271,1786149,4111266,2525671,3279271,
    1786149,4111266,2525671,2937043,5641761,4140023,3279271,4458139,3576238,566269,1786149,4111266,2525671,3279271,1786149,
    4111266,2525671,2937043,5641761,3576238,3279271,8780476,3576238,566269,1786149,4111266,2525671,3279271,1786149,4111266,
    2525671,2937043,2556538,4140023,566269,1786149,4111266,2525671,2937043,8142419,3576238,3279271,8202414,3576238,3279271,
    4140023,566269,1786149,4111266,2525671,3279271,1786149,4111266,2525671,3279271,1786149,4111266,2525671,2937043,7767974,
    3576238,566269,1786149,4111266,2525671,2937043,2537456,3576238,3279271,6904463,3576238,566269,1786149,4111266,2525671,
    3279271,1786149,4111266,2525671,2937043,4361962,566269,1786149,4111266,2525671,2937043,7117100,566269,1786149,4111266,
    2525671,2937043,1427788,3576238,566269,1786149,4111266,2525671,2937043,3753688,3279271,4904021,3576238,3279271,7767974,
    566269,1427788,3279271,1786149,4111266,2525671,3279271,1786149,4111266,2525671,2937043,8652168,3576238,566269,1786149,
    4111266,2525671,2937043,8090913,566269,1786149,4111266,2525671,2937043,6102236,3279271,2525671,3576238,566269,1786149,
    4111266,2525671,3279271,1786149,4111266,2525671,2937043,1427788,566269,1786149,4111266,2525671,2937043,6651929,3576238,
    3279271,2556538,3576238,566269,1786149,4111266,2525671,3279271,1786149,4111266,2525671,2937043,4503935,4140023,8458587,
    5991231,5991231,5991231,5632143,3557729,6969891,1316766,5606840,2588701,3557729,1120821,2588701,1137275,1996912,1302688,
    5606840,1302688,5641761,3557729,1614364,1120821,7594916,4361753,6651929,2588701,9085190,4361962,8090913,1614364,1120821,
    5632143,1996912,1542015,5606840,6969891,2588701,1912359,7594916,1614364,1120821,1996912,7594916,2588701,1996912,1302688,
    1316766,2588701,8794449,3279271,1954959,3576238,566269,8652168,3279271,1786149,4111266,2525671,2937043,3949987,3576238,
    566269,1786149,4111266,2525671,2937043,4639684,4140023,566269,1786149,4111266,2525671,2937043,4503935,4140023,8458587,
    5606840,5606840,5606840,1302688,1542015,5606840,2588701,1542015,6347114,5991231,5991231,2588701,1137275,2588701,6969891,
    5606840,7594916,6969891,5641761,1542015,1120821,7594916,8142419,1912359,1542015,1302688,9085190,1542015,1316766,4639684,
    1302688,1614364,6347114,1912359,1137275,1912359,1996912,5606840,1996912,1316766,1542015,5641761,1302688,1614364,8794449,
    566269,1427788,2937043,4503935,4140023,8458587,7594916,8142419,2588701,9085190,7838613,4639684,5641761,1912359,1542015,
    6969891,6347114,1912359,1137275,1912359,2588701,1302688,2588701,1316766,5606840,5641761,1302688,8794449,566269,1786149,
    4111266,2525671,2937043,2525671,566269,6003611,8458587,5632143,2588701,1912359,6969891,1912359,1996912,1316766,1120821,
    2588701,1137275,1912359,6969891,1912359,2588701,1996912,5641761,1542015,8794449,1624432,3576238,566269,1786149,4111266,
    2525671,2937043,4621789,566269,1786149,4111266,2525671,2937043,4503935,4140023,8458587,5632143,3557729,7594916,5606840,
    2588701,7594916,1912359,5632143,5991231,5632143,3557729,1137275,7594916,5606840,2588701,7594916,1316766,5641761,1542015,
    1614364,8794449,566269,1786149,4111266,2525671,2937043,4361753,566269,1786149,4111266,2525671,2937043,4639684,3576238,
    566269,1786149,4111266,2525671,2937043,6318408,566269,1786149,4111266,2525671,2937043,5260148,3576238,566269,1786149,
    4111266,2525671,2937043,9085190,3576238,566269,1786149,4111266,2525671,2937043,4904021,3279271,1427788,566269,1786149,
    4111266,2525671,3279271,1996912,1137275,1302688,5606840,2588701,3557729,1316766,1316766,1912359,6969891,1542015,5641761,
    6969891,6347114,7594916,8142419,1996912,1996912,1316766,5606840,8090913,2588701,5606840,2937043,5641761,2525671,6318408,
    5641761,4111266,4639684,2937043,1427788,1170709,2588701,1137275,7594916,7594916,1302688,1302688,5641761,3557729,1120821,
    5991231,1996912,7594916,1912359,1302688,1302688,6969891,7594916,1542015,5632143,5606840,2588701,1542015,1912359,1996912,
    2588701,1614364,1624432,2556538,5641761,1786149,2937043,2225277,566269,8202414,5991231,2225277,1614364,6102236,566269,
    8202414,5991231,6102236,1614364,2237146,566269,1786149,4111266,2525671,2937043,5260148,566269,8202414,5991231,5260148,
    1614364,5793077,566269,1786149,4111266,2525671,2937043,3753688,566269,8202414,5991231,3753688,1614364,7701716,566269,
    8202414,5991231,7701716,1614364,5793077,566269,6651929,5991231,1614364,3322816,566269,8202414,5991231,3322816,1614364,
    1427788,566269,7594916,4361753,1316766,4639684,6651929,1302688,3557729,2588701,1996912,6969891,6347114,5991231,5632143,
    3557729,3557729,1316766,1302688,1316766,1912359,1120821,5991231,5632143,6969891,1137275,1316766,2588701,3557729,2588701,
    1316766,5641761,1542015,1120821,5991231,2588701,2588701,6969891,1542015,1316766,5606840,5606840,1302688,5632143,3557729,
    7594916,6969891,1542015,5606840,1316766,1614364,1614364,1614364,5504183,566269,8202414,5991231,5504183,1614364,9085190,
    566269,1786149,4111266,2525671,2937043,9085190,566269,5632143,6969891,3557729,1302688,1912359,1302688,2588701,1120821,
    6969891,1137275,3557729,1302688,1912359,1302688,2588701,5641761,1542015,2937043,6904463,566269,8202414,5991231,6904463,
    1614364,2525671,3279271,3322816,3279271,4361962,3279271,6318408,566269,1786149,4111266,2525671,3279271,4458139,5991231,
    5632143,2588701,1542015,2588701,5606840,6969891,1542015,1120821,5991231,1996912,1137275,1996912,3557729,1302688,1912359,
    3557729,5606840,5641761,1302688,5632143,7594916,8142419,8652168,7594916,4639684,2588701,5504183,1614364,1614364,3279271,
    1786149,4111266,2525671,3279271,1786149,4111266,2525671,2937043,6904463,566269,6651929,5991231,1614364,2225277,566269,
    1786149,4111266,2525671,2937043,3606656,8458587,6904463,8794449,566269,2225277,2937043,2525671,566269,1786149,4111266,
    2525671,2937043,2225277,566269,6651929,5991231,1614364,6318408,566269,2588701,1137275,5606840,2588701,1542015,7594916,
    2588701,7594916,1316766,5641761,1316766,6347114,1302688,1137275,3557729,1542015,1316766,5606840,1316766,3557729,5641761,
    1302688,2937043,3606656,8458587,2225277,8794449,566269,2525671,2937043,3753688,566269,4639684,8458587,3322816,8794449,
    6102236,3279271,3322816,3279271,5260148,566269,4458139,5991231,2588701,1912359,5606840,1316766,6969891,3557729,1316766,
    1542015,1316766,6347114,7594916,4361753,4361962,1316766,2588701,1302688,6969891,5641761,1614364,3279271,4458139,5991231,
    7594916,4361753,5606840,3557729,5504183,4361962,6969891,1120821,5991231,1302688,1137275,3557729,7594916,7594916,1316766,
    5641761,3557729,5632143,7594916,8142419,5606840,7838613,7594916,6969891,3557729,1614364,1614364,3279271,4458139,5991231,
    1912359,1137275,7594916,7594916,1302688,2588701,5641761,3557729,5632143,5606840,1996912,1542015,1316766,1542015,1614364,
    2525671,566269,3753688,8458587,3322816,8794449,5504183,3279271,3753688,566269,4458139,5991231,5632143,6969891,1137275,
    1302688,6969891,6969891,1912359,5606840,5641761,1542015,1120821,1996912,7594916,7594916,1316766,3557729,1542015,7594916,
    1614364,3279271,3318536,749336,3322816,566269,6651929,5991231,1614364,3606656,8458587,3322816,8794449,566269,3753688,
    2937043,2237146,566269,4639684,8458587,6102236,8794449,6102236,566269,4458139,5991231,5991231,5632143,1302688,1542015,
    6969891,3557729,7594916,1996912,1120821,5632143,2588701,1542015,1912359,1316766,1542015,1614364,5632143,5991231,5632143,
    1912359,1137275,2588701,5606840,1302688,6969891,5641761,1542015,1614364,1614364,3753688,566269,2237146,8458587,6102236,
    8794449,6102236,566269,4639684,8458587,5260148,8794449,5260148,566269,4458139,5991231,7594916,8142419,1316766,7838613,
    3753688,1316766,3557729,5632143,5991231,5632143,1302688,1137275,1542015,5606840,1542015,5641761,3557729,5632143,5991231,
    5632143,1542015,6969891,6969891,5606840,2588701,5606840,1614364,1614364,1614364,2237146,566269,6102236,8458587,5260148,
    8794449,5260148,566269,4639684,8458587,5504183,8794449,5504183,566269,4458139,5991231,1912359,1137275,7594916,1302688,
    1302688,1996912,1302688,3557729,1542015,6969891,5641761,1316766,6347114,7594916,4361753,3753688,1912359,8090913,1316766,
    1302688,1316766,1614364,6102236,566269,5260148,8458587,5504183,8794449,5504183,566269,6651929,5991231,1614364,5260148,
    566269,6651929,5991231,1614364,4361962,566269,6318408,2937043,3606656,8458587,5260148,8794449,566269,6102236,2937043,
    6102236,3279271,6318408,566269,5632143,1996912,7594916,7594916,1996912,1912359,1996912,3557729,5632143,5991231,5991231,
    7594916,4361753,2588701,2537456,1316766,1120821,5632143,1996912,1302688,1316766,3557729,5606840,6969891,5606840,1614364,
    5632143,5991231,5632143,1302688,1316766,1996912,6969891,6969891,1912359,1614364,1614364,3279271,1316766,1137275,1542015,
    1302688,5606840,6969891,6969891,1316766,2588701,1542015,5641761,1316766,6347114,3557729,6969891,1542015,7594916,2588701,
    1316766,1316766,2937043,3606656,8458587,5504183,8794449,566269,6102236,2937043,7701716,566269,6318408,2937043,6318408,
    3279271,6102236,566269,1996912,1912359,1996912,1912359,7594916,2588701,5632143,7594916,4361753,2588701,6969891,5641761,
    7838613,1302688,3279271,3318536,749336,3606656,8458587,5793077,8794449,566269,9085190,2937043,9085190,3279271,2434528,
    566269,2588701,1137275,2588701,1912359,1912359,6969891,5606840,7594916,5606840,5606840,1996912,5641761,6969891,6347114,
    5991231,1996912,1996912,1912359,1996912,1542015,1542015,2588701,1996912,5632143,5606840,5606840,1316766,2588701,1912359,
    1614364,3279271,6318408,743293,7701716,2937043,6318408,566269,9085190,5632143,7701716,2937043,5641761,2525671,6318408,
    5641761,2937043,4904021,3279271,4140023,566269,4458139,5991231,5632143,1302688,2588701,1302688,7594916,7594916,1912359,
    5632143,5991231,5632143,1302688,1137275,1302688,3557729,1542015,5606840,2588701,5641761,1542015,1614364,1614364,3279271,
    4458139,5991231,5632143,6969891,6969891,6969891,5606840,7594916,7594916,5632143,5991231,5632143,1996912,7594916,5606840,
    1912359,1316766,1302688,5606840,1614364,1614364,2537456,566269,4639684,8458587,4140023,8794449,1427788,566269,5991231,
    5991231,5632143,5606840,1316766,3557729,1912359,1996912,2588701,1120821,5632143,5606840,1137275,2588701,5606840,1996912,
    3557729,2588701,5641761,1542015,1614364,1120821,5991231,7594916,4361753,6969891,3753688,6969891,6969891,2588701,1120821,
    7594916,8142419,2588701,613247,5641761,5606840,9085190,1614364,1614364,1120821,1302688,7594916,7594916,5606840,1912359,
    2588701,2588701,2937043,2434528,566269,4639684,8458587,4904021,8794449,4140023,566269,2537456,5991231,2434528,1614364,
    2537456,566269,4458139,5991231,1996912,1137275,1316766,1316766,1302688,1542015,1542015,6969891,5606840,6969891,5641761,
    6969891,6347114,1912359,5606840,1302688,6969891,2588701,2588701,2588701,1614364,4639684,8458587,2537456,8794449,566269,
    4140023,2937043,5641761,1786149,613247,2937043,5641761,1786149,613247,2937043,5641761,1786149,613247,2937043,5641761,
    1786149,613247,2937043,5641761,2525671,6318408,5641761,2937043,4111266,4639684,2937043,1427788,743293,5632143,1912359,
    1316766,1912359,1996912,7594916,1996912,1120821,6969891,1137275,1316766,3557729,1302688,3557729,6969891,1302688,5641761,
    1302688,2937043,1624432,2556538,5641761,1786149,2937043,4111266,4639684,2937043,7594916,8142419,1912359,3753688,8652168,
    7838613,3557729,3753688,613247,2537456,6347114,2588701,1137275,2588701,6969891,7594916,6969891,1316766,7594916,1542015,
    5641761,1912359,743293,1427788,2937043,1624432,2556538,5641761,1786149,2937043,4111266,4639684,2937043,1427788,1170709,
    6969891,1996912,1912359,7594916,1316766,1996912,3557729,5632143,5991231,5632143,1542015,1137275,5606840,5606840,1542015,
    6969891,1542015,5641761,1542015,1614364,1624432,2556538,5641761,1786149,2937043,4111266,4639684,5991231,7594916,8142419,
    3753688,1912359,1316766,1302688,7594916,1120821,7594916,4361753,1912359,1542015,5606840,1302688,8652168,8090913,1614364,
    5632143,5991231,5632143,1316766,1137275,1912359,1316766,1316766,1302688,5641761,1542015,1614364,743293,1427788,2937043,
    1624432,2556538,5641761,1786149,2937043,7701716,3279271,1427788,566269,4458139,5991231,7594916,4361753,2588701,613247,
    613247,1302688,613247,5632143,7594916,4361753,2588701,3557729,1302688,613247,7594916,1614364,3279271,5504183,2937043,
    4361962,566269,4639684,8458587,7701716,8794449,9085190,3279271,5793077,3279271,6318408,566269,1427788,3279271,4361962,
    3279271,1427788,2937043,1427788,566269,4361962,2937043,8090913,1786149,613247,2937043,3557729,1137275,2588701,1316766,
    7594916,3557729,5606840,1912359,5641761,1302688,5632143,5991231,1996912,1137275,1302688,3557729,1302688,1912359,1316766,
    3557729,5641761,1302688,5632143,1316766,1316766,3557729,1996912,3557729,1996912,1614364,7767974,123413,5991231,5632143,
    1316766,1542015,1996912,2588701,3557729,6969891,1120821,5606840,1542015,7594916,1316766,3557729,7594916,1614364,1120821,
    7594916,8142419,8090913,8652168,8652168,1302688,1542015,5606840,2937043,5641761,2525671,6318408,5641761,4111266,4639684,
    2937043,1427788,1170709,1302688,1316766,1302688,1912359,3557729,1996912,1120821,1316766,6969891,7594916,1316766,2588701,
    1316766,2588701,2937043,1624432,2556538,5641761,1786149,2937043,2577324,566269,1996912,1542015,6969891,1316766,1542015,
    1316766,3557729,7594916,1542015,1542015,6347114,5991231,7594916,8142419,5606840,1996912,1912359,1542015,5504183,2588701,
    8090913,4361962,6347114,1996912,1137275,1912359,1996912,1996912,5606840,1996912,1542015,1316766,5641761,1912359,1614364,
    8142419,566269,2237146,566269,566269,2577324,2937043,1427788,566269,8142419,2937043,8090913,1786149,613247,2937043,
    1316766,1137275,1316766,3557729,1542015,1302688,1912359,5641761,1542015,1120821,1996912,7594916,1302688,3557729,1316766,
    3557729,1542015,2588701,2937043,7767974,123413,5632143,1316766,7594916,1912359,2588701,1302688,7594916,1120821,1996912,
    1542015,1542015,3557729,5606840,3557729,1996912,5606840,2937043,5641761,2525671,6318408,5641761,2937043,4503935,4140023,
    8458587,7594916,8142419,6651929,613247,2537456,7594916,5606840,5632143,7594916,4361753,4639684,8652168,6969891,1996912,
    1302688,8794449,3279271,4503935,4140023,8458587,2588701,1137275,3557729,1912359,1996912,7594916,1302688,5606840,1302688,
    5641761,1316766,6347114,6969891,1316766,1316766,3557729,2588701,3557729,1542015,8794449,3279271,4503935,4140023,8458587,
    5632143,5606840,1137275,1542015,2588701,2588701,2588701,5606840,5641761,1542015,1120821,5606840,1542015,2588701,3557729,
    1542015,6969891,8794449,566269,4458139,5991231,5991231,5632143,1542015,1137275,7594916,1542015,1302688,3557729,2588701,
    5641761,1542015,5632143,5991231,5632143,2588701,1302688,1542015,1912359,1542015,1912359,5632143,5991231,6969891,2588701,
    5606840,1912359,1912359,1302688,1120821,5991231,7594916,8142419,2588701,613247,5641761,1912359,5606840,1120821,5632143,
    1996912,1542015,6969891,1542015,3557729,1912359,6969891,1614364,1614364,1614364,1614364,5632143,5991231,5632143,1912359,
    1302688,2588701,7594916,6969891,1302688,1614364,1614364,3279271,4458139,5991231,5632143,1996912,7594916,1996912,7594916,
    1912359,1542015,1316766,1120821,1996912,7594916,3557729,6969891,2588701,1912359,1912359,1614364,3279271,5991231,7594916,
    8142419,8652168,5606840,1996912,613247,7838613,1120821,1996912,6969891,1996912,1912359,6969891,1302688,2588701,1316766,
    3557729,3557729,6969891,3557729,5606840,1302688,1542015,6969891,6347114,1996912,1137275,2588701,1912359,7594916,1996912,
    1912359,3557729,7594916,1912359,2588701,1996912,2588701,1542015,1542015,5641761,1996912,5606840,1614364,5632143,1912359,
    1302688,6969891,7594916,1316766,1302688,2937043,4503935,4140023,8458587,3557729,1137275,1302688,1542015,5606840,1996912,
    1996912,5641761,1542015,1120821,5632143,3557729,1302688,1542015,7594916,1912359,6969891,8794449,566269,3606656,8458587,
    2556538,8458587,5632143,3557729,1137275,1302688,1912359,6969891,5606840,1302688,5641761,1542015,1120821,3557729,1302688,
    1912359,6969891,5606840,1912359,8794449,8794449,4503935,4140023,8458587,5991231,5632143,1542015,1996912,1302688,7594916,
    1302688,3557729,5632143,5991231,5632143,1302688,6969891,1912359,6969891,2588701,1542015,1614364,1614364,1120821,5632143,
    1996912,1316766,1996912,1302688,2588701,1316766,8794449,566269,3606656,8458587,2556538,8458587,7594916,4361753,1542015,
    1316766,5641761,1316766,1996912,1120821,5632143,5606840,1302688,3557729,1996912,1542015,6969891,8794449,8794449,4503935,
    4140023,8458587,5991231,5632143,5606840,1302688,1316766,1996912,6969891,6969891,1120821,2588701,1137275,1302688,6969891,
    1316766,1316766,1542015,5641761,1542015,1614364,5632143,5991231,5632143,6969891,1316766,1542015,3557729,1316766,1614364,
    8794449,566269,4503935,4140023,8458587,5991231,5632143,1996912,1137275,1996912,1996912,5606840,5606840,7594916,1912359,
    5641761,1302688,5632143,5991231,5632143,3557729,1137275,1302688,3557729,7594916,1542015,5641761,1542015,1614364,1614364,
    1120821,7594916,4361753,6969891,5641761,6969891,1996912,2588701,8794449,5991231,4503935,4140023,8458587,5632143,2588701,
    5606840,1316766,2588701,1302688,7594916,1120821,5991231,1996912,1137275,2588701,6969891,1996912,1316766,5606840,5641761,
    1542015,5632143,5991231,5606840,3557729,1302688,1912359,1316766,1996912,1120821,5632143,3557729,1137275,1542015,1302688,
    7594916,6969891,5606840,5641761,1542015,1614364,1614364,8794449,3279271,4503935,4140023,8458587,2588701,1302688,1996912,
    1542015,5606840,3557729,1302688,1996912,6969891,3557729,6347114,1996912,5606840,1996912,3557729,2588701,3557729,3557729,
    2588701,8794449,1614364,4503935,4140023,8458587,7594916,8142419,1316766,3557729,1302688,1542015,1542015,1120821,5632143,
    1542015,3557729,2588701,7594916,1302688,2588701,8794449,566269,4503935,4140023,8458587,5991231,7594916,8142419,1542015,
    6651929,7838613,5606840,8090913,1912359,1912359,8090913,5632143,5991231,5632143,6969891,6969891,1542015,5606840,1912359,
    6969891,1614364,1614364,6347114,5991231,7594916,8142419,1912359,2537456,6969891,6651929,1302688,3753688,5632143,1542015,
    1137275,1302688,5606840,1302688,2588701,1542015,5641761,1542015,1614364,8794449,8458587,4503935,4140023,8458587,5606840,
    1137275,6969891,1912359,1542015,7594916,1316766,1542015,3557729,1316766,3557729,5641761,6969891,6347114,7594916,4361753,
    4639684,2588701,6969891,5641761,9085190,1542015,8794449,8794449,4503935,4140023,8458587,5632143,1912359,1137275,1542015,
    2588701,2588701,3557729,1316766,5641761,1542015,1120821,1912359,1137275,1542015,2588701,3557729,1316766,1996912,5641761,
    1542015,8794449,566269,3606656,8458587,2556538,8458587,5991231,1996912,1542015,6969891,2588701,1996912,7594916,1120821,
    7594916,4361753,1542015,6969891,1316766,8090913,3753688,8090913,1542015,8652168,1614364,6347114,6969891,2588701,1912359,
    3557729,2588701,3557729,2588701,8794449,8794449,2525671,3576238,566269,4503935,4140023,8458587,5632143,3557729,1542015,
    1912359,5606840,2588701,1542015,1120821,3557729,1137275,1542015,1912359,1542015,1542015,1302688,5641761,1542015,8794449,
    4503935,4140023,8458587,1542015,1137275,2588701,1912359,1996912,1316766,1912359,2588701,5606840,2588701,5641761,1316766,
    6347114,1996912,1542015,1542015,7594916,1542015,1542015,7594916,7594916,8794449,566269,4503935,4140023,8458587,5991231,
    5632143,6969891,6969891,6969891,1542015,5606840,5632143,5991231,3557729,1137275,1996912,5606840,1996912,6969891,2588701,
    5641761,1542015,1120821,3557729,1316766,5606840,6969891,5606840,1996912,1912359,2588701,1316766,1614364,6347114,5991231,
    2588701,7594916,3557729,1542015,2588701,6969891,6969891,3557729,1316766,6347114,1996912,1137275,3557729,3557729,7594916,
    5606840,3557729,1912359,2588701,5641761,1912359,1614364,1614364,5632143,5991231,5632143,5606840,1912359,6969891,6969891,
    1316766,1302688,1614364,8794449,8458587,2525671,3576238,8794449,4503935,4140023,8458587,7594916,8142419,1316766,7594916,
    3557729,2537456,5606840,1120821,5632143,1542015,2588701,1542015,2588701,3557729,1996912,8794449,566269,3606656,8458587,
    2556538,8458587,5991231,5991231,1996912,5606840,1302688,1912359,1542015,1996912,2588701,5632143,1912359,1996912,1302688,
    5606840,1302688,1996912,1614364,1120821,5632143,1542015,1542015,1316766,1912359,6969891,1614364,5632143,1542015,1137275,
    6969891,1542015,2588701,1912359,1996912,5641761,1542015,8794449,8794449,4503935,4140023,8458587,5991231,5632143,1302688,
    1912359,1302688,6969891,7594916,2588701,1120821,1996912,1542015,7594916,1996912,1996912,1302688,7594916,1614364,1120821,
    5632143,1316766,2588701,3557729,7594916,2588701,7594916,8794449,566269,5632143,3557729,1137275,6969891,5606840,1542015,
    3557729,3557729,5641761,1542015,1120821,1996912,2588701,2588701,7594916,2588701,7594916,1912359,1316766,2588701,7594916,
    1912359,3557729,6969891,1542015,2937043,4503935,4140023,8458587,7594916,4361753,5606840,7594916,1316766,5504183,9085190,
    5606840,1996912,1542015,6347114,1542015,5606840,2588701,5606840,1912359,7594916,1302688,8794449,566269,3606656,8458587,
    2556538,8458587,5632143,3557729,5606840,1302688,1912359,7594916,7594916,1120821,3557729,5606840,1302688,1912359,7594916,
    2588701,8794449,8794449,4503935,4140023,8458587,1302688,6969891,3557729,6969891,3557729,1120821,5991231,5632143,1542015,
    5606840,2588701,1302688,5606840,1542015,1120821,3557729,1137275,1302688,5606840,5606840,1912359,1912359,5641761,1542015,
    1614364,8794449,566269,4503935,4140023,8458587,7594916,4361753,6969891,1302688,1996912,7594916,1316766,1120821,5632143,
    1302688,1137275,1996912,3557729,3557729,2588701,6969891,5641761,1542015,8794449,5991231,4503935,4140023,8458587,2588701,
    1912359,1316766,5606840,1542015,1996912,1120821,5632143,2588701,1912359,1316766,1996912,1996912,3557729,8794449,3279271,
    4503935,4140023,8458587,3557729,1137275,7594916,1316766,7594916,5606840,1302688,1316766,1316766,1316766,5641761,1316766,
    6347114,5991231,5632143,2588701,1137275,6969891,1316766,1912359,1542015,1542015,5641761,1542015,1120821,6969891,1302688,
    6969891,1912359,5606840,6969891,7594916,2588701,6969891,6347114,5991231,7594916,4361753,4639684,5641761,3557729,1542015,
    8652168,1316766,6969891,6347114,2588701,1137275,3557729,1316766,3557729,3557729,5606840,7594916,1542015,5641761,1912359,
    1614364,1614364,8794449,1614364,1427788,566269,7594916,8142419,1996912,9085190,5641761,1302688,1542015,1316766,6969891,
    1996912,6347114,5991231,1996912,1996912,1996912,1542015,1302688,1302688,2588701,3557729,5632143,5991231,5632143,1996912,
    1912359,6969891,1542015,1912359,1316766,1614364,1614364,4503935,4140023,8458587,5991231,1996912,7594916,1996912,7594916,
    7594916,1542015,1912359,5632143,5991231,5632143,1542015,5606840,3557729,6969891,3557729,6969891,1120821,7594916,4361753,
    3753688,1302688,1542015,1996912,1302688,1614364,1614364,5632143,1912359,1137275,5606840,2588701,3557729,1302688,5606840,
    5641761,1542015,8794449,566269,4503935,4140023,8458587,1302688,5606840,1302688,1912359,1996912,1542015,2588701,1316766,
    6969891,6347114,5991231,7594916,8142419,5606840,8090913,3557729,613247,7594916,2588701,5632143,5606840,1137275,1912359,
    6969891,7594916,6969891,6969891,5641761,1542015,1614364,8794449,8458587,4503935,4140023,8458587,5632143,1302688,1137275,
    1996912,1996912,1912359,1542015,6969891,5641761,1542015,5632143,5991231,5632143,1302688,1137275,1996912,1996912,6969891,
    6969891,1542015,5641761,1542015,1614364,8794449,8794449,2525671,3576238,3279271,6003611,4140023,566269,4503935,4140023,
    8458587,5991231,5632143,3557729,3557729,7594916,2588701,5606840,1302688,1120821,5991231,5991231,5632143,1912359,1137275,
    7594916,1302688,2588701,1302688,1912359,5641761,1542015,1120821,1996912,1137275,6969891,1996912,1302688,1302688,1912359,
    5606840,1996912,1302688,5641761,1316766,1614364,5632143,5991231,1542015,1137275,3557729,1302688,5606840,1996912,5641761,
    3557729,5632143,5991231,2588701,1137275,5606840,1542015,6969891,1912359,5606840,5641761,1542015,1120821,5632143,3557729,
    1316766,5606840,1912359,1316766,1316766,1614364,1614364,1614364,1614364,6347114,5991231,1316766,1137275,7594916,1542015,
    1316766,1302688,5606840,5641761,1542015,1120821,1996912,1137275,1996912,1912359,1542015,2588701,1302688,5641761,1542015,
    1614364,8794449,3279271,4503935,4140023,8458587,5991231,1316766,1302688,6969891,1912359,3557729,3557729,1120821,5606840,
    1137275,1316766,1542015,2588701,1912359,3557729,1542015,1912359,5641761,1912359,1614364,6347114,3557729,5606840,1912359,
    1912359,3557729,3557729,1996912,8794449,4503935,4140023,8458587,6969891,7594916,2588701,2588701,2588701,6969891,1120821,
    5632143,6969891,7594916,1996912,6969891,6969891,1542015,8794449,566269,6003611,4140023,8458587,2525671,3576238,8794449,
    1786149,566269,4503935,4140023,8458587,5632143,3557729,1137275,1542015,3557729,2588701,1912359,1912359,5641761,1542015,
    1120821,3557729,1137275,1542015,3557729,1542015,1996912,1996912,5641761,1542015,8794449,4503935,4140023,8458587,5632143,
    1996912,7594916,5606840,1912359,5606840,7594916,1996912,1120821,1996912,7594916,5606840,1912359,1542015,5606840,1912359,
    8794449,566269,3318536,1786149,5991231,3454205,1614364,749336,4503935,4140023,8458587,7594916,8142419,5606840,6969891,
    7594916,6969891,3557729,5504183,6969891,1996912,6347114,5991231,7594916,8142419,3753688,613247,3753688,3557729,1912359,
    1316766,5632143,5991231,7594916,4361753,4639684,8090913,1316766,3753688,6969891,5632143,1996912,1137275,1316766,1302688,
    1316766,1912359,6969891,3557729,1316766,1302688,1302688,5641761,6969891,6347114,5991231,7594916,4361753,8090913,5504183,
    1542015,9085190,5641761,7594916,5632143,5991231,5632143,1912359,1542015,1912359,6969891,1316766,2588701,1614364,1614364,
    1614364,1614364,8794449,566269,3318536,123413,5991231,4503935,4140023,8458587,7594916,4361753,6969891,9085190,1912359,
    5606840,7594916,5632143,7594916,8142419,6969891,9085190,1302688,3557729,3557729,8794449,1614364,749336,6003611,4140023,
    566269,4503935,4140023,8458587,7594916,8142419,1912359,1542015,6969891,1912359,5606840,1120821,5991231,7594916,4361753,
    5606840,1912359,613247,4639684,7594916,1120821,5991231,5991231,7594916,8142419,8652168,1302688,7594916,5504183,4639684,
    1120821,5991231,5991231,5991231,5632143,2588701,5606840,3557729,6969891,6969891,1996912,5632143,6969891,1302688,2588701,
    7594916,1542015,2588701,3557729,1912359,6969891,6347114,7594916,8142419,1302688,4639684,4639684,6651929,6651929,4639684,
    1614364,1120821,5632143,6969891,6969891,5606840,7594916,7594916,2588701,1614364,5632143,5991231,5632143,6969891,1542015,
    6969891,3557729,1912359,1614364,1614364,1614364,5632143,5991231,5632143,1542015,1137275,5606840,3557729,3557729,6969891,
    5641761,3557729,1614364,1614364,1614364,8794449,4503935,4140023,8458587,6969891,1542015,5606840,2588701,1996912,7594916,
    3557729,6969891,1542015,6347114,7594916,8142419,3557729,6651929,5641761,2537456,2537456,9085190,8794449,566269,3606656,
    8458587,2556538,8458587,2588701,1302688,1996912,2588701,6969891,1316766,5632143,2588701,1302688,1996912,2588701,6969891,
    1996912,8794449,8794449,4503935,4140023,8458587,1996912,7594916,1316766,1542015,2588701,6969891,1120821,5632143,1996912,
    7594916,1316766,2588701,6969891,1996912,8794449,566269,3318536,4503935,4140023,8458587,5632143,6969891,7594916,7594916,
    1912359,1316766,2588701,1120821,6969891,7594916,1996912,7594916,1996912,6969891,8794449,5991231,6003611,4140023,1614364,
    749336,4503935,4140023,8458587,1912359,1137275,2588701,2588701,6969891,6969891,1542015,5641761,1542015,1120821,5632143,
    1912359,2588701,2588701,1912359,1542015,6969891,8794449,566269,3318536,123413,5991231,4503935,4140023,8458587,5632143,
    1912359,1542015,1996912,1996912,1316766,3557729,5632143,5991231,5632143,1912359,1137275,1542015,1996912,3557729,2588701,
    2588701,5641761,1542015,1614364,8794449,1614364,749336,4503935,4140023,8458587,5632143,5606840,1137275,1996912,3557729,
    2588701,1316766,3557729,5641761,1542015,5632143,5991231,5632143,5606840,1996912,3557729,1542015,2588701,2588701,1614364,
    8794449,566269,3606656,8458587,2556538,8458587,5991231,5991231,7594916,4361753,2588701,5606840,5641761,7594916,613247,
    5504183,6969891,2588701,4361962,6651929,6347114,1996912,1912359,1996912,2588701,2588701,1302688,2588701,1302688,3557729,
    6969891,5632143,5606840,1137275,1302688,7594916,5606840,6969891,5606840,5641761,1542015,1614364,5632143,5991231,5632143,
    3557729,3557729,7594916,2588701,1912359,1302688,1614364,1614364,6347114,1996912,1137275,7594916,1542015,2588701,1542015,
    5606840,1912359,6969891,5641761,1912359,8794449,8794449,4503935,4140023,8458587,5632143,1302688,5606840,2588701,6969891,
    1302688,6969891,1120821,1302688,5606840,5606840,2588701,7594916,6969891,8794449,566269,3606656,8458587,2556538,8458587,
    5991231,5632143,2588701,6969891,1996912,2588701,5606840,1912359,1120821,2588701,3557729,1912359,1302688,1912359,2588701,
    1614364,5632143,5991231,5632143,3557729,1137275,5606840,1542015,1302688,1302688,5641761,3557729,1614364,8794449,8794449,
    2537456,3279271,4503935,4140023,8458587,7594916,4361753,8652168,5606840,5641761,6969891,1316766,5632143,1316766,1302688,
    1912359,1912359,3557729,1316766,8794449,566269,4503935,4140023,8458587,5991231,5632143,3557729,1302688,1316766,1542015,
    1542015,7594916,1120821,6969891,1912359,1996912,1302688,7594916,1912359,1614364,1120821,5632143,1542015,1137275,7594916,
    2588701,1316766,2588701,1996912,5641761,1542015,8794449,3279271,5632143,3557729,1542015,1996912,7594916,1316766,1316766,
    1120821,7594916,4361753,1996912,5641761,4639684,5606840,9085190,1542015,1302688,9085190,5606840,4361962,4639684,1542015,
    2937043,4503935,4140023,8458587,5991231,5632143,6969891,1137275,6969891,1912359,1316766,1302688,3557729,5641761,1542015,
    1120821,1996912,3557729,3557729,1996912,1912359,1912359,1316766,5606840,5606840,1614364,6347114,5991231,2588701,1137275,
    6969891,1542015,7594916,1542015,5641761,1542015,5632143,5991231,7594916,4361753,1316766,1316766,9085190,1542015,2588701,
    1120821,5632143,1316766,1316766,2588701,7594916,1542015,1316766,1614364,1614364,8794449,566269,3606656,8458587,2556538,
    8458587,7594916,8142419,4639684,1542015,1302688,7594916,4639684,1912359,2588701,6347114,1996912,7594916,1912359,2588701,
    7594916,1912359,1302688,2588701,8794449,8794449,4503935,4140023,8458587,6969891,1302688,5606840,1316766,5606840,1302688,
    5632143,7594916,4361753,5641761,7838613,3557729,7594916,6969891,8794449,566269,4458139,5991231,2588701,1137275,7594916,
    3557729,3557729,7594916,2588701,1302688,1912359,1912359,5641761,1316766,6347114,7594916,4361753,1996912,1302688,5504183,
    2588701,6651929,613247,1614364,4503935,4140023,8458587,7594916,4361753,8090913,6969891,6969891,2588701,1316766,3753688,
    3557729,6347114,7594916,8142419,6969891,4639684,2588701,1316766,1912359,4639684,1120821,5991231,5632143,1912359,1316766,
    3557729,1542015,7594916,1542015,5632143,5991231,5632143,2588701,6969891,1542015,1996912,6969891,7594916,1614364,1614364,
    8794449,566269,4503935,4140023,8458587,7594916,8142419,1912359,1316766,1316766,4361962,7594916,5632143,3557729,1137275,
    6969891,5606840,1542015,1542015,1996912,5641761,1542015,8794449,5991231,4503935,4140023,8458587,5632143,1542015,5606840,
    1996912,1316766,1996912,1302688,5632143,5991231,5632143,1542015,5606840,2588701,7594916,1542015,6969891,1614364,8794449,
    3279271,4503935,4140023,8458587,3557729,1302688,2588701,1542015,6969891,2588701,1120821,5632143,3557729,1302688,2588701,
    5606840,3557729,1316766,8794449,1614364,4503935,4140023,8458587,5991231,5632143,1996912,1996912,1912359,1912359,1542015,
    1302688,1120821,1302688,1137275,1316766,1316766,1302688,5641761,5606840,1614364,1120821,1996912,1137275,1996912,1996912,
    1996912,7594916,6969891,5641761,1542015,8794449,566269,4503935,4140023,8458587,1912359,1137275,1316766,5606840,5606840,
    3557729,3557729,5641761,1542015,1120821,5632143,1912359,1316766,5606840,1996912,7594916,3557729,8794449,8458587,4503935,
    4140023,8458587,5632143,6969891,3557729,1912359,1316766,1996912,2588701,1120821,6969891,3557729,1316766,7594916,1542015,
    3557729,8794449,8794449,4503935,4140023,8458587,1302688,1912359,1302688,6969891,1996912,5606840,7594916,5606840,1912359,
    6347114,5991231,7594916,4361753,6969891,6969891,6969891,2588701,1996912,1996912,5632143,5991231,5632143,1302688,1137275,
    1302688,1912359,7594916,1912359,5641761,3557729,5632143,5991231,5632143,1996912,1912359,1302688,1542015,7594916,1316766,
    1614364,1614364,1614364,8794449,566269,4503935,4140023,8458587,2588701,2588701,3557729,1316766,6969891,2588701,1120821,
    5632143,2588701,2588701,3557729,1302688,1542015,3557729,8794449,8458587,4503935,4140023,8458587,5991231,7594916,4361753,
    1542015,1302688,613247,1996912,1542015,7594916,1912359,2588701,5632143,1996912,1137275,1912359,2588701,5606840,6969891,
    1542015,5641761,1542015,1614364,6347114,1996912,1137275,5606840,1302688,1996912,1996912,7594916,1316766,5641761,1912359,
    8794449,8794449,1786149,566269,4503935,4140023,8458587,1912359,1137275,1912359,2588701,1912359,1542015,1542015,6969891,
    5606840,1912359,5641761,1316766,6347114,1996912,1542015,3557729,1542015,1542015,1996912,1996912,3557729,8794449,5641761,
    1786149,613247,2937043,5641761,2525671,6318408,5641761,2937043,4111266,4639684,2937043,7594916,8142419,1912359,1302688,
    1316766,5641761,1542015,6969891,1302688,8652168,6347114,1996912,1137275,6969891,3557729,7594916,3557729,1302688,1302688,
    3557729,5641761,1912359,743293,1427788,2937043,1624432,2556538,5641761,1786149,2937043,1427788,3279271,5504183,566269,
    2237146,3279271,4458139,5991231,1996912,2588701,3557729,1912359,6969891,1912359,1996912,1316766,6347114,5606840,1302688,
    1542015,6969891,1996912,1302688,1614364,4361962,3279271,5260148,566269,4458139,5991231,5991231,7594916,8142419,1912359,
    5606840,6969891,1996912,1316766,1120821,5991231,5991231,1996912,1542015,1542015,7594916,5606840,7594916,3557729,6969891,
    1996912,1912359,5632143,5991231,5632143,1302688,2588701,7594916,6969891,6969891,1316766,5632143,5991231,5632143,2588701,
    1137275,1316766,2588701,1302688,6969891,5641761,1542015,1614364,1614364,1614364,5632143,2588701,6969891,3557729,1302688,
    2588701,1542015,1302688,6969891,7594916,5606840,6347114,1996912,1996912,1302688,3557729,2588701,1996912,1996912,1542015,
    1614364,1614364,6347114,6969891,1542015,1996912,7594916,1316766,6969891,1912359,1614364,3279271,4458139,5991231,3557729,
    1137275,1542015,1542015,1996912,1542015,5606840,5641761,1542015,5632143,3557729,1996912,1302688,1302688,1912359,1302688,
    1614364,6102236,566269,4639684,8458587,5260148,8794449,5260148,566269,4458139,5991231,5632143,1996912,1302688,1316766,
    2588701,3557729,6969891,1120821,7594916,4361753,5606840,2588701,1912359,4361962,1316766,1614364,2237146,566269,6102236,
    8458587,5260148,8794449,6102236,566269,6651929,5991231,1614364,3606656,8458587,6102236,8794449,566269,2237146,2937043,
    5793077,566269,1427788,2937043,5260148,566269,4639684,8458587,5504183,8794449,5504183,566269,4458139,5991231,5606840,
    1137275,1316766,1316766,3557729,5606840,2588701,5641761,1542015,1120821,5632143,5606840,3557729,6969891,6969891,1996912,
    1542015,1614364,2237146,566269,5260148,8458587,5504183,8794449,6318408,566269,4639684,8458587,4361962,8794449,9085190,
    566269,6318408,2937043,5504183,566269,1427788,2937043,1427788,566269,6318408,2937043,8090913,1786149,613247,2937043,
    5606840,1137275,7594916,1302688,1996912,1912359,1316766,1542015,5606840,1996912,1542015,5641761,6969891,6347114,5991231,
    7594916,4361753,1996912,7594916,1912359,8090913,1302688,7838613,7838613,5632143,5991231,5632143,1542015,1316766,2588701,
    1302688,6969891,1912359,1614364,1614364,7767974,123413,2937043,7594916,4361753,5606840,6969891,1912359,1542015,1912359,
    1120821,6969891,1137275,6969891,7594916,1542015,1912359,5606840,1316766,5641761,1302688,2937043,5641761,2525671,6318408,
    5641761,4111266,4639684,5991231,7594916,4361753,1302688,4361962,1912359,3557729,2588701,1120821,7594916,8142419,1316766,
    1302688,3557729,1912359,8652168,5504183,1614364,5632143,5991231,5632143,1302688,1137275,2588701,5606840,1912359,2588701,
    3557729,5641761,1542015,1614364,743293,1427788,2937043,1624432,2556538,5641761,1786149,2937043,1786149,566269,3606656,
    8458587,2556538,8458587,5991231,5632143,3557729,1996912,1996912,6969891,7594916,5606840,1120821,5606840,1137275,1302688,
    7594916,1912359,1302688,1912359,3557729,2588701,5606840,2588701,5641761,6969891,1614364,6347114,7594916,8142419,5641761,
    1996912,6969891,1542015,1912359,1302688,8794449,8794449,8652168,566269,5632143,1996912,2588701,5606840,1316766,1996912,
    1316766,1120821,1996912,1996912,1996912,1996912,6969891,3557729,1996912,3557729,1996912,6969891,6347114,5991231,5991231,
    5632143,1912359,3557729,5606840,3557729,1302688,3557729,1120821,5991231,7594916,8142419,1912359,2588701,2537456,7594916,
    7594916,5504183,5632143,1316766,1137275,1996912,1996912,3557729,5606840,1316766,5641761,1542015,1614364,1614364,5632143,
    5606840,1137275,6969891,1316766,7594916,1316766,1302688,5641761,1542015,1614364,1427788,566269,8652168,1120821,1786149,
    2937043,2225277,566269,7594916,4361753,3557729,2537456,4639684,5606840,7594916,5632143,7594916,8142419,1302688,1542015,
    1542015,6969891,3753688,1912359,6969891,2588701,6347114,7594916,8142419,8652168,2588701,4361962,1912359,5606840,6969891,
    2937043,3606656,8458587,2556538,8458587,5632143,1912359,6969891,5606840,7594916,5606840,2588701,1120821,5991231,5991231,
    3557729,1137275,1996912,1302688,6969891,1302688,1302688,5641761,1542015,1120821,5632143,2588701,1912359,1302688,1316766,
    1912359,7594916,1614364,5632143,5991231,5632143,1302688,1542015,2588701,6969891,5606840,1912359,1614364,1614364,8794449,
    8794449,566269,1427788,2937043,8652168,566269,3606656,8458587,2556538,8458587,1542015,1912359,1316766,1316766,2588701,
    6969891,5632143,1542015,1137275,1912359,1316766,1316766,2588701,1912359,5641761,1542015,8794449,8794449,1786149,566269,
    3606656,8458587,2556538,8458587,5632143,2588701,1542015,3557729,7594916,7594916,1316766,5632143,5991231,5632143,2588701,
    1137275,1542015,3557729,7594916,7594916,6969891,5641761,1542015,1614364,8794449,8794449,8652168,8458587,1786149,8794449,
    566269,2225277,2937043,8652168,566269,3606656,8458587,2556538,8458587,5991231,7594916,4361753,1996912,6651929,7594916,
    1302688,1542015,5632143,1996912,1137275,1912359,1302688,7594916,1542015,1542015,5641761,1542015,1614364,5632143,5991231,
    5632143,3557729,1316766,6969891,1912359,6969891,1614364,8794449,8794449,8652168,3279271,1427788,566269,3318536,8652168,
    749336,3279271,4639684,8458587,4458139,5991231,5632143,1996912,2588701,1912359,1542015,1996912,2588701,1120821,7594916,
    4361753,2588701,1316766,1316766,9085190,6969891,1614364,8794449,5641761,2525671,6318408,5641761,2937043,5260148,566269,
    7594916,8142419,613247,2588701,4639684,1316766,5504183,5632143,7594916,8142419,613247,2588701,4639684,1316766,5606840,
    2937043,6102236,566269,2237146,566269,566269,5260148,2937043,1427788,566269,6102236,2937043,8090913,1786149,613247,
    2937043,7594916,8142419,3557729,1912359,1996912,4361962,5606840,613247,1912359,8090913,6347114,7594916,4361753,613247,
    2537456,6969891,7838613,5606840,1542015,2937043,7767974,123413,2937043,1996912,5606840,5606840,1316766,3557729,6969891,
    3557729,1996912,5632143,5991231,5632143,1996912,3557729,1302688,1542015,1912359,2588701,1614364,5641761,1786149,613247,
    2937043,5641761,1786149,613247,2937043,5641761,2525671,6318408,5641761,2937043,4111266,4639684,5991231,7594916,4361753,
    8090913,1302688,2588701,4639684,4361962,1316766,1302688,5606840,5632143,5991231,2588701,1316766,7594916,1316766,3557729,
    7594916,5632143,5991231,5632143,5606840,1137275,1316766,5606840,6969891,6969891,1302688,5641761,1542015,1614364,1614364,
    1614364,6347114,7594916,4361753,3753688,1316766,8652168,1316766,5606840,3557729,743293,1427788,2937043,1624432,2556538,
    5641761,1786149,2937043,4111266,4639684,2937043,1427788,1170709,5991231,5991231,1996912,7594916,1316766,1302688,1996912,
    1996912,1316766,6969891,5632143,7594916,4361753,6651929,5606840,4361962,1996912,9085190,1614364,5632143,1302688,7594916,
    1316766,7594916,1302688,3557729,1614364,5632143,5991231,5632143,1912359,1137275,6969891,1316766,1912359,1912359,5641761,
    1542015,1614364,1624432,2556538,5641761,1786149,2937043,1427788,566269,1786149,8458587,2225277,8794449,2525671,566269,
    1427788,2937043,1427788,566269,7594916,4361753,1912359,1912359,1542015,7838613,1542015,1120821,7594916,8142419,5504183,
    7594916,4361962,3753688,1302688,1316766,2937043,5641761,2525671,6318408,5641761,4111266,4639684,2937043,7594916,4361753,
    1542015,1316766,6651929,2588701,6969891,7594916,5606840,1996912,6347114,2588701,1137275,1996912,1996912,1912359,5606840,
    2588701,1316766,5641761,1912359,743293,1427788,2937043,1624432,2556538,5641761,1786149,2937043,1427788,566269,5793077,
    2937043,1427788,3279271,5260148,566269,9085190,2937043,8090913,1786149,613247,2937043,7594916,8142419,2537456,1302688,
    3557729,1542015,6969891,1912359,2588701,5641761,6347114,7594916,4361753,9085190,5606840,1302688,8652168,1316766,2588701,
    2937043,7767974,123413,2937043,3557729,1137275,1302688,1542015,3557729,2588701,5606840,5641761,1542015,1120821,7594916,
    8142419,3557729,6969891,6969891,7594916,1302688,7594916,3279271,9085190,2937043,5641761,2525671,6318408,5641761,2937043,
    1427788,566269,3606656,8458587,2556538,8458587,7594916,8142419,2588701,613247,1302688,1316766,1542015,8652168,5641761,
    1996912,6347114,7594916,4361753,3557729,1316766,5606840,5606840,1912359,1912359,8794449,8794449,2225277,566269,3606656,
    8458587,2556538,8458587,5991231,5632143,6969891,1137275,2588701,1542015,7594916,3557729,3557729,5641761,1542015,1120821,
    1302688,6969891,5606840,6969891,7594916,1912359,1614364,1120821,2588701,5606840,1996912,1996912,3557729,1316766,8794449,
    8794449,1786149,8458587,1427788,8794449,566269,2225277,2937043,1427788,566269,3606656,8458587,2556538,8458587,1542015,
    1137275,1912359,1912359,2588701,1316766,3557729,1542015,1996912,5641761,1316766,6347114,2588701,1316766,3557729,5606840,
    1912359,1302688,1302688,8794449,8794449,2225277,566269,3318536,1427788,5991231,1786149,1614364,749336,8652168,3279271,
    1427788,566269,3318536,123413,5991231,2225277,1614364,749336,3279271,4639684,8458587,4458139,5991231,7594916,4361753,
    2588701,5606840,3557729,3753688,5504183,1302688,4639684,1316766,6347114,5991231,7594916,8142419,5606840,1912359,2588701,
    8652168,1996912,1302688,2588701,613247,6347114,1996912,1137275,1302688,1996912,2588701,2588701,3557729,5606840,3557729,
    5641761,1912359,1614364,5632143,5991231,5632143,6969891,1137275,1542015,6969891,1302688,1912359,1912359,5641761,1542015,
    1120821,1302688,1137275,5606840,5606840,1302688,1302688,7594916,1302688,1996912,1302688,5641761,1316766,6347114,7594916,
    8142419,6969891,3557729,1302688,3557729,5606840,1302688,1614364,1614364,8794449,5641761,1786149,613247,2937043,5641761,
    2525671,6318408,5641761,2937043,4111266,4639684,2937043,6969891,1912359,1302688,3557729,7594916,6969891,1120821,7594916,
    4361753,8652168,4639684,2537456,1912359,7594916,2537456,7594916,5606840,6347114,7594916,8142419,6651929,7594916,6651929,
    9085190,2537456,8090913,743293,1427788,2937043,1624432,2556538,5641761,1786149,2937043,2556538,3576238,3279271,4458139,
    3576238,566269,5632143,1316766,1137275,1316766,7594916,7594916,7594916,1542015,5641761,1542015,1120821,1316766,1316766,
    7594916,7594916,7594916,1302688,3279271,1427788,2937043,1427788,3576238,566269,2185202,8458587,2556538,3576238,8794449,
    2556538,3576238,566269,7594916,4361753,1996912,6969891,2537456,4639684,1912359,1316766,5632143,7594916,4361753,6651929,
    1912359,1302688,1912359,1912359,743293,1302688,2588701,1912359,6969891,1316766,3557729,5606840,5606840,1302688,6347114,
    1996912,1137275,1912359,1542015,7594916,1542015,1912359,2588701,2588701,5641761,1912359,2937043,4639684,3576238,566269,
    1427788,3576238,566269,566269,2556538,3576238,2937043,5641761,3576238,3279271,1427788,566269,4639684,3576238,3279271,
    4639684,3576238,2937043,8090913,1786149,613247,2937043,1996912,2588701,2588701,1316766,1542015,7594916,1996912,1996912,
    5632143,5606840,1137275,1996912,1542015,1996912,3557729,1912359,1996912,1542015,5641761,1316766,6347114,1542015,2588701,
    3557729,6969891,1996912,1302688,3557729,2937043,7767974,123413,2937043,7594916,4361753,9085190,1996912,4639684,1996912,
    5504183,3557729,5632143,2588701,5606840,3557729,7594916,1302688,1302688,2937043,5641761,2525671,6318408,5641761,2937043,
    2225277,566269,3606656,8458587,2556538,8458587,5991231,5632143,1996912,1912359,1542015,7594916,3557729,1542015,5632143,
    1316766,1137275,2588701,1302688,6969891,3557729,1996912,5641761,1542015,1614364,5632143,5991231,5632143,1996912,7594916,
    7594916,1996912,6969891,1316766,1316766,1614364,8794449,8794449,2525671,566269,5632143,5606840,1996912,3557729,1912359,
    6969891,1302688,1120821,5606840,1137275,1996912,3557729,1316766,1996912,1912359,5641761,1542015,2937043,1786149,566269,
    2225277,6647173,2525671,2937043,2225277,566269,1996912,1912359,7594916,1542015,6969891,2588701,2588701,7594916,3557729,
    2588701,1996912,7594916,1912359,1302688,1302688,1316766,6347114,1996912,1137275,1316766,1542015,3557729,2588701,1302688,
    5606840,7594916,6969891,6969891,1542015,3557729,6969891,5606840,5641761,1996912,5606840,2937043,8652168,566269,1786149,
    1120821,2225277,2937043,1786149,566269,7594916,4361753,4639684,1302688,8652168,1996912,4639684,1120821,7594916,8142419,
    1996912,4639684,4639684,4639684,4639684,4639684,6651929,7594916,6969891,2588701,4361962,1996912,2937043,1427788,566269,
    8652168,6347114,1786149,2937043,3606656,8458587,2556538,8458587,5632143,2588701,1316766,1316766,1996912,1912359,1912359,
    1120821,7594916,4361753,3557729,1302688,1542015,7838613,5606840,8794449,8794449,566269,1427788,2937043,1427788,566269,
    1996912,3557729,5606840,1316766,1996912,7594916,3557729,7594916,5632143,1542015,1137275,6969891,7594916,1316766,2588701,
    1302688,5641761,1542015,2937043,5641761,1786149,613247,2937043,5641761,1786149,613247,2937043,5641761,1786149,613247,
    2937043,5641761,2525671,6318408,5641761,2937043,4111266,4639684,2937043,1427788,1170709,5632143,5606840,3557729,1996912,
    1542015,3557729,1912359,1120821,7594916,8142419,1316766,3557729,4361962,6651929,2588701,1302688,2937043,1624432,2556538,
    5641761,1786149,2937043,4111266,4639684,2937043,1427788,1170709,7594916,4361753,1316766,1912359,2537456,6969891,8652168,
    8090913,5632143,6969891,1912359,3557729,1316766,1542015,1316766,2937043,1624432,2556538,5641761,1786149,2937043,4111266,
    4639684,2937043,1427788,1170709,5991231,6969891,2588701,2588701,1912359,3557729,6969891,5606840,5632143,6969891,1316766,
    1302688,2588701,1996912,7594916,1614364,5632143,7594916,8142419,1542015,6651929,7594916,5606840,1996912,2937043,1624432,
    2556538,5641761,1786149,2937043,5260148,566269,7594916,8142419,5504183,5504183,3753688,7594916,8652168,7838613,1996912,
    8652168,6347114,7594916,8142419,4361962,1316766,4639684,2588701,1302688,1316766,1120821,7594916,8142419,6651929,8090913,
    2537456,3557729,1542015,3557729,1170709,566269,1912359,1137275,1542015,7594916,1302688,1912359,1316766,5606840,3557729,
    6969891,5641761,1316766,6347114,1996912,1912359,1302688,6969891,1912359,6969891,7594916,7594916,2937043,6102236,566269,
    3606656,8458587,2225277,8794449,2577324,566269,6102236,566269,566269,5260148,2937043,1427788,566269,2577324,2937043,
    8090913,1786149,613247,2937043,2588701,1137275,1912359,1316766,1912359,6969891,1912359,3557729,5641761,1302688,5632143,
    5991231,5632143,1316766,1137275,1912359,1542015,5606840,1302688,6969891,5641761,1542015,1614364,7767974,123413,2937043,
    7594916,8142419,1316766,1316766,7838613,8090913,8090913,1542015,5632143,5606840,1542015,5606840,1912359,1302688,7594916,
    2937043,5641761,2525671,6318408,5641761,4111266,4639684,2937043,1427788,1170709,5606840,1137275,1996912,1996912,1542015,
    7594916,6969891,5641761,1542015,1120821,1912359,1542015,1912359,1302688,3557729,1996912,1542015,2937043,1624432,2556538,
    5641761,1786149,2937043,6318408,3279271,4904021,566269,7701716,1120821,6318408,3279271,1786149,7767974,1624432,2937043,
    2434528,2937043,9085190,566269,4361962,743293,566269,6318408,2937043,9085190,566269,4904021,2937043,8090913,1786149,
    613247,2937043,9085190,2937043,4904021,566269,4361962,1170709,566269,6318408,2937043,4904021,566269,2434528,2937043,
    8090913,1786149,613247,2937043,4904021,2937043,9085190,566269,4904021,2937043,7767974,123413,2937043,9085190,2937043,
    4904021,566269,7594916,4361753,1912359,1302688,3753688,9085190,3753688,6969891,7594916,7594916,6347114,1996912,1137275,
    6969891,2588701,7594916,1912359,3557729,3557729,1996912,5641761,1912359,2937043,1427788,566269,9085190,2937043,8090913,
    1786149,613247,2937043,4904021,2937043,9085190,566269,2588701,1137275,7594916,1542015,1996912,1912359,5606840,5606840,
    1302688,7594916,2588701,5641761,6969891,6347114,1996912,1912359,5606840,1542015,1302688,1542015,6969891,3557729,2937043,
    1427788,566269,1427788,2937043,7767974,123413,2937043,9085190,2937043,5641761,2525671,6318408,5641761,2937043,5641761,
    3576238,566269,3606656,8458587,2225277,8794449,7117100,3279271,7838613,566269,5641761,3576238,3279271,1427788,2937043,
    1427788,566269,5641761,3576238,2937043,8090913,1786149,613247,5991231,5632143,1996912,3557729,5606840,6969891,1316766,
    6969891,1302688,5632143,5991231,5991231,1996912,1137275,7594916,1302688,3557729,1542015,1996912,5641761,1302688,5632143,
    1302688,1137275,1302688,3557729,1912359,2588701,1302688,5641761,1542015,1614364,5632143,6969891,1137275,1912359,1302688,
    1912359,1996912,5641761,1542015,1614364,1614364,1120821,1996912,1996912,7594916,1912359,7594916,1996912,3557729,5606840,
    2937043,7767974,123413,2937043,5606840,1137275,1316766,1912359,5606840,3557729,1912359,3557729,7594916,2588701,2588701,
    5641761,6969891,6347114,1996912,6969891,7594916,1542015,6969891,5606840,1996912,5606840,2937043,5641761,1786149,613247,
    2937043,5641761,2525671,6318408,5641761,2937043,4111266,4639684,2937043,1427788,1170709,7594916,8142419,613247,1542015,
    5641761,4361962,1996912,5606840,3753688,1996912,6347114,1996912,1302688,2588701,7594916,3557729,7594916,1912359,1316766,
    2937043,1624432,2556538,5641761,1786149,2937043,1427788,566269,3606656,8458587,2556538,8458587,5632143,3557729,1137275,
    1542015,6969891,7594916,1996912,5606840,5641761,1542015,1120821,1996912,5606840,1542015,5606840,5606840,6969891,6969891,
    6969891,7594916,6347114,1996912,1137275,1302688,1316766,1302688,7594916,1996912,2588701,2588701,5641761,1912359,8794449,
    8794449,2225277,566269,3606656,8458587,2556538,8458587,5606840,1996912,1542015,5606840,6969891,1912359,1912359,3557729,
    6347114,1996912,1137275,3557729,5606840,5606840,1302688,2588701,1302688,5641761,1302688,8794449,8794449,1786149,566269,
    3318536,4014937,5991231,5632143,1912359,1996912,1316766,1302688,1912359,1302688,1120821,5991231,5991231,1996912,1316766,
    1912359,3557729,1316766,1542015,5606840,5632143,5991231,3557729,2588701,1542015,3557729,2588701,7594916,1120821,7594916,
    4361753,1996912,1912359,8652168,1542015,5641761,1614364,1614364,5632143,7594916,8142419,6969891,2537456,6969891,2588701,
    1302688,1614364,3279271,123413,5991231,6003611,1614364,1614364,749336,6904463,566269,3606656,8458587,2556538,8458587,
    1996912,1137275,1996912,5606840,7594916,2588701,3557729,7594916,1996912,1996912,5641761,1316766,6347114,1542015,1137275,
    6969891,3557729,1316766,1302688,5606840,2588701,5641761,1302688,8794449,8794449,2525671,566269,3318536,123413,5991231,
    1786149,1614364,749336,3753688,566269,3606656,8458587,2556538,8458587,7594916,4361753,2588701,1912359,4361962,6969891,
    4361962,7594916,7594916,6347114,5991231,1912359,1137275,3557729,2588701,5606840,7594916,1302688,3557729,5641761,1302688,
    5632143,7594916,8142419,1302688,8652168,3557729,8090913,5641761,1614364,8794449,8794449,8652168,566269,3318536,1427788,
    5991231,2225277,3279271,2525671,3279271,6904463,3279271,3753688,1614364,749336,8652168,3279271,1427788,566269,3318536,
    123413,5991231,8652168,1614364,749336,3279271,4639684,8458587,4458139,5991231,6969891,1137275,7594916,1302688,1542015,
    3557729,1316766,5641761,1542015,1120821,5632143,1316766,1302688,1316766,7594916,5606840,1542015,1614364,8794449,5641761,
    2525671,6318408,5641761,4111266,4639684,2937043,1427788,1170709,7594916,4361753,1996912,3557729,3557729,1302688,3753688,
    3557729,3753688,1542015,6969891,6347114,2588701,1996912,5606840,6969891,1302688,2588701,1912359,1302688,2937043,1624432,
    2556538,5641761,1786149,2937043,1427788,566269,2588701,1137275,1302688,7594916,6969891,6969891,1542015,1542015,2588701,
    1996912,5641761,1316766,6347114,5991231,2588701,1137275,2588701,2588701,7594916,1912359,3557729,5641761,1542015,1120821,
    7594916,4361753,1912359,1912359,1996912,8090913,6651929,6651929,1614364,518262,566269,5606840,7594916,1542015,2588701,
    1996912,1316766,2588701,5632143,5991231,6969891,1137275,6969891,3557729,1912359,2588701,1996912,5641761,1542015,1120821,
    5991231,5991231,5632143,2588701,2588701,1996912,1912359,3557729,1316766,3557729,5632143,5991231,5632143,6969891,1137275,
    1542015,1542015,2588701,7594916,1912359,5641761,1542015,1614364,1614364,5632143,7594916,4361753,8090913,5641761,613247,
    9085190,1996912,1614364,1614364,1427788,566269,1427788,2937043,8090913,1786149,613247,2937043,7594916,4361753,6969891,
    5641761,1542015,8652168,5504183,5606840,3753688,8090913,6347114,1996912,2588701,2588701,1302688,1302688,1302688,7594916,
    1542015,2937043,7767974,123413,2937043,5606840,1137275,1542015,2588701,3557729,7594916,1912359,1996912,1542015,1302688,
    2588701,5641761,6969891,6347114,1996912,1137275,1542015,2588701,2588701,1542015,6969891,1302688,1912359,5641761,1912359,
    5632143,1996912,1137275,7594916,2588701,1996912,7594916,5606840,2588701,5641761,1302688,2937043,5641761,2525671,6318408,
    5641761,2937043,2525671,3279271,2434528,3279271,9085190,566269,1786149,4111266,2525671,3279271,4458139,5991231,5606840,
    1137275,5606840,2588701,1302688,1302688,1316766,2588701,5606840,5641761,1912359,6347114,1996912,1137275,1302688,5606840,
    3557729,1996912,1912359,1302688,1316766,5641761,1912359,1120821,5632143,1542015,3557729,3557729,1302688,1316766,3557729,
    1614364,3279271,3318536,749336,6318408,566269,6651929,5991231,1614364,3606656,8458587,6318408,8794449,566269,9085190,
    2937043,4361962,566269,613247,5991231,1302688,1137275,1996912,1316766,1316766,1912359,2588701,1542015,5606840,2588701,
    5641761,1316766,6347114,5991231,7594916,8142419,1996912,2588701,1316766,1316766,1996912,1120821,7594916,8142419,3557729,
    1996912,9085190,6969891,2588701,2537456,1614364,1120821,5991231,5632143,1542015,2588701,7594916,2588701,1316766,5606840,
    1120821,5991231,5991231,7594916,8142419,1996912,5606840,1542015,3753688,3753688,1316766,5632143,1302688,6969891,5606840,
    1912359,2588701,2588701,1614364,1120821,1996912,1137275,5606840,1302688,1316766,5606840,1302688,2588701,1316766,5641761,
    1912359,1614364,1614364,3279271,3318536,6318408,3279271,5793077,3279271,5504183,7384885,5260148,749336,1614364,9085190,
    566269,6651929,5991231,1614364,6102236,566269,1786149,4111266,2525671,2937043,6102236,3279271,8090913,3279271,4361753,
    3279271,1624432,566269,4458139,5991231,1996912,5606840,1302688,1996912,2588701,1912359,3557729,2588701,1542015,1316766,
    6347114,7594916,8142419,1912359,1996912,1316766,7594916,1302688,6651929,1614364,3279271,4458139,5991231,1302688,1137275,
    5606840,1912359,7594916,1912359,3557729,5641761,1542015,5632143,1542015,1137275,6969891,1316766,1542015,6969891,6969891,
    5641761,1542015,1614364,3279271,4458139,5991231,5991231,1912359,1137275,3557729,1316766,1996912,1912359,1996912,1996912,
    6969891,5641761,1316766,5632143,5991231,5632143,1912359,1316766,6969891,2588701,1316766,5606840,1614364,1614364,6347114,
    7594916,8142419,1302688,1542015,2588701,1996912,2588701,5504183,1614364,3279271,1786149,4111266,2525671,2937043,3606656,
    8458587,9085190,8794449,566269,4361962,2937043,4361962,566269,3318536,749336,7701716,566269,6651929,5991231,1614364,
    3606656,8458587,7701716,8794449,566269,4361962,2937043,3753688,3279271,4904021,566269,1786149,4111266,2525671,3279271,
    3318536,749336,5260148,566269,8202414,5991231,5260148,1614364,4361962,566269,4639684,8458587,2434528,8794449,2185202,
    566269,3606656,8458587,7701716,8794449,3454205,566269,3318536,8458587,8090913,8794449,566269,2185202,7384885,8458587,
    4361753,8794449,566269,1624432,749336,2434528,566269,4361962,5991231,4904021,3279271,3454205,1614364,4361962,566269,
    9062081,5991231,7594916,8142419,1542015,3557729,1316766,1996912,2588701,1120821,5991231,1996912,1302688,6969891,1316766,
    3557729,5606840,7594916,5632143,1912359,1302688,3557729,1542015,3557729,5606840,1614364,3279271,3318536,7701716,3279271,
    6318408,7384885,3322816,3279271,5793077,3279271,5504183,7384885,9085190,749336,1614364,5504183,566269,8202414,5991231,
    5504183,1614364,5504183,3279271,2237146,566269,1427788,3279271,1786149,4111266,2525671,2937043,9085190,566269,8202414,
    5991231,9085190,1614364,3606656,8458587,2225277,8794449,566269,2434528,2937043,5260148,566269,4458139,5991231,7594916,
    4361753,4361962,7594916,1302688,7594916,1302688,5632143,1316766,1316766,7594916,3557729,3557729,5606840,1614364,3606656,
    8458587,6904463,8794449,566269,4361962,2937043,7701716,566269,8202414,5991231,7701716,1614364,6318408,566269,8202414,
    5991231,6318408,1614364,5793077,566269,8202414,5991231,5793077,1614364,2525671,566269,1954959,5991231,5632143,1316766,
    1137275,6969891,1912359,1912359,1542015,1542015,5641761,1542015,1120821,1996912,1996912,3557729,7594916,1996912,1302688,
    1302688,1912359,3279271,3318536,2225277,3279271,6904463,749336,1614364,2237146,566269,4458139,5991231,6969891,1137275,
    1542015,2588701,1912359,1316766,1302688,6969891,1302688,5641761,1912359,6347114,7594916,4361753,1302688,3557729,2537456,
    1316766,1912359,1614364,3322816,566269,8202414,5991231,3322816,1614364,5793077,566269,4458139,5991231,1996912,1137275,
    7594916,1316766,7594916,6969891,1302688,5641761,1302688,5632143,1996912,1137275,7594916,3557729,2588701,3557729,1996912,
    1542015,5641761,1302688,1614364,3322816,566269,4639684,8458587,2237146,8794449,2237146,566269,4639684,8458587,6102236,
    8794449,6102236,566269,4639684,8458587,5260148,8794449,9085190,566269,4639684,8458587,5793077,8794449,1427788,3279271,
    5260148,566269,9085190,2937043,8090913,1786149,613247,2937043,5606840,1912359,6969891,3557729,1996912,5606840,6969891,
    7594916,6969891,1996912,6347114,2588701,1137275,1542015,6969891,2588701,5606840,1316766,1912359,1542015,5641761,1912359,
    2937043,7767974,123413,5991231,3557729,1137275,1302688,6969891,3557729,1316766,6969891,5641761,1542015,1120821,2588701,
    5606840,1996912,1912359,6969891,5606840,1316766,3557729,1302688,5606840,1614364,6347114,5991231,1542015,1137275,1302688,
    1316766,5606840,2588701,5606840,5641761,1542015,1120821,1996912,1137275,1996912,3557729,3557729,6969891,3557729,2588701,
    3557729,5641761,1912359,1614364,5632143,5991231,5632143,1316766,1912359,7594916,2588701,7594916,6969891,1614364,3279271,
    9085190,2937043,5641761,1786149,613247,2937043,5641761,1786149,613247,2937043,5641761,2525671,6318408,5641761,2937043,
    4111266,4639684,2937043,1427788,743293,5991231,1302688,1137275,1996912,3557729,2588701,1542015,1542015,1302688,7594916,
    3557729,2588701,1302688,5641761,1996912,7594916,6347114,1996912,1542015,5606840,1542015,1302688,3557729,3557729,1542015,
    7594916,5606840,1614364,6347114,1996912,1137275,7594916,6969891,7594916,3557729,1542015,1316766,1302688,5641761,1912359,
    2937043,1624432,2556538,5641761,1786149,2937043,4111266,4639684,2937043,1427788,1170709,7594916,4361753,1316766,6969891,
    1302688,5641761,2588701,1542015,5632143,1996912,1137275,3557729,1316766,7594916,3557729,2588701,5641761,1542015,2937043,
    1624432,2556538,5641761,1786149,2937043,1427788,566269,5632143,3557729,2588701,3557729,6969891,3557729,1316766,1120821,
    3557729,1137275,5606840,1996912,1912359,1912359,2588701,1912359,5606840,1912359,5606840,5641761,6969891,6347114,2588701,
    7594916,1302688,7594916,1912359,7594916,2588701,1302688,2937043,5641761,2525671,6318408,5641761,2937043,2225277,566269,
    3606656,8458587,2556538,8458587,5991231,5991231,5632143,2588701,1137275,1996912,1912359,2588701,1912359,6969891,5641761,
    1542015,1120821,1316766,1137275,3557729,1316766,7594916,1912359,6969891,5641761,1542015,1614364,1120821,5632143,5606840,
    2588701,7594916,1316766,1302688,1316766,1614364,5632143,7594916,4361753,3557729,9085190,8090913,8090913,9085190,8794449,
    8794449,1786149,566269,1125781,2225277,2937043,2525671,566269,3606656,8458587,2556538,8458587,2588701,1137275,1912359,
    7594916,1912359,5641761,3557729,5632143,7594916,8142419,5606840,7594916,3557729,3557729,4361962,2588701,4361962,4639684,
    6347114,1996912,1137275,5606840,7594916,1302688,1996912,1996912,6969891,1996912,5641761,1912359,8794449,8794449,1427788,
    566269,4639684,8458587,4458139,5991231,5606840,1137275,1316766,2588701,5606840,1316766,2588701,5606840,6969891,1542015,
    1316766,5641761,6969891,6347114,1996912,1542015,1996912,1912359,5606840,1912359,1542015,2588701,1614364,8794449,2225277,
    566269,2525671,8458587,1786149,8794449,2525671,566269,3606656,8458587,2556538,8458587,1996912,1912359,6969891,2588701,
    6969891,5606840,3557729,7594916,7594916,7594916,6347114,6969891,5606840,1316766,1912359,7594916,1316766,6969891,8794449,
    8794449,6904463,566269,1786149,4111266,2525671,2937043,8652168,566269,3318536,2225277,749336,2525671,8458587,1786149,
    8794449,566269,6904463,2937043,5641761,1786149,613247,2937043,5641761,2525671,6318408,5641761,2937043,4111266,4639684,
    2937043,1427788,1170709,7594916,8142419,5504183,2588701,1316766,2588701,1542015,7838613,2537456,6347114,1996912,1542015,
    7594916,5606840,1542015,1996912,1302688,1316766,2937043,1624432,2556538,5641761,1786149,2937043,8142419,3279271,8159549,
    566269,6102236,3279271,4458139,5991231,5632143,1912359,6969891,1316766,1316766,1542015,5632143,5991231,5632143,1996912,
    1996912,1316766,5606840,1316766,1996912,1614364,1614364,7701716,566269,4639684,8458587,8159549,8794449,8159549,566269,
    4458139,5991231,5991231,5632143,1316766,1912359,3557729,6969891,2588701,6969891,1120821,1996912,2588701,1302688,1996912,
    7594916,1912359,1996912,6969891,1542015,1316766,1614364,6347114,1996912,5606840,1302688,1316766,1912359,1996912,1912359,
    2588701,1120821,5991231,5632143,1302688,1542015,1912359,1302688,3557729,3557729,1120821,5632143,2588701,1137275,1316766,
    1996912,7594916,5606840,1912359,5641761,1542015,1614364,1614364,4361962,566269,7701716,8458587,8159549,8794449,7701716,
    566269,4361962,5991231,1786149,3279271,8142419,1614364,4361962,566269,3606656,8458587,2556538,8458587,5632143,1302688,
    7594916,5606840,6969891,1996912,7594916,5632143,5991231,5632143,1302688,7594916,5606840,6969891,1996912,1302688,1614364,
    8794449,8794449,8159549,566269,4361962,5991231,1614364,6318408,566269,7701716,1120821,8159549,2937043,8142419,566269,
    1786149,4111266,2525671,2937043,5793077,566269,6318408,1120821,2237146,2937043,7701716,3279271,6318408,566269,7594916,
    8142419,1542015,5504183,1542015,7838613,1302688,1302688,1996912,1996912,6347114,1996912,7594916,6969891,1996912,1996912,
    6969891,2588701,1316766,3279271,5632143,3557729,3557729,6969891,1302688,1316766,6969891,5632143,5991231,5632143,1996912,
    2588701,1316766,6969891,1912359,3557729,5632143,5606840,2588701,7594916,6969891,1912359,1996912,1614364,9085190,566269,
    5793077,6347114,6318408,2937043,2237146,3279271,1427788,566269,9085190,3279271,2588701,5606840,1542015,1996912,2588701,
    1542015,1996912,2588701,5606840,1542015,6347114,7594916,8142419,4361962,1302688,5504183,1302688,613247,6651929,2937043,
    4361962,566269,2237146,1120821,7701716,2937043,6318408,566269,6904463,8458587,4361962,8794449,5793077,566269,7767974,
    1137275,1137275,6318408,2937043,7767974,566269,5793077,2937043,5641761,2525671,6318408,5641761,4111266,4639684,5991231,
    5632143,3557729,1137275,5606840,2588701,3557729,6969891,1542015,5641761,1542015,1120821,5991231,3557729,7594916,6969891,
    1996912,1302688,1316766,7594916,3557729,1912359,5606840,5632143,5991231,5632143,1542015,1316766,1996912,1996912,1302688,
    1912359,1614364,1614364,1614364,6347114,7594916,8142419,1996912,1302688,3753688,1542015,2537456,2588701,3557729,743293,
    1427788,2937043,1624432,2556538,5641761,1786149,2937043,1427788,566269,5991231,5991231,5991231,6969891,1137275,1912359,
    7594916,7594916,1996912,5641761,3557729,1120821,5632143,2588701,7594916,1302688,5606840,3557729,1996912,7594916,1614364,
    5632143,5991231,5632143,6969891,1137275,1912359,1302688,1302688,1996912,1542015,5641761,1542015,1614364,1614364,1120821,
    1302688,1137275,7594916,2588701,6969891,1542015,5606840,5641761,1542015,1614364,1120821,5991231,5991231,5991231,5632143,
    1912359,6969891,6969891,7594916,1302688,1542015,1120821,7594916,8142419,1996912,613247,5606840,8090913,5606840,1912359,
    1614364,5632143,5991231,1996912,7594916,2588701,1912359,1912359,1316766,1302688,5632143,3557729,3557729,1542015,1996912,
    1316766,1614364,1614364,1120821,5606840,3557729,1316766,1302688,1996912,1912359,1614364,5641761,2525671,6318408,5641761,
    2937043,8090913,566269,8202414,5991231,8090913,1614364,8159549,566269,8202414,5991231,8159549,1614364,3454205,566269,
    8202414,5991231,3454205,1614364,1427788,566269,1996912,7594916,7594916,1316766,1996912,7594916,2588701,5632143,5991231,
    5632143,1912359,1316766,1316766,5606840,1996912,1996912,1614364,4904021,566269,8202414,5991231,4904021,1614364,1624432,
    566269,8202414,5991231,1624432,1614364,4361753,566269,8202414,5991231,4361753,1614364,2185202,566269,1786149,4111266,
    2525671,2937043,5641761,1786149,613247,2937043,5641761,1786149,613247,2937043,5641761,1786149,613247,2937043,5641761,
    1786149,613247,2937043,5641761,1786149,613247,2937043,5641761,2525671,6318408,5641761,2937043,4111266,4639684,2937043,
    1996912,5606840,6969891,3557729,1316766,2588701,5606840,1302688,5632143,5991231,5632143,5606840,1302688,1316766,1542015,
    5606840,1542015,1614364,743293,1427788,2937043,1624432,2556538,5641761,1786149,2937043,4111266,4639684,2937043,1302688,
    1137275,1996912,2588701,1542015,1316766,6969891,1912359,6969891,1316766,1316766,5641761,6969891,6347114,2588701,1542015,
    5606840,1302688,5606840,1542015,5606840,1302688,743293,1427788,2937043,1624432,2556538,5641761,1786149,2937043,4111266,
    4639684,2937043,1996912,1137275,2588701,5606840,1316766,1302688,1316766,7594916,6969891,5641761,1912359,5632143,5991231,
    5632143,1542015,5606840,1316766,2588701,6969891,6969891,1614364,743293,1427788,2937043,1624432,2556538,5641761,1786149,
    2937043,4111266,4639684,2937043,1427788,1170709,2588701,5606840,1996912,1302688,6969891,1302688,1912359,3557729,1912359,
    1542015,6347114,5991231,5632143,1996912,1137275,3557729,1542015,6969891,1542015,5641761,1542015,1120821,1996912,6969891,
    7594916,5606840,3557729,6969891,3557729,3557729,1614364,1624432,2556538,5641761,1786149,2937043,4111266,4639684,2937043,
    1427788,1170709,2588701,1137275,5606840,1996912,1542015,5606840,1302688,5641761,1542015,1120821,1996912,1137275,2588701,
    2588701,1996912,1912359,1912359,2588701,1542015,5641761,1912359,2937043,1624432,2556538,5641761,1786149,2937043,1427788,
    566269,8652168,2937043,8090913,1786149,613247,2937043,1542015,1137275,2588701,6969891,1542015,7594916,1542015,1316766,
    5641761,1302688,5632143,5991231,5632143,1996912,7594916,7594916,2588701,3557729,2588701,1912359,1120821,1542015,5606840,
    1912359,5606840,7594916,1614364,7767974,123413,2937043,7594916,8142419,1996912,8090913,1316766,1302688,1302688,5606840,
    7594916,7838613,6347114,1302688,7594916,2588701,1912359,5606840,5606840,5606840,2937043,5641761,2525671,6318408,5641761,
    4111266,4639684,2937043,1996912,1137275,1996912,1542015,1302688,1912359,1302688,1302688,3557729,5641761,1912359,5632143,
    5991231,5632143,1316766,1137275,6969891,1302688,1996912,1996912,5606840,5641761,1542015,1614364,743293,1427788,2937043,
    1624432,2556538,5641761,1786149,2937043,2525671,566269,3606656,8458587,2556538,8458587,5632143,1302688,1137275,6969891,
    1316766,1302688,1316766,3557729,5641761,1542015,1120821,1302688,1137275,6969891,1316766,1302688,6969891,5606840,5641761,
    1542015,8794449,8794449,1427788,3279271,2225277,566269,3318536,749336,3279271,7594916,8142419,1302688,6651929,9085190,
    1912359,5641761,1996912,1316766,1996912,6347114,7594916,4361753,8652168,4639684,1302688,4639684,3753688,5606840,2937043,
    1786149,3279271,6904463,566269,1427788,3279271,2525671,2937043,2525671,3279271,1427788,566269,5632143,1302688,1996912,
    1542015,6969891,6969891,1542015,1120821,7594916,4361753,6969891,1302688,1302688,5606840,5504183,3279271,7594916,4361753,
    1302688,1912359,1996912,3557729,6969891,1302688,1302688,4361962,6347114,1996912,1316766,1912359,3557729,3557729,5606840,
    7594916,1542015,2937043,3753688,566269,2525671,2937043,2525671,566269,3557729,1137275,1542015,1302688,1302688,1302688,
    2588701,5641761,1542015,5632143,3557729,1137275,1542015,1302688,1302688,1302688,2588701,5641761,1542015,2937043,3322816,
    566269,2525671,743293,3753688,2937043,2525671,566269,2225277,5632143,3753688,2937043,5641761,2525671,6318408,5641761,
    2937043,1427788,566269,5991231,1996912,1137275,7594916,1316766,2588701,3557729,1316766,5641761,1302688,5632143,1302688,
    1137275,5606840,1912359,1996912,1912359,2588701,5641761,1542015,1614364,1120821,7594916,4361753,8652168,1316766,7594916,
    7594916,7594916,5504183,2937043,5641761,1786149,613247,2937043,5641761,2525671,6318408,5641761,2937043,4111266,4639684,
    2937043,1427788,1170709,7594916,4361753,8090913,1912359,1302688,4361962,5504183,3753688,6969891,3753688,6347114,7594916,
    4361753,1996912,1912359,5504183,6651929,613247,8652168,7838613,2937043,1624432,2556538,5641761,1786149,2937043,7767974,
    566269,5991231,5632143,6969891,1137275,1542015,2588701,1542015,1316766,6969891,5641761,1542015,5632143,5991231,5632143,
    3557729,5606840,1996912,1542015,1302688,1614364,1614364,5632143,5991231,5632143,6969891,1137275,7594916,6969891,3557729,
    5606840,1542015,5641761,1542015,1614364,8652168,566269,2237146,566269,566269,7767974,2937043,1427788,566269,8652168,
    2937043,8090913,1786149,613247,5991231,7594916,4361753,1912359,5641761,1542015,1912359,1542015,1120821,1996912,5606840,
    2588701,1912359,3557729,3557729,1302688,6969891,1614364,5632143,5991231,5632143,6969891,3557729,1996912,5606840,1912359,
    2588701,1614364,7767974,123413,2937043,1996912,1137275,3557729,7594916,1302688,2588701,1542015,1316766,2588701,5641761,
    1912359,5632143,7594916,8142419,6969891,4639684,3557729,3557729,1542015,2937043,5641761,2525671,6318408,5641761,4111266,
    4639684,2937043,3557729,1137275,3557729,3557729,2588701,1996912,5606840,7594916,7594916,5606840,1302688,5641761,6969891,
    6347114,7594916,4361753,1996912,7594916,4361962,1542015,6969891,5606840,5641761,743293,1427788,2937043,1624432,2556538,
    5641761,1786149,2937043,1427788,3279271,8652168,566269,4639684,8458587,4458139,5991231,5632143,1542015,1912359,1912359,
    5606840,1316766,1120821,6969891,1302688,5606840,1996912,3557729,1614364,8794449,3279271,3318536,749336,5641761,2525671,
    6318408,5641761,2937043,7767974,566269,3606656,8458587,2225277,8794449,8142419,566269,1996912,1542015,1996912,5606840,
    2588701,3557729,3557729,7594916,5632143,5991231,5632143,2588701,1137275,1996912,1542015,1316766,1996912,5641761,3557729,
    1614364,1170709,566269,5632143,1302688,2588701,5606840,7594916,3557729,1996912,1120821,1996912,1137275,2588701,1542015,
    1316766,1996912,1316766,1996912,5641761,1912359,2937043,8652168,566269,7767974,566269,566269,8142419,2937043,1427788,
    566269,8652168,2937043,8090913,1786149,613247,5991231,1302688,1302688,1996912,1912359,3557729,1996912,5632143,5991231,
    7594916,4361753,1316766,2588701,5504183,7594916,1996912,5632143,5991231,5991231,5632143,1996912,1542015,5606840,1302688,
    1302688,1996912,1120821,1996912,7594916,1912359,6969891,2588701,7594916,7594916,1614364,1120821,5632143,1996912,2588701,
    3557729,3557729,1316766,7594916,6969891,1614364,1614364,1614364,1120821,1912359,3557729,2588701,3557729,1912359,1912359,
    3557729,2937043,7767974,123413,2937043,7594916,8142419,3557729,1996912,613247,9085190,6969891,7838613,5632143,5991231,
    5632143,1542015,1137275,1996912,1316766,2588701,1912359,1316766,5641761,1542015,1614364,5641761,1786149,613247,2937043,
    5641761,1786149,613247,2937043,5641761,2525671,6318408,5641761,2937043,4111266,4639684,2937043,7594916,8142419,8652168,
    1542015,9085190,1542015,2537456,2588701,5632143,1316766,1137275,2588701,1316766,1912359,1316766,3557729,5641761,1542015,
    743293,1427788,2937043,1624432,2556538,5641761,1786149,2937043,4111266,4639684,2937043,1427788,1170709,1996912,1137275,
    5606840,3557729,1996912,6969891,1302688,7594916,1996912,5641761,1912359,5632143,3557729,2588701,1542015,2588701,1316766,
    1912359,2937043,1624432,2556538,5641761,1786149,2937043,1427788,566269,5991231,3557729,2588701,2588701,6969891,7594916,
    2588701,1120821,5632143,6969891,3557729,3557729,1912359,1302688,1614364,1120821,7594916,4361753,4361962,5641761,6651929,
    6969891,4361962,2937043,8652168,566269,3318536,1427788,749336,1427788,566269,4639684,8458587,4458139,5991231,7594916,
    8142419,613247,1542015,5641761,1996912,1302688,1120821,5991231,1996912,1137275,2588701,1316766,3557729,5641761,5606840,
    1120821,5991231,5632143,1996912,1302688,1912359,1302688,2588701,7594916,1912359,5632143,5991231,5632143,1316766,5606840,
    1912359,5606840,5606840,1542015,1614364,1614364,1614364,1614364,8794449,5641761,2525671,6318408,5641761,4111266,4639684,
    2937043,1427788,1170709,7594916,8142419,3557729,2588701,5606840,1996912,2537456,9085190,5606840,1996912,6347114,7594916,
    8142419,1996912,5606840,1302688,1996912,3753688,8652168,8652168,2937043,1624432,2556538,5641761,1786149,2937043,1427788,
    566269,2537456,2937043,3606656,8458587,2225277,8794449,566269,8159549,2937043,2537456,566269,3606656,8458587,2225277,
    8794449,1427788,566269,2537456,2937043,8090913,1786149,613247,2937043,5606840,6969891,7594916,1316766,7594916,7594916,
    1120821,1316766,3557729,1302688,7594916,6969891,2588701,1542015,2937043,7767974,123413,5991231,7594916,8142419,1302688,
    9085190,613247,1302688,1542015,8090913,2588701,1316766,7594916,6347114,1316766,1542015,1996912,1542015,1542015,2588701,
    6969891,7594916,5606840,1614364,6347114,1542015,1137275,1302688,3557729,1316766,3557729,1302688,1302688,5641761,1302688,
    2937043,5641761,2525671,6318408,5641761,2937043,1427788,566269,2525671,2937043,8090913,1786149,613247,2937043,1996912,
    6969891,1316766,2588701,2588701,3557729,6969891,5632143,2588701,1137275,1302688,1996912,1302688,1912359,3557729,5641761,
    1542015,2937043,7767974,123413,5991231,5632143,1302688,3557729,1316766,1302688,6969891,1542015,1120821,7594916,4361753,
    4361962,5606840,3753688,3557729,8652168,2537456,2537456,1316766,1614364,6347114,2588701,1137275,1542015,1542015,1542015,
    7594916,7594916,1996912,5641761,1912359,2937043,5641761,1786149,613247,2937043,5641761,2525671,6318408,5641761,2937043,
    4111266,4639684,2937043,1996912,5606840,3557729,7594916,6969891,1996912,1316766,2588701,5632143,1996912,1316766,2588701,
    6969891,5606840,5606840,743293,1427788,2937043,1624432,2556538,5641761,1786149,2937043,8142419,566269,1316766,1302688,
    7594916,5606840,1912359,1302688,5632143,5991231,5632143,6969891,6969891,6969891,1316766,1912359,1302688,5632143,5991231,
    5632143,2588701,1137275,1302688,1542015,1996912,1912359,1302688,5641761,1542015,1614364,1614364,1170709,7594916,8142419,
    1996912,5504183,1996912,613247,1120821,7594916,4361753,8090913,2588701,1912359,1316766,1302688,3557729,2937043,1427788,
    566269,8142419,2937043,8090913,1786149,613247,2937043,1302688,5606840,1996912,6969891,1302688,1316766,1120821,7594916,
    8142419,5606840,5504183,5504183,5606840,6969891,1302688,2937043,7767974,123413,2937043,7594916,4361753,2588701,3753688,
    4639684,1912359,3557729,5606840,5606840,1542015,6347114,5991231,1996912,1137275,1302688,5606840,3557729,1316766,1542015,
    1912359,2588701,5641761,1912359,5632143,7594916,8142419,2537456,2537456,8090913,5606840,7594916,1614364,5641761,2525671,
    6318408,5641761,2937043,6102236,566269,5632143,2588701,6969891,3557729,1316766,2588701,7594916,1120821,7594916,4361753,
    613247,613247,3557729,5641761,3557729,1912359,518262,566269,5991231,1996912,3557729,1316766,3557729,3557729,2588701,
    1542015,1542015,6969891,2588701,5606840,7594916,6347114,7594916,8142419,1302688,7594916,2588701,5641761,5606840,8652168,
    2588701,3557729,1614364,6347114,5991231,3557729,1137275,2588701,1316766,1996912,1302688,1912359,1316766,1542015,1996912,
    1316766,5641761,6969891,6347114,2588701,7594916,1912359,5606840,3557729,6969891,5606840,1316766,1614364,1427788,566269,
    6102236,2937043,8090913,1786149,613247,2937043,1996912,1302688,1996912,3557729,6969891,1542015,7594916,7594916,1912359,
    3557729,6347114,5991231,7594916,4361753,1996912,7594916,6969891,7838613,1316766,6651929,6969891,5632143,5991231,3557729,
    1302688,1302688,3557729,5606840,7594916,5632143,7594916,4361753,1542015,5606840,6651929,8090913,3753688,1614364,1614364,
    7767974,123413,5632143,6969891,1137275,1316766,1542015,1996912,1542015,5606840,5641761,1542015,1120821,7594916,8142419,
    3557729,6651929,7594916,5606840,3753688,1912359,2937043,5641761,1786149,613247,2937043,5641761,1786149,613247,2937043,
    5641761,1786149,613247,2937043,5641761,2525671,6318408,5641761,2937043,4111266,4639684,2937043,1427788,1170709,1996912,
    1137275,3557729,7594916,1996912,1912359,3557729,7594916,1316766,5641761,1912359,5632143,5991231,1996912,7594916,1302688,
    1996912,2588701,2588701,1302688,1316766,1996912,1912359,6347114,7594916,4361753,1542015,1912359,7594916,2588701,5606840,
    4361962,1120821,5632143,2588701,1137275,1996912,3557729,7594916,7594916,1912359,5641761,1542015,1614364,1624432,2556538,
    5641761,1786149,2937043,4111266,4639684,2937043,1427788,1170709,7594916,8142419,3753688,7838613,1996912,6651929,7594916,
    1302688,5632143,5991231,5632143,2588701,1137275,5606840,1302688,3557729,7594916,6969891,5641761,1542015,1614364,1624432,
    2556538,5641761,1786149,2937043,4111266,4639684,5632143,1912359,1137275,6969891,6969891,7594916,1996912,1302688,5641761,
    1542015,1120821,1996912,1137275,3557729,1996912,1912359,3557729,3557729,1996912,1302688,5641761,1912359,743293,1427788,
    2937043,1624432,2556538,5641761,1786149,2937043,1427788,566269,7594916,8142419,3557729,6969891,1542015,1996912,1316766,
    8652168,7594916,1996912,6347114,7594916,8142419,1542015,4639684,1912359,8090913,6969891,2588701,1170709,5991231,7594916,
    8142419,9085190,3557729,6969891,4361962,3557729,1120821,7594916,8142419,4639684,3557729,8652168,2588701,6651929,7594916,
    1614364,5632143,6969891,5606840,1316766,5606840,3557729,1996912,2937043,1427788,566269,1427788,2937043,8090913,1786149,
    613247,2937043,7594916,8142419,2537456,9085190,1302688,8090913,5504183,1996912,1996912,7594916,6347114,1996912,1137275,
    3557729,5606840,1302688,1912359,1996912,2588701,1996912,5641761,1912359,2937043,7767974,123413,2937043,7594916,4361753,
    1542015,4361962,7594916,1996912,5504183,3557729,3753688,1316766,6347114,7594916,4361753,1996912,1996912,2588701,1302688,
    6969891,7594916,1996912,2937043,5641761,2525671,6318408,5641761,4111266,4639684,2937043,3557729,1316766,1996912,1996912,
    3557729,1542015,1302688,7594916,6969891,1302688,6347114,5991231,1302688,1542015,6969891,1316766,5606840,3557729,1542015,
    3557729,3557729,6969891,6347114,2588701,1302688,3557729,1996912,7594916,1542015,1316766,2588701,1614364,743293,1427788,
    2937043,1624432,2556538,5641761,1786149,2937043,8142419,566269,5632143,5606840,1996912,7594916,1316766,5606840,1996912,
    5632143,5991231,5632143,5606840,1996912,7594916,1316766,5606840,3557729,1614364,7767974,566269,2237146,566269,566269,
    8142419,2937043,1427788,566269,7767974,2937043,8090913,1786149,613247,5991231,5606840,1137275,3557729,1302688,6969891,
    1912359,5606840,5606840,1996912,5606840,1316766,5606840,1316766,5641761,1996912,1996912,6347114,1996912,1137275,1912359,
    1316766,1316766,1542015,2588701,1302688,1996912,1542015,6969891,5641761,6969891,5632143,5991231,5632143,6969891,6969891,
    2588701,1542015,5606840,2588701,1614364,1614364,6347114,1996912,1137275,7594916,1316766,2588701,1912359,3557729,2588701,
    1316766,5641761,1912359,2937043,7767974,123413,5632143,5606840,1996912,7594916,3557729,6969891,1912359,1120821,1912359,
    1137275,2588701,1316766,6969891,6969891,1542015,3557729,5641761,1302688,2937043,5641761,2525671,6318408,5641761,2937043,
    2237146,3279271,1427788,566269,1786149,4111266,2525671,3279271,7594916,4361753,1542015,613247,6969891,1316766,1542015,
    3557729,5632143,7594916,8142419,5606840,1996912,4639684,5504183,3753688,2937043,5641761,1786149,613247,2937043,5641761,
    2525671,6318408,5641761,2937043,4111266,4639684,2937043,1996912,2588701,5606840,1302688,1996912,3557729,1996912,5606840,
    1316766,1316766,6347114,7594916,4361753,1996912,1542015,5606840,2588701,613247,5504183,1542015,743293,1427788,2937043,
    1624432,2556538,5641761,1786149,2937043,1427788,566269,5632143,2588701,1316766,3557729,7594916,5606840,1302688,1120821,
    1996912,1137275,5606840,1542015,7594916,1542015,3557729,1316766,3557729,5641761,1912359,2937043,5641761,2525671,6318408,
    5641761,4111266,4639684,2937043,1427788,1170709,5991231,5606840,2588701,1912359,1996912,7594916,7594916,7594916,1996912,
    7594916,1542015,5606840,1316766,6347114,5606840,1302688,1912359,1542015,3557729,5606840,5606840,6969891,6969891,3557729,
    1614364,6347114,5991231,5632143,5606840,1912359,1912359,5606840,6969891,2588701,1120821,1996912,1912359,1542015,1316766,
    1542015,6969891,1912359,2588701,1614364,1624432,2556538,5641761,1786149,2937043,4503935,4140023,8458587,5632143,1542015,
    2588701,3557729,1912359,2588701,1316766,5632143,5991231,5632143,1542015,1137275,2588701,3557729,6969891,3557729,1302688,
    5641761,1542015,1614364,8794449,566269,3557729,2588701,1302688,1316766,7594916,1316766,1302688,5632143,5991231,5632143,
    1542015,1912359,6969891,7594916,7594916,2588701,1120821,3557729,1137275,1302688,5606840,1996912,7594916,5606840,1316766,
    1302688,3557729,5641761,1316766,1614364,6347114,2588701,1996912,7594916,1912359,2588701,1542015,7594916,2937043,4503935,
    4140023,8458587,7594916,8142419,2537456,1542015,3557729,8652168,1542015,5632143,7594916,8142419,8090913,1542015,5606840,
    6651929,3753688,8794449,566269,1786149,1170709,4503935,4140023,8458587,3557729,1137275,1316766,3557729,7594916,5606840,
    1996912,1996912,1912359,1996912,5641761,1316766,6347114,6969891,3557729,6969891,7594916,1316766,7594916,5606840,8794449,
    1427788,566269,4503935,4140023,8458587,5991231,5991231,5991231,3557729,2588701,3557729,5606840,1996912,1996912,1120821,
    1316766,1137275,1302688,1316766,2588701,1542015,5606840,5641761,1542015,1614364,5632143,1542015,5606840,1542015,6969891,
    1316766,1316766,1614364,1120821,5632143,1316766,1137275,5606840,1996912,1316766,7594916,3557729,5641761,1542015,1614364,
    1120821,1912359,1542015,3557729,3557729,1542015,8794449,8090913,1786149,613247,5632143,5606840,7594916,1302688,6969891,
    1316766,1316766,1120821,7594916,8142419,5606840,5606840,3557729,6969891,7594916,4639684,2937043,7767974,123413,5991231,
    5632143,3557729,3557729,2588701,1912359,1912359,1302688,1120821,3557729,1137275,1302688,1996912,1316766,1316766,7594916,
    1542015,2588701,5641761,1316766,1614364,6347114,1996912,1137275,3557729,6969891,1996912,6969891,6969891,7594916,1996912,
    5641761,1912359,2937043,5641761,2525671,6318408,5641761,2937043,4503935,4140023,8458587,5991231,5632143,1912359,1137275,
    1912359,1316766,6969891,3557729,1542015,5641761,1542015,5632143,5991231,5632143,1912359,3557729,1912359,1302688,1302688,
    5606840,1614364,1614364,1120821,5991231,5991231,5632143,1316766,1302688,7594916,1912359,1316766,2588701,1120821,7594916,
    4361753,1316766,1996912,1996912,1912359,4361962,1614364,5632143,5991231,5632143,5606840,1137275,1302688,5606840,1542015,
    1996912,2588701,5641761,1542015,1614364,1614364,8794449,566269,5632143,1996912,7594916,1996912,2588701,2588701,5606840,
    3557729,1120821,2588701,1137275,5606840,1996912,1316766,3557729,1912359,1316766,5641761,1302688,2937043,4503935,4140023,
    8458587,5632143,5606840,1137275,2588701,1996912,1996912,6969891,5606840,5641761,1542015,1120821,7594916,4361753,3557729,
    4361962,1912359,1912359,5641761,8794449,566269,1786149,1170709,4503935,4140023,8458587,2588701,1137275,1316766,1302688,
    6969891,1912359,5606840,2588701,1302688,5606840,6969891,5641761,6969891,6347114,1996912,1302688,5606840,6969891,1316766,
    3557729,1912359,1996912,8794449,1427788,566269,4503935,4140023,8458587,1316766,1137275,7594916,5606840,2588701,6969891,
    1996912,5641761,1542015,5632143,1316766,7594916,5606840,7594916,1912359,1316766,8794449,8090913,1786149,613247,2937043,
    5606840,1137275,1542015,1996912,1542015,6969891,6969891,1302688,6969891,3557729,5641761,1316766,6347114,1996912,1137275,
    5606840,1316766,5606840,2588701,7594916,3557729,1912359,5641761,1912359,2937043,7767974,123413,2937043,1996912,1137275,
    3557729,3557729,1996912,1912359,1302688,1912359,1316766,5641761,1912359,5632143,1316766,2588701,1302688,7594916,1996912,
    1912359,2937043,5641761,1786149,613247,2937043,5641761,1786149,613247,2937043,5641761,2525671,6318408,5641761,2937043,
    4111266,4639684,2937043,1996912,1137275,3557729,7594916,3557729,1912359,6969891,3557729,1316766,5606840,3557729,5641761,
    6969891,6347114,5991231,7594916,4361753,3753688,1542015,1542015,5606840,7838613,1120821,7594916,8142419,1996912,5606840,
    1542015,3557729,7594916,7838613,2537456,1614364,743293,1427788,2937043,1624432,2556538,5641761,1786149,2937043,4111266,
    4639684,5632143,6969891,1137275,6969891,1996912,3557729,1302688,5641761,1542015,1120821,5991231,5991231,1996912,1302688,
    5606840,5606840,6969891,7594916,1316766,5632143,1302688,1137275,5606840,1316766,1912359,3557729,1316766,5641761,1542015,
    1614364,1120821,7594916,4361753,8652168,7594916,6969891,7838613,8652168,2588701,1614364,743293,1427788,2937043,1624432,
    2556538,5641761,1786149,2937043,1427788,566269,3606656,8458587,2556538,8458587,1996912,1542015,2588701,1302688,1542015,
    1996912,1542015,6969891,1302688,1912359,6347114,1912359,1137275,1316766,1302688,1316766,1302688,5606840,6969891,5641761,
    1302688,8794449,8794449,2525671,566269,1786149,4111266,2525671,2937043,8652168,566269,3606656,8458587,2556538,8458587,
    5632143,1542015,1996912,1912359,1542015,7594916,1120821,1542015,1137275,1996912,1912359,1542015,2588701,5641761,3557729,
    8794449,8794449,2225277,566269,1786149,4111266,2525671,2937043,1427788,8458587,1786149,8794449,566269,2225277,2937043,
    8652168,8458587,1786149,8794449,566269,2525671,2937043,1427788,566269,1996912,1137275,7594916,6969891,1542015,2588701,
    1316766,1316766,1542015,5641761,1912359,5632143,5991231,5632143,1302688,1137275,1316766,2588701,7594916,5606840,3557729,
    5641761,1542015,1614364,5641761,2525671,6318408,5641761,4111266,4639684,2937043,5606840,1912359,7594916,1302688,7594916,
    2588701,1912359,1996912,7594916,1996912,6347114,5991231,7594916,4361753,5606840,613247,2588701,7594916,2588701,1120821,
    1996912,6969891,1912359,7594916,1912359,1316766,5606840,5606840,1614364,743293,1427788,2937043,1624432,2556538,5641761,
    1786149,2937043,2525671,3279271,2225277,3279271,8652168,3279271,1427788,3279271,1786149,566269,1786149,4111266,2525671,
    3279271,1786149,4111266,2525671,3279271,3318536,749336,3279271,4639684,8458587,4458139,5991231,1996912,1137275,1996912,
    3557729,3557729,1302688,1912359,5606840,3557729,1316766,1302688,5641761,6969891,6347114,1996912,2588701,1912359,1996912,
    1316766,1996912,1302688,1912359,1614364,8794449,3279271,1786149,4111266,2525671,2937043,5641761,2525671,6318408,5641761,
    2937043,2525671,566269,7594916,8142419,6651929,2537456,1316766,1302688,5504183,5632143,1996912,7594916,2588701,1542015,
    6969891,1316766,1302688,2937043,2225277,566269,3606656,8458587,2556538,8458587,7594916,4361753,1542015,3557729,1912359,
    1302688,2537456,1302688,6969891,5606840,6347114,1302688,1137275,1996912,7594916,1316766,7594916,2588701,1302688,5641761,
    1302688,8794449,8794449,1786149,566269,2225277,6647173,2525671,2937043,2225277,566269,5606840,7594916,1996912,7594916,
    7594916,1912359,2588701,2588701,6347114,1302688,1137275,7594916,2588701,7594916,7594916,6969891,5606840,5641761,1302688,
    2937043,8652168,566269,1786149,6347114,2225277,2937043,3606656,8458587,2556538,8458587,5991231,6969891,2588701,7594916,
    1912359,1302688,1996912,1120821,5632143,1996912,1137275,1912359,2588701,3557729,6969891,1542015,5606840,5641761,1302688,
    1614364,1120821,1316766,7594916,3557729,1996912,6969891,1542015,8794449,8794449,566269,8652168,2937043,2525671,566269,
    5632143,3557729,2588701,1302688,6969891,7594916,1302688,5632143,5991231,5632143,3557729,1137275,2588701,1302688,6969891,
    7594916,1912359,5641761,1542015,1614364,2225277,566269,3606656,8458587,2556538,8458587,7594916,8142419,1302688,5606840,
    1302688,7594916,1996912,3557729,6969891,9085190,6347114,6969891,1137275,7594916,1302688,1996912,7594916,6969891,5606840,
    5641761,1302688,8794449,8794449,1786149,566269,2225277,518262,566269,2525671,2937043,1427788,566269,1786149,2937043,
    8090913,1786149,613247,2937043,1996912,3557729,6969891,1302688,2588701,1912359,7594916,3557729,5632143,5991231,5632143,
    1542015,1542015,1542015,1912359,2588701,1542015,1614364,7767974,123413,2937043,1996912,2588701,1996912,2588701,1542015,
    1542015,5606840,1542015,6969891,1542015,6347114,5991231,2588701,5606840,3557729,3557729,5606840,1542015,6969891,7594916,
    5632143,1316766,1137275,2588701,1542015,3557729,1996912,5606840,5641761,1542015,1614364,5641761,1786149,613247,2937043,
    5641761,2525671,6318408,5641761,2937043,4111266,4639684,2937043,1912359,1137275,7594916,1912359,1912359,7594916,5606840,
    5641761,1542015,1120821,1996912,1137275,5606840,2588701,5606840,1542015,1912359,3557729,5606840,5641761,1912359,743293,
    1427788,2937043,1624432,2556538,5641761,1786149,2937043,4503935,4140023,8458587,3557729,6969891,7594916,3557729,5606840,
    1542015,5632143,7594916,8142419,1912359,1912359,2537456,613247,7838613,8794449,566269,5991231,5991231,5632143,3557729,
    1302688,6969891,6969891,3557729,6969891,5632143,5991231,5632143,1912359,7594916,6969891,1542015,3557729,1316766,1614364,
    1614364,1120821,5606840,1137275,2588701,6969891,1912359,1316766,1996912,1302688,5641761,1302688,1614364,5632143,5991231,
    5632143,1302688,1137275,1542015,1912359,2588701,7594916,1542015,5641761,1542015,1614364,4503935,4140023,8458587,1302688,
    1137275,5606840,6969891,7594916,3557729,2588701,1302688,5606840,5641761,1912359,6347114,5991231,2588701,1137275,7594916,
    6969891,1912359,6969891,7594916,7594916,2588701,7594916,1302688,5641761,6969891,6347114,7594916,8142419,7838613,5606840,
    1912359,4639684,5606840,4361962,1614364,8794449,566269,4503935,4140023,8458587,5632143,3557729,1137275,1542015,6969891,
    1316766,1316766,5641761,1542015,5632143,5991231,5632143,3557729,1137275,1302688,7594916,1996912,1996912,2588701,5641761,
    1542015,1614364,8794449,743293,1786149,2937043,1427788,566269,4503935,4140023,8458587,6969891,1137275,1912359,1316766,
    1316766,1302688,1912359,1542015,5606840,1996912,5641761,1316766,6347114,6969891,1912359,1316766,1316766,1302688,1912359,
    5606840,8794449,8090913,1786149,613247,2937043,6969891,1996912,1912359,2588701,1316766,1996912,1302688,5632143,5991231,
    7594916,4361753,1996912,9085190,1316766,5641761,5606840,5632143,1302688,1137275,2588701,1912359,1912359,1996912,5606840,
    5641761,1542015,1614364,7767974,123413,2937043,1996912,1137275,1912359,2588701,1912359,1542015,5606840,1316766,1996912,
    1302688,1316766,5641761,6969891,6347114,2588701,2588701,1542015,1996912,1302688,7594916,1912359,1302688,2937043,5641761,
    2525671,6318408,5641761,2937043,1427788,566269,3606656,8458587,2556538,8458587,7594916,4361753,2588701,1316766,8090913,
    7594916,1316766,1120821,5632143,1996912,1302688,1302688,3557729,7594916,1302688,8794449,8794449,1427788,566269,1427788,
    2937043,8090913,1786149,613247,2937043,7594916,4361753,8652168,9085190,7594916,2588701,6969891,3557729,9085190,1996912,
    6347114,7594916,8142419,5641761,3557729,5504183,1302688,9085190,5606840,2937043,7767974,123413,5991231,5632143,6969891,
    6969891,1302688,7594916,1996912,7594916,1120821,5991231,5632143,1316766,3557729,6969891,7594916,6969891,2588701,1120821,
    2588701,1302688,1316766,2588701,5606840,1302688,5606840,1614364,1614364,1120821,1996912,1137275,1996912,1316766,5606840,
    1542015,7594916,1542015,5641761,1302688,2937043,5641761,1786149,613247,2937043,5641761,1786149,613247,2937043,5641761,
    1786149,613247,2937043,5641761,1786149,613247,2937043,5641761,2525671,6318408,5641761,2937043,4111266,4639684,2937043,
    1427788,1170709,1996912,3557729,1302688,1316766,1912359,1302688,1316766,2588701,5632143,5991231,5632143,6969891,1137275,
    5606840,5606840,2588701,1996912,1996912,5641761,1542015,1614364,1624432,2556538,5641761,1786149,2937043,4111266,4639684,
    2937043,7594916,8142419,8090913,1302688,1316766,5606840,1316766,1120821,1996912,1137275,3557729,7594916,1912359,5606840,
    1302688,1302688,3557729,5641761,1912359,743293,1427788,2937043,1624432,2556538,5641761,1786149,2937043,4111266,4639684,
    2937043,1427788,1170709,5991231,5632143,1542015,6969891,1912359,1542015,1316766,2588701,1120821,7594916,4361753,1912359,
    1302688,6969891,1542015,4361962,7594916,1996912,1542015,1614364,6347114,1996912,6969891,6969891,3557729,2588701,2588701,
    7594916,3557729,2937043,1624432,2556538,5641761,1786149,2937043,4111266,4639684,2937043,1996912,1137275,1542015,3557729,
    7594916,1542015,1302688,1542015,1542015,5641761,1912359,5632143,1316766,1996912,1996912,3557729,2588701,1542015,743293,
    1427788,2937043,1624432,2556538,5641761,1786149,2937043,1786149,566269,3606656,8458587,2556538,8458587,5632143,2588701,
    1302688,2588701,1542015,1996912,3557729,1120821,2588701,1137275,1302688,2588701,1542015,1996912,1542015,5641761,1542015,
    8794449,8794449,8652168,566269,1125781,1786149,2937043,1786149,566269,5632143,1316766,1137275,1912359,1912359,1302688,
    5606840,5641761,1542015,1120821,7594916,4361753,613247,1302688,3557729,5606840,4361962,2937043,1427788,566269,8652168,
    566269,566269,1786149,2937043,1427788,566269,1427788,2937043,8090913,1786149,613247,2937043,1912359,1302688,1316766,
    1316766,1912359,2588701,1120821,6969891,1542015,6969891,1542015,6969891,1912359,1302688,2937043,7767974,123413,2937043,
    1316766,1912359,6969891,5606840,1302688,1996912,1912359,5632143,5991231,5632143,1912359,1996912,1316766,5606840,5606840,
    1614364,5641761,2525671,6318408,5641761,4111266,4639684,2937043,1996912,1137275,1542015,1302688,3557729,3557729,1912359,
    1316766,2588701,5641761,1912359,5632143,1996912,1137275,7594916,5606840,1302688,3557729,1302688,5641761,1302688,743293,
    1427788,2937043,1624432,2556538,5641761,1786149,2937043,1427788,566269,5991231,7594916,8142419,6651929,7594916,6969891,
    2537456,7594916,1120821,1996912,2588701,3557729,1316766,5606840,1996912,3557729,1316766,1614364,5632143,5991231,5632143,
    1302688,2588701,1316766,1302688,1996912,1614364,5641761,2525671,6318408,5641761,2937043,4503935,4140023,8458587,7594916,
    4361753,4639684,6969891,8090913,1316766,2537456,1120821,5632143,1996912,1137275,7594916,2588701,2588701,5606840,6969891,
    3557729,5641761,1302688,8794449,566269,1427788,2937043,4503935,4140023,8458587,5991231,7594916,8142419,1302688,1316766,
    8652168,4639684,5641761,1120821,1912359,1137275,1996912,3557729,5606840,2588701,1996912,1316766,1302688,1912359,5641761,
    1316766,6347114,3557729,2588701,2588701,1302688,1542015,1912359,6969891,1614364,1120821,5632143,3557729,1542015,6969891,
    5606840,1912359,1912359,8794449,566269,3318536,4503935,4140023,8458587,7594916,8142419,9085190,3557729,3557729,7594916,
    6969891,1120821,5632143,1912359,5606840,1316766,5606840,1996912,7594916,8794449,5991231,6003611,4140023,3279271,2525671,
    3576238,1614364,749336,4503935,4140023,8458587,7594916,4361753,3557729,2537456,4639684,1542015,1542015,1120821,5632143,
    5606840,7594916,1302688,1316766,2588701,1542015,8794449,3279271,4503935,4140023,8458587,5632143,1302688,1996912,7594916,
    6969891,3557729,1912359,1120821,1302688,1996912,1996912,1996912,1542015,7594916,8794449,3279271,4503935,4140023,8458587,
    5632143,1542015,1137275,6969891,1316766,5606840,5606840,5606840,5641761,1542015,1120821,1542015,1137275,6969891,1316766,
    1542015,5606840,6969891,5641761,1542015,8794449,566269,4503935,4140023,8458587,1302688,1137275,2588701,3557729,3557729,
    1542015,1316766,5641761,1542015,1120821,5632143,1302688,2588701,3557729,2588701,1542015,5606840,8794449,8458587,1302688,
    1137275,6969891,1542015,1316766,6969891,3557729,1912359,1316766,1302688,5641761,1316766,6347114,7594916,4361753,1302688,
    5641761,6969891,5504183,7594916,1316766,8794449,3279271,4503935,4140023,8458587,3557729,1316766,1316766,2588701,7594916,
    1912359,1120821,5991231,5632143,3557729,1137275,1316766,7594916,6969891,1996912,3557729,5641761,1542015,1120821,5632143,
    1912359,7594916,1316766,1316766,1614364,8794449,8458587,7594916,4361753,6969891,7594916,6969891,1996912,2537456,3557729,
    4639684,6969891,6347114,1996912,5606840,1996912,1316766,7594916,3557729,1302688,7594916,1120821,5632143,2588701,1542015,
    6969891,3557729,1996912,1302688,8794449,3279271,1427788,2937043,8652168,4140023,3279271,4503935,4140023,8458587,1996912,
    1137275,7594916,1316766,5606840,1542015,7594916,1542015,1542015,1996912,1996912,5641761,6969891,6347114,1996912,1137275,
    5606840,1912359,1996912,1542015,2588701,1542015,1912359,5641761,1912359,8794449,3279271,4503935,4140023,8458587,1996912,
    1137275,3557729,1302688,1912359,7594916,2588701,1542015,1302688,1996912,1542015,5641761,6969891,6347114,6969891,1137275,
    1542015,2588701,1302688,1996912,5606840,6969891,5641761,1302688,8794449,3279271,2525671,3576238,566269,4503935,4140023,
    8458587,5606840,2588701,1912359,1542015,2588701,1316766,6969891,1302688,1996912,1996912,6347114,7594916,4361753,3753688,
    2537456,1542015,1542015,4639684,6969891,8794449,3279271,5632143,6969891,1137275,1316766,3557729,6969891,1996912,1316766,
    5641761,1542015,1120821,3557729,1542015,1316766,1996912,2588701,1542015,7594916,1316766,1302688,1302688,6347114,1996912,
    1316766,6969891,1316766,1912359,6969891,1912359,7594916,3279271,7594916,4361753,1996912,5606840,2537456,1912359,1912359,
    3753688,5632143,5991231,5632143,1996912,1137275,6969891,1316766,1912359,7594916,2588701,1996912,5641761,1302688,5632143,
    5991231,5632143,6969891,1912359,1316766,5606840,1996912,1996912,1614364,1614364,3279271,4503935,4140023,8458587,6969891,
    1316766,5606840,7594916,1302688,5606840,1120821,5632143,6969891,1137275,1316766,2588701,1316766,1302688,5641761,1542015,
    8794449,4503935,4140023,8458587,7594916,8142419,1996912,1912359,7594916,2588701,1302688,1316766,7594916,6651929,6347114,
    5606840,1542015,1912359,3557729,5606840,1316766,3557729,8794449,3279271,1427788,566269,2525671,3576238,2937043,8090913,
    1786149,613247,2937043,4503935,4140023,8458587,1316766,1996912,3557729,1542015,7594916,1912359,1120821,5632143,1316766,
    1996912,3557729,2588701,6969891,1316766,8794449,3279271,3557729,3557729,7594916,2588701,6969891,1316766,1120821,1996912,
    1137275,1542015,1912359,1302688,5606840,5606840,1996912,1316766,5641761,1912359,2937043,4503935,4140023,8458587,7594916,
    4361753,3753688,1316766,1996912,4639684,3557729,1120821,5991231,5632143,1996912,7594916,6969891,6969891,7594916,1302688,
    5632143,5991231,5991231,7594916,4361753,3753688,8090913,5606840,3557729,3753688,1120821,5991231,1996912,1542015,1996912,
    1316766,5606840,7594916,5632143,5991231,5632143,1912359,1542015,5606840,1316766,1302688,6969891,1614364,1614364,1614364,
    5632143,1996912,1137275,7594916,2588701,3557729,5606840,3557729,1302688,5641761,1302688,1614364,1614364,8794449,566269,
    4503935,4140023,8458587,5991231,5991231,5632143,1302688,1137275,1542015,6969891,1912359,1302688,6969891,5641761,1542015,
    1120821,3557729,2588701,7594916,1542015,1316766,7594916,1614364,1120821,5991231,5632143,1996912,1996912,2588701,1316766,
    1996912,2588701,2588701,5632143,5991231,5632143,3557729,1137275,1912359,1302688,3557729,7594916,5606840,5641761,1542015,
    1614364,1614364,1614364,1120821,1316766,6969891,1996912,1996912,1996912,1542015,8794449,7767974,123413,2937043,4503935,
    4140023,8458587,1996912,1137275,1316766,7594916,3557729,5606840,7594916,1996912,6969891,1316766,5641761,1316766,6347114,
    1996912,1137275,5606840,1316766,1912359,6969891,2588701,5606840,5641761,1912359,8794449,1786149,566269,4503935,4140023,
    8458587,5991231,7594916,8142419,613247,3557729,5641761,8090913,5632143,5991231,7594916,8142419,1912359,2588701,2588701,
    9085190,1912359,7594916,7838613,7594916,6651929,6347114,5991231,3557729,5606840,3557729,2588701,3557729,3557729,5606840,
    6969891,1302688,1302688,7594916,6347114,5991231,1996912,1302688,1542015,5606840,1316766,3557729,5606840,7594916,5606840,
    1542015,1912359,6347114,5991231,3557729,1137275,7594916,5606840,1316766,2588701,7594916,1302688,2588701,1912359,5606840,
    5606840,5641761,1996912,7594916,6347114,7594916,4361753,613247,7594916,5606840,5606840,1912359,1542015,1912359,1614364,
    5632143,5991231,7594916,4361753,1302688,1912359,1302688,7594916,7594916,1120821,5991231,5632143,1996912,1912359,1542015,
    1542015,2588701,1912359,5606840,5632143,5991231,5632143,1316766,1302688,1302688,1996912,1912359,3557729,1614364,1614364,
    1614364,1614364,1614364,5632143,1542015,1996912,3557729,1912359,1542015,1996912,3557729,5606840,1302688,6347114,1542015,
    2588701,6969891,1316766,3557729,2588701,5606840,1614364,6347114,7594916,8142419,7838613,6651929,1996912,1542015,7594916,
    2588701,1614364,5632143,5991231,5632143,5606840,1996912,2588701,7594916,1912359,2588701,1120821,5991231,5606840,1137275,
    7594916,1316766,1912359,5606840,5606840,5641761,1542015,5632143,1316766,1316766,1302688,1302688,1542015,7594916,1614364,
    1614364,8794449,5641761,1786149,613247,2937043,5641761,2525671,6318408,5641761,2937043,4111266,4639684,2937043,1427788,
    1170709,5991231,5991231,5632143,3557729,3557729,6969891,1996912,1912359,6969891,1120821,5606840,1137275,5606840,1316766,
    6969891,7594916,1996912,5641761,1542015,1614364,1120821,7594916,4361753,8090913,7838613,1996912,6969891,613247,1614364,
    1120821,5991231,7594916,8142419,613247,2588701,7594916,6651929,8652168,1996912,5632143,5991231,7594916,8142419,1912359,
    6969891,3557729,1302688,5632143,5991231,6969891,1316766,6969891,1996912,5606840,1542015,1120821,5632143,1542015,1137275,
    6969891,1316766,3557729,1996912,1316766,5641761,1542015,1614364,1614364,1614364,1624432,2556538,5641761,1786149,2937043,
    9085190,566269,6318408,2937043,4904021,566269,9085190,2937043,6102236,8458587,9085190,8794449,566269,4904021,2937043,
    9085190,3279271,1427788,566269,1786149,4111266,2525671,3279271,5991231,1302688,1137275,2588701,7594916,3557729,7594916,
    1996912,1302688,6969891,2588701,1316766,5641761,6969891,5632143,5991231,5632143,3557729,1137275,1316766,1542015,7594916,
    1542015,6969891,5641761,1542015,1614364,1614364,6347114,7594916,4361753,1996912,1912359,1996912,1542015,6969891,2588701,
    4361962,2937043,5641761,2525671,6318408,5641761,4111266,4639684,2937043,1427788,1170709,5991231,7594916,8142419,9085190,
    2588701,2537456,1912359,1996912,1120821,7594916,4361753,6969891,7838613,6969891,6969891,1912359,8090913,1614364,6347114,
    6969891,1137275,6969891,1996912,1316766,2588701,1542015,1302688,5641761,1302688,1120821,1996912,5606840,1912359,2588701,
    5606840,1316766,1302688,1316766,2937043,1624432,2556538,5641761,1786149,2937043,8652168,566269,2588701,7594916,6969891,
    2588701,1542015,1316766,1302688,1912359,7594916,5606840,6347114,2588701,1996912,3557729,1542015,1316766,6969891,3557729,
    1542015,518262,566269,5632143,1302688,3557729,6969891,2588701,1996912,1120821,7594916,4361753,2588701,6969891,6969891,
    8090913,2588701,1996912,2937043,3606656,8458587,2225277,8794449,566269,8652168,2937043,1427788,566269,7594916,4361753,
    1996912,3557729,6969891,7594916,3753688,1302688,5606840,1912359,3557729,6347114,2588701,3557729,7594916,3557729,1912359,
    6969891,1302688,1912359,2937043,5641761,2525671,6318408,5641761,2937043,2577324,566269,7594916,8142419,6969891,3753688,
    7594916,1302688,5632143,5606840,1137275,6969891,6969891,5606840,1302688,5641761,3557729,2937043,8142419,566269,2237146,
    566269,566269,2577324,2937043,1427788,566269,8142419,2937043,8090913,1786149,613247,2937043,3557729,1316766,7594916,
    1316766,3557729,1542015,1302688,5632143,1302688,1137275,1996912,1996912,1912359,1302688,1542015,5641761,1542015,2937043,
    7767974,123413,2937043,7594916,4361753,2588701,3557729,3557729,1912359,1302688,7838613,1912359,5606840,6347114,7594916,
    8142419,613247,7838613,8090913,7594916,2537456,1542015,2937043,5641761,1786149,613247,2937043,5641761,1786149,613247,
    2937043,5641761,2525671,6318408,5641761,2937043,4111266,4639684,2937043,1427788,1170709,3557729,6969891,1302688,7594916,
    2588701,1302688,7594916,2588701,1316766,1542015,6347114,7594916,8142419,1996912,2537456,4639684,2588701,8652168,4639684,
    1996912,2937043,1624432,2556538,5641761,1786149,2937043,4111266,4639684,2937043,1427788,1170709,7594916,8142419,4361962,
    4639684,5504183,8090913,8652168,5641761,5632143,5991231,7594916,8142419,1542015,9085190,1542015,8090913,8090913,5632143,
    5991231,5632143,1542015,7594916,1316766,1542015,1542015,1120821,5991231,5632143,5606840,1137275,1316766,1302688,1302688,
    1996912,5606840,5641761,1542015,1120821,3557729,1137275,1996912,1302688,3557729,3557729,5641761,3557729,1614364,1614364,
    1614364,1624432,2556538,5641761,1786149,2937043,1427788,566269,3318536,749336,3606656,8458587,2556538,8458587,1996912,
    1137275,2588701,7594916,6969891,6969891,5641761,3557729,1120821,5991231,1302688,1996912,3557729,1542015,5606840,2588701,
    1120821,5991231,5632143,1996912,1137275,1302688,1302688,1912359,1912359,1302688,1302688,5641761,1302688,5632143,5991231,
    5991231,5632143,2588701,7594916,1912359,1316766,6969891,1996912,1912359,5632143,5991231,5632143,1996912,1542015,1912359,
    6969891,1302688,1302688,1614364,1614364,5632143,5991231,5991231,1302688,1137275,5606840,1912359,1302688,6969891,2588701,
    5641761,1542015,5632143,5991231,1542015,1137275,1316766,1302688,7594916,1302688,1996912,5641761,1542015,5632143,7594916,
    8142419,1912359,1542015,7838613,2588701,2588701,1614364,1614364,1120821,5991231,5632143,5606840,1912359,1996912,1302688,
    1316766,6969891,1120821,5632143,1996912,7594916,3557729,1996912,1316766,5606840,1316766,1614364,1614364,1614364,1614364,
    1614364,8794449,8794449,566269,1427788,2937043,8652168,566269,3606656,8458587,2556538,8458587,5991231,1302688,1137275,
    1912359,5606840,5606840,1912359,1996912,2588701,1302688,7594916,3557729,1542015,5641761,1996912,7594916,6347114,5991231,
    5991231,5632143,1302688,1137275,1316766,6969891,5606840,5606840,1302688,5641761,1542015,1120821,1302688,1137275,3557729,
    1912359,5606840,3557729,2588701,6969891,1996912,1316766,6969891,3557729,5641761,1996912,7594916,1614364,6347114,5991231,
    5991231,1912359,1137275,6969891,5606840,1302688,1316766,1302688,1316766,1542015,1316766,1996912,6969891,3557729,6969891,
    5641761,1996912,2588701,6347114,5991231,1996912,1137275,7594916,7594916,2588701,5606840,1302688,1542015,5641761,1302688,
    1120821,7594916,4361753,1996912,9085190,6969891,3557729,3753688,2588701,9085190,1302688,4639684,3557729,1614364,1614364,
    6347114,1996912,1137275,1996912,1316766,3557729,1542015,1542015,6969891,5606840,1912359,1302688,5641761,6969891,1614364,
    1614364,5632143,7594916,4361753,1996912,6969891,1302688,2537456,2588701,1614364,6347114,1316766,1137275,1302688,1316766,
    1996912,1912359,3557729,5641761,1302688,1120821,5632143,6969891,1137275,1996912,1996912,1542015,3557729,1316766,5641761,
    1542015,8794449,8794449,1427788,3279271,3753688,3279271,6904463,3279271,2237146,566269,1912359,1302688,3557729,1996912,
    1542015,7594916,3557729,5632143,7594916,8142419,6969891,3753688,5606840,1316766,2588701,3279271,5991231,1542015,1137275,
    1302688,2588701,6969891,1542015,7594916,1996912,3557729,6969891,1316766,1996912,7594916,1316766,1316766,1996912,5641761,
    1996912,3557729,5632143,2588701,1912359,3557729,1912359,2588701,3557729,1614364,6347114,5991231,5991231,5632143,2588701,
    1912359,6969891,1316766,1542015,7594916,1120821,1316766,3557729,7594916,6969891,7594916,1302688,1316766,1302688,1316766,
    3557729,1912359,1912359,1302688,1996912,1996912,1912359,1614364,6347114,5606840,1542015,1996912,1316766,3557729,5606840,
    1316766,1912359,1316766,1996912,2588701,5606840,2588701,3557729,1614364,3279271,8652168,3279271,7594916,4361753,5606840,
    1316766,5606840,4639684,9085190,2537456,3557729,1316766,6347114,1912359,3557729,5606840,7594916,1912359,1996912,1996912,
    2937043,8652168,566269,2225277,6347114,3753688,2937043,3606656,8458587,2556538,8458587,5632143,1542015,1996912,2588701,
    5606840,7594916,1542015,1120821,1542015,1996912,2588701,5606840,7594916,6969891,8794449,8794449,566269,8652168,2937043,
    3322816,566269,2225277,6347114,2237146,2937043,8142419,3279271,2237146,566269,5632143,2588701,1137275,1302688,5606840,
    2588701,1542015,2588701,5641761,1542015,1120821,2588701,1302688,5606840,2588701,1542015,5606840,3279271,5632143,1542015,
    1542015,7594916,2588701,1316766,1996912,1120821,1542015,1542015,7594916,2588701,1316766,5606840,2937043,3753688,566269,
    3322816,1120821,2237146,2937043,2237146,566269,4458139,5991231,7594916,8142419,3557729,6969891,7838613,2588701,3557729,
    2537456,1912359,6969891,6347114,5991231,1542015,1137275,1996912,1542015,6969891,1316766,5606840,7594916,1302688,1316766,
    5606840,5641761,6969891,6347114,2588701,5606840,1996912,7594916,1996912,7594916,3557729,3557729,1614364,1614364,3606656,
    8458587,2556538,8458587,1996912,1137275,1302688,1912359,1316766,1912359,5606840,3557729,7594916,6969891,5606840,5641761,
    6969891,6347114,1996912,2588701,5606840,3557729,5606840,1302688,5606840,5606840,8794449,8794449,566269,3753688,2937043,
    6102236,566269,5606840,1137275,1996912,1996912,1302688,2588701,1912359,7594916,1316766,3557729,1302688,5641761,6969891,
    6347114,1996912,1137275,5606840,2588701,1302688,7594916,1912359,2588701,1912359,5641761,1912359,2937043,3322816,566269,
    1125781,1786149,2937043,7767974,566269,4458139,5991231,7594916,8142419,2537456,1542015,8090913,1542015,6651929,1120821,
    5632143,1302688,3557729,7594916,7594916,5606840,5606840,1614364,2525671,8458587,2225277,8794449,566269,2237146,2937043,
    2237146,566269,7594916,4361753,2588701,1912359,4639684,5606840,1316766,8090913,5504183,2537456,6347114,1302688,1316766,
    5606840,6969891,1542015,1996912,1996912,2937043,5260148,3279271,2577324,566269,6102236,3279271,3322816,2937043,6102236,
    566269,5991231,5632143,1996912,3557729,1542015,7594916,1542015,2588701,7594916,5632143,5991231,5632143,1302688,1542015,
    1542015,1316766,6969891,1302688,1614364,1614364,1120821,1912359,1137275,6969891,3557729,1302688,2588701,3557729,5641761,
    1542015,2937043,5504183,566269,6102236,743293,5260148,2937043,6102236,566269,8142419,5632143,5260148,2937043,5641761,
    2525671,6318408,5641761,4111266,4639684,2937043,1427788,1170709,5632143,1996912,7594916,3557729,1302688,1316766,3557729,
    5606840,1120821,7594916,8142419,6651929,1302688,9085190,5641761,7838613,5504183,2937043,1624432,2556538,5641761,1786149,
    2937043,8652168,3279271,1427788,566269,3318536,2225277,749336,3279271,4639684,8458587,4458139,5991231,5991231,5991231,
    5632143,3557729,6969891,7594916,1542015,7594916,1302688,1120821,1996912,5606840,1912359,1542015,3557729,2588701,2588701,
    1614364,5632143,1316766,1137275,5606840,7594916,3557729,3557729,2588701,5641761,1542015,1614364,1120821,5991231,5632143,
    1996912,1137275,1912359,1996912,3557729,1912359,1542015,5641761,1542015,1120821,7594916,8142419,2588701,1542015,6651929,
    1912359,4639684,1614364,1614364,8794449,5641761,2525671,6318408,5641761,2937043,2537456,566269,7594916,8142419,1912359,
    6969891,7594916,5606840,2588701,1120821,5991231,5991231,2588701,3557729,1912359,6969891,1912359,5606840,1120821,5991231,
    5632143,1542015,1302688,7594916,6969891,5606840,6969891,5632143,5991231,3557729,1137275,1302688,6969891,7594916,1316766,
    1302688,5641761,1542015,5632143,1542015,6969891,7594916,1542015,1542015,3557729,1614364,1614364,1614364,1120821,6969891,
    1137275,1316766,1302688,5606840,6969891,1912359,5606840,2588701,5641761,1912359,6347114,5991231,5632143,1316766,1996912,
    6969891,1542015,1912359,1120821,2588701,1137275,7594916,1302688,1542015,1912359,2588701,7594916,2588701,5641761,1912359,
    1614364,1614364,743293,5991231,7594916,8142419,1542015,9085190,8652168,1912359,3557729,1120821,7594916,8142419,2537456,
    5504183,7594916,3557729,1316766,6969891,1542015,613247,1614364,6347114,7594916,4361753,1996912,1542015,5641761,6969891,
    7838613,3557729,7594916,2937043,1427788,566269,2537456,2937043,8090913,1786149,613247,2937043,1316766,1137275,1302688,
    1316766,7594916,1912359,2588701,5641761,1542015,1120821,1996912,1542015,1912359,1912359,1542015,1996912,6969891,2588701,
    2937043,7767974,123413,2937043,7594916,4361753,613247,1912359,1316766,1542015,6969891,1120821,5991231,5991231,3557729,
    1137275,6969891,7594916,1302688,6969891,3557729,1912359,5641761,1302688,5632143,5991231,5632143,3557729,3557729,7594916,
    6969891,7594916,3557729,1614364,1614364,5632143,7594916,8142419,1996912,6651929,6651929,8652168,3753688,1614364,5641761,
    1786149,613247,2937043,5641761,2525671,6318408,5641761,2937043,4111266,4639684,2937043,3557729,6969891,1912359,1996912,
    5606840,1996912,6969891,1302688,1302688,1542015,6347114,2588701,7594916,1996912,3557729,1542015,1302688,1316766,1912359,
    5632143,1996912,5606840,1316766,1542015,1912359,1316766,743293,1427788,2937043,1624432,2556538,5641761,1786149,2937043,
    8652168,3279271,1786149,3279271,1427788,566269,3318536,749336,3279271,1786149,4111266,2525671,3279271,4639684,8458587,
    4458139,5991231,7594916,4361753,1996912,6651929,7838613,1302688,5606840,7594916,5606840,1542015,6347114,7594916,8142419,
    9085190,3557729,1302688,3557729,2588701,2588701,1614364,8794449,5641761,2525671,6318408,5641761,2937043,2225277,566269,
    3606656,8458587,2556538,8458587,1912359,1542015,1316766,1912359,1302688,3557729,1120821,5632143,1912359,1542015,1316766,
    1912359,1302688,1996912,8794449,8794449,2525671,566269,5632143,2588701,1137275,1996912,3557729,7594916,1542015,1302688,
    5641761,1542015,1120821,5991231,2588701,1137275,2588701,1316766,2588701,1542015,1316766,5641761,1542015,1120821,5632143,
    1996912,3557729,1996912,1912359,7594916,1614364,1786149,566269,2225277,6347114,2525671,2937043,3322816,566269,3606656,
    8458587,2556538,8458587,7594916,8142419,1912359,8090913,8090913,5606840,4361962,1120821,5632143,1542015,1137275,7594916,
    2588701,5606840,5606840,1996912,5641761,1542015,8794449,8794449,2525671,566269,5632143,3557729,1137275,1996912,6969891,
    1542015,1542015,1542015,5641761,1542015,5632143,5991231,5632143,3557729,1996912,6969891,1542015,1302688,1316766,1614364,
    3753688,566269,3322816,5632143,1786149,2937043,3322816,566269,5991231,5632143,1316766,1137275,1316766,5606840,6969891,
    1996912,1302688,5641761,1542015,1120821,5991231,5606840,7594916,2588701,2588701,6969891,2588701,6969891,7594916,5606840,
    3557729,6347114,7594916,8142419,1996912,3753688,1996912,4639684,2588701,1302688,613247,5632143,5991231,5606840,1137275,
    3557729,5606840,1302688,1302688,3557729,5641761,1542015,1120821,5632143,1542015,1137275,6969891,1542015,2588701,1316766,
    1542015,5641761,1542015,1614364,1614364,1614364,6347114,5991231,5991231,5606840,1137275,5606840,1316766,7594916,1912359,
    5641761,1542015,1120821,5991231,5632143,1316766,3557729,6969891,1996912,2588701,2588701,1120821,7594916,4361753,613247,
    4361962,6969891,5606840,1542015,1302688,5641761,5606840,1614364,1614364,6347114,5991231,5632143,2588701,7594916,3557729,
    1912359,3557729,1302688,1120821,1996912,1137275,1996912,1912359,1316766,1996912,1316766,5606840,6969891,1996912,1542015,
    5641761,6969891,6347114,7594916,4361753,1996912,3557729,1316766,1912359,2588701,5606840,1912359,1614364,1614364,6904463,
    566269,3753688,8304311,3322816,2937043,2225277,566269,2525671,5632143,6904463,2937043,3753688,566269,3606656,8458587,
    2556538,8458587,5991231,5991231,5632143,1996912,7594916,3557729,1302688,5606840,1542015,6969891,1120821,3557729,1542015,
    1302688,1316766,1302688,1302688,1614364,1120821,7594916,8142419,1996912,2537456,1302688,1912359,1912359,1912359,4361962,
    9085190,1614364,6347114,1996912,7594916,1542015,5606840,1996912,1542015,1996912,3557729,1120821,5632143,1912359,1542015,
    3557729,5606840,1316766,8794449,8794449,7767974,566269,3606656,8458587,2556538,8458587,7594916,8142419,5606840,1996912,
    5641761,1912359,6969891,1120821,5991231,5991231,7594916,8142419,8090913,3557729,7838613,1316766,7594916,1120821,5991231,
    7594916,8142419,2588701,7594916,4639684,613247,5606840,1120821,5632143,1996912,6969891,1996912,1996912,7594916,2588701,
    1996912,1614364,1614364,5632143,5991231,5632143,1316766,6969891,1302688,1316766,7594916,5606840,1614364,1614364,8794449,
    8794449,2577324,566269,5632143,5606840,1137275,3557729,1302688,1912359,6969891,5641761,1542015,1120821,7594916,8142419,
    1542015,3557729,8090913,8090913,1316766,2937043,8142419,566269,2577324,5108462,2225277,2937043,2237146,566269,7767974,
    8304311,8142419,2937043,3322816,566269,3753688,5991231,2237146,1614364,3753688,566269,3557729,1137275,2588701,6969891,
    1542015,6969891,1912359,1316766,1912359,2588701,3557729,5641761,6969891,5632143,5991231,2588701,1137275,7594916,6969891,
    1996912,1302688,5641761,3557729,5632143,5991231,5632143,6969891,6969891,7594916,1542015,1996912,2588701,1614364,1614364,
    6904463,566269,3322816,6347114,3753688,2937043,3322816,566269,5632143,1302688,1316766,1316766,1542015,7594916,5606840,
    1120821,1302688,1316766,1316766,1542015,7594916,1542015,2937043,3753688,566269,3322816,5108462,1786149,2937043,2525671,
    566269,6904463,8304311,3753688,2937043,8142419,566269,2588701,1302688,3557729,7594916,2588701,1542015,6969891,3557729,
    1912359,1542015,6347114,7594916,4361753,6651929,5641761,4639684,7838613,1302688,1912359,2937043,3753688,566269,3606656,
    8458587,2556538,8458587,7594916,4361753,1316766,8652168,3557729,1316766,2537456,3557729,6347114,6969891,1137275,2588701,
    1542015,6969891,1996912,1302688,1316766,5641761,1302688,8794449,8794449,5260148,3279271,1786149,566269,5991231,5991231,
    5632143,1316766,1137275,7594916,1996912,1996912,3557729,1996912,5641761,1542015,1120821,7594916,8142419,1996912,1316766,
    1316766,9085190,1316766,5641761,1614364,1120821,5632143,5606840,1302688,5606840,3557729,5606840,1302688,1614364,1120821,
    5632143,3557729,3557729,5606840,1912359,1542015,1912359,3279271,1786149,4111266,2525671,2937043,7767974,566269,2525671,
    6347114,8142419,2937043,1427788,3279271,8142419,566269,5991231,5991231,7594916,4361753,5606840,3557729,1542015,1912359,
    5632143,7594916,8142419,1316766,613247,3557729,2537456,3557729,1614364,1120821,7594916,8142419,1316766,1542015,1996912,
    1302688,8090913,1316766,1614364,5632143,5991231,5606840,1137275,1996912,5606840,1542015,1316766,5641761,3557729,1120821,
    5991231,5632143,6969891,6969891,5606840,1302688,1912359,3557729,1120821,2588701,1542015,5606840,1302688,2588701,6969891,
    1614364,1614364,3279271,1302688,1137275,1316766,1316766,3557729,1912359,1912359,3557729,1302688,3557729,2588701,3557729,
    3557729,5641761,1996912,1996912,6347114,3557729,1137275,5606840,7594916,5606840,7594916,5606840,3557729,1542015,1912359,
    2588701,5641761,6969891,2937043,2237146,566269,7767974,6647173,8142419,2937043,3322816,566269,3753688,5991231,2237146,
    1614364,9085190,566269,6969891,7594916,2588701,1316766,1912359,7594916,1120821,5632143,6969891,1137275,7594916,2588701,
    1302688,1996912,3557729,5641761,1542015,2937043,3753688,566269,3606656,8458587,2556538,8458587,7594916,8142419,3557729,
    2588701,1542015,5606840,5641761,7594916,7594916,6347114,6969891,1137275,6969891,5606840,1542015,1302688,1542015,2588701,
    5641761,1302688,8794449,8794449,2237146,566269,3753688,5991231,2525671,1614364,6904463,566269,3322816,1120821,2237146,
    2937043,3322816,3279271,8142419,566269,5991231,5606840,1137275,7594916,1302688,5606840,6969891,2588701,5641761,1542015,
    1120821,5632143,1302688,5606840,2588701,7594916,1302688,1996912,1614364,1120821,5606840,1137275,6969891,1996912,2588701,
    7594916,1542015,5641761,1542015,3279271,5632143,1302688,1912359,2588701,1996912,1912359,1316766,5632143,5991231,5632143,
    1302688,1137275,1912359,2588701,3557729,5606840,3557729,5641761,1542015,1614364,3753688,566269,6904463,6347114,3322816,
    2937043,2237146,566269,6904463,5632143,3753688,2937043,7767974,566269,1302688,1302688,3557729,7594916,1302688,1912359,
    1120821,5632143,1542015,1137275,6969891,1316766,1542015,5606840,1996912,5641761,1542015,2937043,3322816,566269,2237146,
    8304311,7767974,2937043,7767974,566269,3753688,6347114,8142419,2937043,6102236,566269,3753688,6347114,5260148,2937043,
    6904463,566269,1786149,4111266,2525671,2937043,2577324,566269,3753688,5632143,6102236,2937043,6102236,566269,7594916,
    4361753,1996912,7594916,613247,4639684,5632143,7594916,4361753,6651929,8652168,6651929,2937043,8142419,566269,2577324,
    8304311,6102236,2937043,6102236,566269,5991231,1912359,2588701,1542015,1912359,1542015,1996912,2588701,1302688,3557729,
    5632143,5991231,5632143,1302688,7594916,1302688,1316766,1302688,2588701,1614364,1614364,6347114,1996912,1302688,1996912,
    3557729,1996912,2588701,1316766,1302688,2937043,2577324,566269,3322816,6347114,6102236,2937043,2525671,566269,1786149,
    4111266,2525671,2937043,5504183,566269,3322816,6347114,9085190,2937043,5260148,566269,3322816,5632143,5504183,2937043,
    5504183,3279271,3322816,3279271,3753688,566269,1996912,1912359,7594916,2588701,1316766,1302688,6969891,2588701,3557729,
    6347114,7594916,4361753,1912359,1542015,6651929,7594916,613247,1316766,5632143,2588701,1137275,3557729,7594916,1542015,
    1912359,2588701,5641761,1542015,3279271,1786149,4111266,2525671,3279271,1786149,4111266,2525671,2937043,6102236,566269,
    5260148,8304311,5504183,2937043,2237146,3279271,2225277,566269,3318536,7767974,7384885,8142419,7384885,2577324,7384885,
    6102236,749336,3279271,1786149,4111266,2525671,2937043,3606656,8458587,2556538,8458587,1996912,1912359,6969891,1996912,
    7594916,1542015,5632143,5991231,5991231,1996912,1542015,1302688,1302688,1316766,1542015,1996912,1316766,5606840,5632143,
    5991231,5632143,1302688,1137275,1912359,2588701,2588701,1996912,1542015,5641761,1542015,1120821,1996912,5606840,3557729,
    5606840,7594916,1316766,5606840,1614364,1614364,5632143,1996912,5606840,1996912,6969891,2588701,5606840,1614364,6347114,
    7594916,8142419,3753688,1542015,4639684,5504183,2537456,2537456,8794449,8794449,566269,2237146,2937043,5641761,1786149,
    613247,2937043,5641761,1786149,613247,2937043,5641761,1786149,613247,2937043,5641761,2525671,6318408,5641761,2937043,
    4111266,4639684,2937043,7594916,4361753,4639684,1912359,1316766,1316766,1542015,5504183,5632143,5991231,5632143,1996912,
    1137275,2588701,1996912,6969891,2588701,1996912,5641761,1542015,1614364,743293,1427788,2937043,1624432,2556538,5641761,
    1786149,2937043,4111266,4639684,2937043,1912359,7594916,7594916,1316766,1302688,1302688,1302688,1996912,1302688,6347114,
    1996912,1137275,1316766,7594916,2588701,1996912,1302688,2588701,1996912,5641761,1912359,743293,1427788,2937043,1624432,
    2556538,5641761,1786149,2937043,4111266,4639684,2937043,1912359,6969891,1542015,1302688,6969891,1120821,1996912,1137275,
    1542015,1302688,3557729,3557729,7594916,1316766,3557729,5641761,1912359,743293,1427788,2937043,1624432,2556538,5641761,
    1786149,2937043,1427788,3279271,2577324,566269,5632143,1302688,1137275,1912359,5606840,2588701,2588701,6969891,5641761,
    1542015,1120821,1996912,1137275,3557729,2588701,7594916,3557729,1912359,3557729,2588701,5641761,1912359,3279271,5991231,
    7594916,4361753,1302688,5606840,1302688,5606840,1316766,8090913,8652168,8652168,6347114,7594916,8142419,613247,7838613,
    7594916,1302688,4639684,1316766,5632143,7594916,8142419,2588701,2588701,4639684,6651929,1996912,1614364,5632143,5606840,
    1137275,1316766,1912359,1542015,5606840,6969891,5641761,1542015,743293,1996912,1996912,3557729,5606840,3557729,1996912,
    2588701,6969891,5632143,5991231,5632143,6969891,1137275,7594916,1542015,3557729,1912359,1542015,5641761,1542015,1614364,
    3606656,8458587,2225277,8794449,566269,2577324,2937043,5641761,2525671,6318408,5641761,4111266,4639684,2937043,1996912,
    1137275,1302688,3557729,6969891,1996912,1542015,3557729,1912359,5641761,1912359,5632143,5991231,7594916,4361753,7838613,
    1912359,9085190,6651929,5641761,1120821,3557729,1137275,5606840,7594916,6969891,1542015,3557729,1912359,2588701,3557729,
    5641761,1316766,1614364,6347114,7594916,8142419,1996912,7594916,1912359,1996912,5606840,7594916,1316766,743293,1427788,
    2937043,1624432,2556538,5641761,1786149,2937043,1427788,566269,1996912,5606840,3557729,3557729,1912359,5606840,5606840,
    1302688,5632143,7594916,4361753,5606840,3557729,5504183,8652168,4361962,2937043,5641761,2525671,6318408,5641761,2937043,
    1427788,566269,4639684,8458587,4458139,5991231,7594916,8142419,1996912,7594916,5606840,9085190,1912359,5606840,1542015,
    8090913,6347114,5606840,1137275,1302688,1912359,6969891,1302688,5606840,1302688,5641761,1302688,1614364,8794449,2537456,
    566269,9062081,5991231,6969891,1137275,1302688,7594916,6969891,1316766,2588701,5641761,1542015,1120821,7594916,8142419,
    7838613,1542015,4639684,4639684,2588701,3279271,3318536,3753688,749336,1614364,4621789,566269,3318536,2537456,5991231,
    1614364,749336,8652168,566269,3318536,123413,5991231,4621789,1614364,749336,5641761,1786149,613247,2937043,5641761,
    2525671,6318408,5641761,2937043,4111266,4639684,2937043,1427788,1170709,7594916,4361753,4639684,7594916,5606840,1996912,
    1316766,4361962,5632143,5991231,5632143,1542015,1137275,1996912,1316766,1302688,1912359,1316766,5641761,1542015,1614364,
    1624432,2556538,5641761,1786149,2937043,1427788,566269,3557729,1996912,5606840,7594916,1912359,1912359,5606840,5632143,
    5991231,5632143,2588701,1137275,6969891,1542015,1996912,1542015,1542015,5641761,1542015,1614364,5641761,2525671,6318408,
    5641761,2937043,4503935,4140023,8458587,2588701,7594916,1302688,1316766,6969891,3557729,3557729,1912359,1542015,1542015,
    6347114,5991231,5632143,1912359,3557729,2588701,2588701,1542015,5606840,1120821,6969891,1316766,1542015,1302688,1542015,
    3557729,1302688,1614364,8794449,566269,5991231,7594916,8142419,3557729,9085190,1316766,9085190,8652168,1120821,7594916,
    4361753,1996912,4639684,1912359,9085190,5606840,7594916,7594916,613247,2537456,5606840,1542015,1302688,1614364,5632143,
    5606840,1996912,7594916,7594916,2588701,2937043,4503935,4140023,8458587,5632143,1542015,1302688,3557729,1542015,7594916,
    6969891,1120821,1542015,1137275,1302688,3557729,1912359,3557729,1316766,5641761,1542015,8794449,566269,3606656,8458587,
    2556538,8458587,5632143,1316766,6969891,5606840,2588701,2588701,3557729,5632143,5991231,5632143,1316766,1137275,6969891,
    5606840,2588701,2588701,1542015,5641761,1542015,1614364,8794449,8794449,4503935,4140023,8458587,5632143,1302688,3557729,
    1302688,6969891,1912359,1542015,1120821,1302688,1137275,3557729,1912359,2588701,2588701,1996912,5641761,1542015,8794449,
    566269,7594916,4361753,3753688,5504183,2537456,5641761,7838613,1912359,5632143,5991231,5632143,3557729,2588701,7594916,
    1912359,1912359,5606840,1614364,4503935,4140023,8458587,5606840,2588701,1542015,7594916,1912359,1996912,1120821,5632143,
    5606840,2588701,3557729,1316766,5606840,1996912,8794449,566269,3606656,8458587,2556538,8458587,5606840,1996912,6969891,
    1302688,1996912,1302688,1120821,5632143,5606840,1996912,6969891,1302688,1996912,3557729,8794449,8794449,4503935,4140023,
    8458587,5632143,1316766,1912359,1996912,1302688,1302688,2588701,5632143,5991231,5632143,1302688,1137275,3557729,1542015,
    7594916,2588701,1996912,5641761,1542015,1120821,5632143,2588701,2588701,1302688,1316766,1316766,3557729,1614364,8794449,
    3279271,4503935,4140023,8458587,1542015,1137275,1542015,1542015,5606840,1316766,5606840,5641761,1542015,5632143,5991231,
    5632143,3557729,1137275,6969891,1996912,6969891,7594916,1302688,5641761,1542015,5632143,5991231,5632143,1996912,7594916,
    3557729,1912359,7594916,3557729,1912359,1614364,1614364,8794449,566269,1542015,1137275,7594916,1912359,1542015,6969891,
    1302688,5606840,1302688,6969891,2588701,1996912,7594916,6969891,1912359,6969891,5641761,1996912,1542015,6347114,7594916,
    8142419,1996912,5606840,4639684,3753688,5606840,7594916,8090913,1542015,2588701,5606840,1302688,5641761,5632143,5991231,
    5632143,1302688,3557729,2588701,3557729,3557729,1614364,3279271,4458139,5991231,1542015,7594916,2588701,5606840,2588701,
    1302688,1120821,5632143,3557729,1302688,5606840,1912359,1542015,5606840,1614364,4503935,4140023,8458587,5991231,1302688,
    1137275,7594916,5606840,1542015,1996912,5606840,5641761,1542015,5632143,7594916,8142419,613247,2537456,5504183,7838613,
    4361962,1614364,5632143,5991231,5632143,2588701,6969891,2588701,6969891,1996912,1316766,1614364,8794449,566269,4503935,
    4140023,8458587,5632143,3557729,7594916,1912359,1996912,1996912,1302688,5632143,5991231,5632143,3557729,7594916,1912359,
    5606840,1542015,1302688,1614364,8794449,5991231,4503935,4140023,8458587,6969891,1542015,1996912,7594916,6969891,1302688,
    1120821,5632143,6969891,1137275,1542015,7594916,1316766,1542015,3557729,5641761,1542015,8794449,3279271,4503935,4140023,
    8458587,5632143,2588701,2588701,1316766,7594916,3557729,1912359,5632143,5991231,5632143,2588701,1137275,2588701,1316766,
    2588701,6969891,5641761,1542015,1614364,8794449,1614364,4503935,4140023,8458587,7594916,4361753,1542015,1912359,1302688,
    1996912,1542015,3557729,5504183,6969891,6347114,7594916,8142419,1316766,3557729,1542015,3753688,4361962,1302688,8794449,
    566269,4458139,5991231,1996912,1996912,7594916,3557729,1542015,1542015,1912359,1316766,1542015,1996912,6347114,1996912,
    1137275,2588701,1302688,6969891,1542015,1302688,2588701,1542015,5641761,1912359,1614364,4503935,4140023,8458587,7594916,
    4361753,8652168,1302688,6969891,1996912,4639684,8090913,2537456,1302688,6347114,1996912,1137275,1542015,1542015,1996912,
    1302688,1912359,1912359,1996912,5641761,1912359,8794449,566269,4503935,4140023,8458587,5991231,5991231,7594916,4361753,
    5606840,7594916,2588701,7594916,5606840,1542015,4639684,2537456,8090913,5606840,6651929,6347114,3557729,1996912,5606840,
    5606840,6969891,6969891,5606840,3557729,6969891,5606840,1316766,1614364,6347114,1302688,1542015,1302688,7594916,5606840,
    1542015,1912359,1996912,1542015,1614364,6347114,1996912,3557729,1996912,1316766,1996912,3557729,7594916,7594916,8794449,
    8458587,4503935,4140023,8458587,1996912,1137275,7594916,5606840,1996912,7594916,1302688,1316766,5641761,1302688,5632143,
    7594916,4361753,4639684,9085190,8090913,8090913,9085190,8794449,8794449,4503935,4140023,8458587,3557729,1137275,7594916,
    5606840,1996912,1996912,1302688,7594916,3557729,1542015,5641761,1316766,6347114,7594916,8142419,3557729,1302688,9085190,
    5606840,8090913,7838613,8794449,566269,3606656,8458587,2556538,8458587,5991231,1302688,7594916,1302688,3557729,6969891,
    1302688,1120821,1996912,3557729,1996912,1316766,7594916,7594916,1542015,7594916,1542015,1614364,6347114,7594916,8142419,
    1542015,1302688,4361962,7838613,1996912,1316766,8794449,8794449,4503935,4140023,8458587,1996912,1996912,6969891,1316766,
    1316766,3557729,1996912,1912359,1912359,3557729,6347114,1302688,5606840,7594916,1302688,6969891,1996912,6969891,5632143,
    1542015,2588701,1302688,6969891,2588701,5606840,8794449,566269,3606656,8458587,2556538,8458587,5632143,1302688,5606840,
    3557729,3557729,7594916,5632143,5991231,5632143,1302688,5606840,3557729,3557729,2588701,1614364,8794449,8794449,1427788,
    3279271,4503935,4140023,8458587,1542015,1137275,7594916,1996912,5606840,3557729,7594916,1996912,3557729,6969891,5641761,
    1316766,6347114,2588701,3557729,1996912,7594916,2588701,1316766,1316766,8794449,566269,5991231,7594916,8142419,1996912,
    5641761,5504183,1996912,1302688,6651929,5632143,5991231,5632143,2588701,1302688,2588701,5606840,3557729,6969891,1614364,
    1614364,5632143,5991231,5632143,1996912,1137275,7594916,1996912,1316766,1542015,1542015,1542015,5641761,1302688,1614364,
    3279271,2588701,1137275,3557729,1542015,1316766,1996912,1996912,1542015,1302688,1316766,3557729,3557729,2588701,1912359,
    5606840,5641761,1996912,5606840,5632143,5991231,5632143,6969891,5606840,1912359,2588701,3557729,7594916,1614364,4503935,
    4140023,8458587,5632143,1302688,1137275,1996912,7594916,6969891,7594916,2588701,5641761,1542015,1120821,7594916,8142419,
    6969891,1542015,5606840,3557729,1316766,8794449,566269,4503935,4140023,8458587,5632143,1302688,1316766,3557729,1302688,
    1302688,1316766,1120821,7594916,4361753,8090913,1912359,5606840,1302688,613247,8794449,5991231,4503935,4140023,8458587,
    5991231,5991231,1316766,1137275,1542015,3557729,1912359,1996912,3557729,5606840,1302688,2588701,1542015,1996912,6969891,
    1316766,5641761,1996912,2588701,6347114,1542015,1316766,1542015,3557729,2588701,1996912,1996912,1996912,6969891,5606840,
    1302688,1614364,6347114,7594916,4361753,3557729,9085190,613247,7838613,1302688,5641761,7594916,1912359,1614364,6347114,
    7594916,8142419,1542015,7594916,6969891,7594916,1912359,7594916,8794449,3279271,4503935,4140023,8458587,5632143,1316766,
    1137275,7594916,5606840,1302688,1996912,5641761,1542015,5632143,5991231,5632143,1316766,1137275,7594916,5606840,1316766,
    1542015,3557729,5641761,1542015,1614364,8794449,1614364,4503935,4140023,8458587,5632143,3557729,1912359,6969891,5606840,
    1302688,5606840,5632143,5991231,5632143,3557729,1912359,6969891,1302688,7594916,2588701,1614364,8794449,566269,4503935,
    4140023,8458587,5632143,2588701,2588701,2588701,1996912,1542015,1302688,5632143,5991231,1912359,1302688,1912359,7594916,
    1996912,5606840,1120821,5632143,6969891,1316766,6969891,3557729,7594916,6969891,1614364,8794449,8458587,4503935,4140023,
    8458587,7594916,8142419,613247,7594916,7838613,6651929,1542015,5632143,1316766,1137275,1542015,3557729,1912359,1316766,
    1912359,5641761,1542015,8794449,8794449,3606656,4140023,566269,4503935,4140023,8458587,7594916,4361753,1302688,9085190,
    1996912,7594916,1302688,5632143,5991231,7594916,8142419,1996912,6969891,1996912,1302688,1996912,6969891,2588701,7594916,
    6347114,7594916,8142419,1302688,3557729,2588701,9085190,5504183,2588701,1120821,5632143,2588701,1137275,6969891,5606840,
    5641761,1542015,1614364,8794449,4503935,4140023,8458587,5991231,5991231,5991231,5632143,1996912,3557729,5606840,2588701,
    1302688,6969891,6969891,5632143,1542015,3557729,5606840,2588701,1996912,1542015,1614364,5632143,5991231,5632143,1996912,
    7594916,2588701,7594916,1912359,3557729,1996912,1614364,1614364,5632143,5991231,7594916,8142419,4639684,1302688,3557729,
    5504183,5606840,1120821,5632143,1996912,3557729,1316766,2588701,7594916,2588701,5606840,1614364,1614364,5632143,5991231,
    5632143,3557729,1316766,2588701,2588701,2588701,1302688,1614364,8794449,566269,3606656,8458587,2556538,8458587,1302688,
    1137275,3557729,1302688,1302688,1302688,1542015,5641761,1542015,5632143,2588701,1137275,1302688,1302688,3557729,7594916,
    7594916,6969891,2588701,5606840,1302688,5641761,6969891,6347114,1996912,1912359,7594916,1912359,2588701,1316766,5606840,
    1912359,8794449,8794449,4503935,4140023,8458587,1996912,2588701,6969891,1316766,7594916,1542015,1542015,1302688,1316766,
    6347114,2588701,7594916,1302688,7594916,3557729,7594916,2588701,8794449,566269,3606656,8458587,2556538,8458587,5606840,
    5606840,3557729,7594916,6969891,1912359,6969891,1912359,1996912,2588701,6347114,7594916,4361753,5641761,6969891,613247,
    6969891,6969891,7838613,8794449,8794449,4503935,4140023,8458587,5632143,5606840,7594916,5606840,5606840,1996912,1316766,
    1120821,5991231,5991231,1996912,1137275,1542015,2588701,1542015,1996912,5641761,1542015,5632143,5991231,5632143,1912359,
    1542015,1542015,1996912,3557729,1542015,1614364,1614364,1120821,5632143,1302688,1137275,7594916,3557729,7594916,6969891,
    5606840,5641761,1542015,1614364,8794449,566269,4458139,5991231,5632143,3557729,1137275,1912359,1912359,1316766,1302688,
    1912359,5641761,1542015,1120821,1542015,1137275,1996912,1302688,3557729,1996912,1542015,5641761,1542015,1614364,4503935,
    4140023,8458587,5632143,1316766,1137275,7594916,1996912,6969891,3557729,1996912,5641761,1542015,1120821,1316766,1137275,
    7594916,2588701,1996912,1316766,3557729,5641761,1542015,8794449,566269,4503935,4140023,8458587,1996912,1137275,1302688,
    1302688,6969891,2588701,3557729,1996912,5606840,1542015,1542015,5641761,6969891,6347114,1302688,1302688,1542015,7594916,
    5606840,1302688,5606840,8794449,5991231,4503935,4140023,8458587,5606840,1302688,1316766,7594916,7594916,5606840,5632143,
    5606840,1302688,1912359,1912359,1542015,6969891,8794449,3279271,4503935,4140023,8458587,5632143,1316766,1137275,1316766,
    7594916,1912359,1542015,1316766,5641761,1542015,1120821,7594916,8142419,7838613,1542015,6651929,1316766,7594916,5606840,
    1542015,6969891,6347114,1996912,1912359,2588701,3557729,5606840,2588701,1996912,3557729,8794449,1614364,2537456,566269,
    4503935,4140023,8458587,2588701,6969891,2588701,1316766,1316766,1542015,1912359,7594916,1542015,1996912,6347114,7594916,
    8142419,6651929,7594916,3557729,1542015,4361962,5641761,8794449,4503935,4140023,8458587,5991231,6969891,5606840,1542015,
    7594916,1912359,1120821,5632143,1912359,1137275,3557729,1996912,5606840,6969891,3557729,5641761,1542015,1614364,1120821,
    1302688,1137275,3557729,1316766,1996912,2588701,1912359,5641761,1542015,8794449,566269,4503935,4140023,8458587,7594916,
    4361753,6651929,1996912,4361962,1316766,7594916,1120821,5632143,6969891,1137275,6969891,7594916,1302688,7594916,1912359,
    5641761,1542015,8794449,8458587,4503935,4140023,8458587,7594916,8142419,1996912,5606840,8090913,8652168,3557729,2537456,
    5606840,1996912,6347114,5991231,5991231,5632143,3557729,2588701,5606840,5606840,1302688,1996912,1120821,5606840,1996912,
    5606840,1912359,5606840,1912359,6969891,1614364,5632143,6969891,1996912,7594916,7594916,1302688,3557729,1614364,8794449,
    8794449,4503935,4140023,8458587,1996912,1137275,3557729,2588701,1542015,1316766,1302688,5641761,1542015,5632143,1996912,
    3557729,2588701,1542015,1316766,7594916,8794449,566269,4503935,4140023,8458587,7594916,4361753,1316766,6651929,1542015,
    2588701,5641761,1302688,1912359,5641761,6347114,1996912,3557729,6969891,5606840,1542015,2588701,3557729,1302688,8794449,
    4503935,4140023,8458587,2588701,1542015,3557729,1542015,7594916,1316766,5632143,2588701,1137275,1542015,3557729,2588701,
    1302688,1302688,5641761,1542015,8794449,566269,3606656,8458587,2556538,8458587,5991231,5632143,3557729,1137275,1302688,
    1302688,1996912,1996912,3557729,5641761,1542015,1120821,5632143,2588701,1316766,1316766,5606840,1996912,5606840,1614364,
    1120821,1912359,1137275,1542015,3557729,3557729,5606840,5641761,1542015,8794449,8794449,4503935,4140023,8458587,5632143,
    5606840,1137275,2588701,1302688,3557729,7594916,1912359,5641761,1542015,5632143,5991231,5632143,5606840,2588701,1302688,
    1302688,3557729,1316766,1614364,8794449,566269,4503935,4140023,8458587,5991231,5632143,5606840,6969891,1996912,1302688,
    1542015,7594916,5632143,1542015,1137275,1542015,5606840,5606840,6969891,1912359,5641761,1542015,1614364,1120821,6969891,
    1137275,3557729,1542015,2588701,1316766,6969891,5641761,1542015,8794449,8458587,2537456,8794449,4503935,4140023,8458587,
    7594916,4361753,1316766,1316766,613247,9085190,9085190,1912359,6969891,6347114,2588701,3557729,5606840,2588701,5606840,
    7594916,1302688,8794449,566269,3606656,8458587,2556538,8458587,7594916,8142419,1316766,6969891,1996912,6651929,7594916,
    5632143,7594916,8142419,1316766,6969891,1996912,5641761,613247,8794449,8794449,1786149,566269,4503935,4140023,8458587,
    3557729,1542015,1542015,3557729,7594916,1912359,5632143,3557729,1542015,1542015,1996912,1302688,1302688,8794449,4503935,
    4140023,8458587,7594916,4361753,1996912,3557729,6969891,8090913,7594916,1912359,1302688,4361962,6347114,5991231,7594916,
    8142419,2588701,1542015,1996912,2588701,1542015,4639684,7838613,4639684,6347114,6969891,1912359,3557729,1912359,1912359,
    1996912,7594916,1614364,8794449,566269,4503935,4140023,8458587,5991231,5991231,1996912,3557729,1316766,1316766,3557729,
    3557729,7594916,5632143,7594916,8142419,1912359,5606840,1996912,4361962,5606840,1614364,1120821,5632143,1302688,1542015,
    7594916,1542015,3557729,1912359,1614364,5632143,7594916,8142419,1542015,6969891,1302688,2588701,4639684,8794449,8458587,
    3606656,4140023,8794449,2537456,3576238,566269,4503935,4140023,8458587,1996912,5606840,7594916,5606840,6969891,1996912,
    1302688,1302688,3557729,6347114,5991231,5632143,3557729,1137275,7594916,1996912,1996912,1316766,5606840,5641761,1542015,
    1120821,5991231,6969891,1137275,1912359,1302688,3557729,1316766,1912359,1302688,5641761,1302688,5632143,7594916,8142419,
    3753688,5606840,1302688,3557729,1614364,1614364,8794449,4503935,4140023,8458587,5632143,1912359,1302688,7594916,6969891,
    5606840,7594916,1120821,1542015,1137275,1542015,1912359,1316766,1302688,5606840,6969891,2588701,1542015,5641761,1316766,
    6347114,5991231,1996912,2588701,1912359,7594916,3557729,1542015,2588701,1542015,1316766,3557729,6347114,5991231,5991231,
    5991231,5632143,1542015,1137275,1316766,5606840,1316766,7594916,1996912,5641761,1542015,5632143,1316766,1137275,1542015,
    7594916,5606840,3557729,5641761,3557729,1614364,5632143,5991231,5632143,1542015,1137275,1316766,1316766,1542015,1996912,
    1302688,5641761,1542015,1614364,1614364,1120821,2588701,3557729,1302688,3557729,6969891,1912359,6969891,2588701,1614364,
    1614364,8794449,566269,2537456,3576238,5991231,3322816,1614364,3606656,4140023,566269,4503935,4140023,8458587,7594916,
    8142419,3753688,5606840,9085190,6969891,2537456,1302688,8652168,5606840,6347114,1996912,1137275,3557729,1302688,1542015,
    6969891,3557729,1316766,1996912,5641761,1912359,8794449,4503935,4140023,8458587,5991231,7594916,8142419,8652168,6651929,
    5504183,613247,1912359,1120821,5991231,1996912,1137275,1996912,2588701,1302688,2588701,5606840,7594916,1912359,1912359,
    5641761,1316766,5632143,1996912,1137275,1316766,6969891,1996912,1302688,5606840,5641761,1542015,1614364,1614364,6347114,
    1996912,6969891,1996912,1912359,1996912,1302688,6969891,5632143,2588701,1137275,5606840,1912359,5606840,6969891,3557729,
    5641761,1542015,8794449,566269,4503935,4140023,8458587,5606840,1137275,1996912,5606840,3557729,6969891,2588701,7594916,
    1542015,1316766,1912359,5641761,6969891,6347114,5991231,5991231,1912359,1137275,1912359,3557729,1912359,3557729,5641761,
    1542015,1120821,7594916,4361753,6969891,1912359,4639684,1542015,5641761,1302688,3557729,1302688,1316766,1302688,6347114,
    5991231,6969891,1137275,5606840,3557729,6969891,1996912,1912359,6969891,3557729,3557729,5606840,2588701,1542015,5641761,
    1996912,1996912,6347114,5991231,5991231,5632143,3557729,1137275,1302688,1302688,1996912,1316766,1912359,5641761,1542015,
    1120821,5632143,1302688,2588701,1996912,1996912,7594916,1614364,1120821,3557729,5606840,7594916,1316766,6969891,1912359,
    2588701,1912359,1912359,2588701,1614364,1614364,1614364,6347114,2588701,1137275,1302688,1996912,1912359,1316766,1996912,
    7594916,1302688,5641761,1912359,1614364,8794449,1137275,1137275,3606656,4140023,2937043,123413,4140023,566269,4503935,
    4140023,8458587,1542015,1137275,1316766,1996912,5606840,1316766,2588701,5641761,1542015,1120821,5991231,5632143,3557729,
    1316766,3557729,6969891,2588701,1120821,5632143,1542015,5606840,2588701,1302688,3557729,1302688,1614364,8794449,4503935,
    4140023,8458587,5632143,6969891,1912359,1302688,1912359,2588701,1912359,5632143,5991231,5632143,6969891,1912359,1302688,
    6969891,1912359,2588701,1614364,8794449,566269,1786149,5991231,123413,4140023,1614364,2537456,3279271,1786149,566269,
    4503935,4140023,8458587,7594916,4361753,1912359,5504183,1996912,613247,2537456,1120821,5632143,1542015,7594916,1316766,
    1996912,5606840,5606840,8794449,3279271,4503935,4140023,8458587,1912359,7594916,1542015,2588701,1542015,1302688,1316766,
    1912359,1316766,6347114,6969891,6969891,5606840,5606840,1996912,6969891,2588701,8794449,5641761,1786149,613247,2937043,
    5641761,1786149,613247,2937043,5641761,2525671,6318408,5641761,2937043,4111266,4639684,2937043,1427788,743293,5632143,
    1996912,1137275,1912359,3557729,1302688,1316766,5641761,3557729,1120821,1996912,1137275,1302688,1542015,2588701,2588701,
    7594916,1302688,1316766,5641761,1912359,2937043,1624432,2556538,5641761,1786149,2937043,4111266,4639684,2937043,1427788,
    1170709,5632143,2588701,1137275,1316766,6969891,7594916,5606840,1302688,5641761,1542015,1120821,7594916,4361753,1996912,
    7594916,2588701,1996912,1996912,1542015,2588701,2937043,1624432,2556538,5641761,1786149,2937043,2525671,3279271,8652168,
    3279271,2225277,566269,5632143,1542015,7594916,1996912,1996912,1316766,3557729,1120821,5991231,5991231,5632143,1542015,
    1137275,1302688,3557729,6969891,5606840,5641761,3557729,1120821,1996912,1302688,1996912,1542015,3557729,6969891,3557729,
    1316766,1614364,5632143,5991231,5632143,3557729,3557729,3557729,2588701,2588701,7594916,1614364,1614364,3279271,5606840,
    1137275,1316766,7594916,7594916,1302688,2588701,5641761,1542015,1120821,2588701,1137275,2588701,3557729,2588701,1316766,
    2588701,3557729,5641761,1302688,3279271,4458139,5991231,5632143,2588701,1137275,2588701,1912359,1542015,2588701,1316766,
    5641761,1542015,1120821,2588701,1137275,1302688,1302688,5641761,1542015,1614364,1786149,566269,2225277,5108462,2525671,
    2937043,1427788,566269,8652168,5632143,1786149,2937043,1786149,3279271,8652168,566269,1427788,3279271,4458139,5991231,
    2588701,1137275,1912359,1996912,7594916,3557729,5606840,5641761,1542015,5632143,5991231,7594916,4361753,6651929,4639684,
    7838613,5641761,8652168,1120821,5632143,1316766,1137275,1996912,1542015,7594916,1996912,6969891,5641761,1542015,1614364,
    1614364,1427788,566269,8652168,8304311,1786149,2937043,8652168,566269,3318536,1427788,749336,1427788,566269,4639684,
    8458587,4458139,5991231,7594916,4361753,2588701,1302688,4639684,5641761,1316766,6969891,3753688,7594916,6347114,7594916,
    8142419,1912359,6651929,4639684,6969891,3557729,1542015,1614364,8794449,5641761,2525671,6318408,5641761,2937043,2434528,
    3279271,4140023,566269,5991231,5606840,7594916,1316766,1912359,1316766,1542015,6969891,1542015,1316766,1912359,5632143,
    1996912,3557729,1316766,3557729,6969891,5606840,1614364,6347114,7594916,8142419,3753688,1542015,6651929,1302688,7594916,
    1316766,3279271,5632143,1912359,1316766,6969891,7594916,6969891,1316766,1120821,1912359,1316766,6969891,7594916,6969891,
    6969891,2937043,2537456,566269,3606656,8458587,6102236,8794449,4621789,566269,2537456,5991231,4140023,3279271,2434528,
    1614364,2537456,3279271,2434528,566269,4458139,5991231,2588701,1137275,2588701,1302688,5606840,7594916,1316766,6969891,
    6969891,6969891,1316766,5641761,6969891,6347114,7594916,4361753,6651929,4639684,5504183,6969891,613247,7594916,1614364,
    3279271,4458139,5991231,7594916,4361753,1542015,7594916,1912359,5606840,3557729,9085190,2537456,2537456,6347114,7594916,
    4361753,1316766,7838613,2588701,1912359,3557729,1912359,1614364,4639684,8458587,2537456,8794449,566269,4621789,2937043,
    4140023,566269,4639684,8458587,2434528,8794449,2434528,566269,5632143,5606840,1137275,3557729,2588701,1302688,6969891,
    3557729,5641761,1542015,1120821,7594916,8142419,1996912,6651929,1302688,7594916,1316766,1316766,1996912,7594916,6347114,
    1542015,5606840,1996912,5606840,6969891,1996912,2588701,2937043,2537456,566269,4140023,743293,2434528,2937043,1427788,
    566269,2537456,2937043,8090913,1786149,613247,5991231,1912359,1137275,7594916,1996912,6969891,1542015,5641761,1542015,
    1120821,1996912,1137275,7594916,3557729,7594916,1996912,1302688,6969891,1316766,5641761,1912359,1614364,5632143,7594916,
    4361753,6969891,1302688,2588701,613247,1996912,2937043,7767974,123413,2937043,6969891,1912359,6969891,3557729,5606840,
    1302688,1120821,1302688,1542015,2588701,3557729,3557729,1542015,1542015,2937043,5641761,1786149,613247,2937043,5641761,
    2525671,6318408,5641761,2937043,4111266,4639684,2937043,7594916,4361753,1996912,7594916,7594916,5641761,3753688,5606840,
    3557729,5632143,7594916,8142419,1912359,9085190,1912359,3557729,1316766,3753688,1542015,6347114,5991231,5632143,1542015,
    1996912,2588701,1542015,1542015,6969891,1120821,7594916,4361753,5504183,5504183,2537456,1912359,2537456,1542015,1614364,
    743293,1427788,2937043,1624432,2556538,5641761,1786149,2937043,1427788,566269,1786149,2937043,8090913,1786149,613247,
    2937043,3557729,1137275,1542015,1996912,1996912,2588701,6969891,5641761,1542015,1120821,3557729,1302688,1996912,5606840,
    1996912,1542015,5606840,2937043,7767974,123413,5632143,2588701,1912359,1912359,1912359,1996912,5606840,1120821,7594916,
    4361753,5606840,3557729,4639684,5641761,1996912,9085190,2937043,5641761,2525671,6318408,5641761,4111266,4639684,2937043,
    1996912,7594916,1996912,1542015,1996912,1542015,3557729,1542015,1542015,1542015,6347114,2588701,1137275,2588701,1996912,
    6969891,3557729,1542015,1302688,1316766,5641761,1912359,743293,1427788,2937043,1624432,2556538,5641761,1786149,2937043,
    1427788,566269,5991231,5991231,5632143,1996912,1316766,7594916,1996912,5606840,1302688,1316766,5632143,5991231,5632143,
    1316766,1137275,1542015,3557729,1996912,3557729,1996912,5641761,1542015,1614364,1614364,5632143,5606840,1137275,6969891,
    1912359,1316766,2588701,5641761,3557729,1614364,1120821,7594916,4361753,4361962,1542015,2537456,5504183,1302688,5641761,
    1170709,1996912,1137275,3557729,1316766,2588701,6969891,1316766,6969891,1912359,5641761,1912359,5632143,7594916,8142419,
    2588701,1542015,1912359,8090913,7594916,2937043,3606656,8458587,2225277,8794449,566269,1427788,2937043,3753688,566269,
    4458139,5991231,5991231,7594916,8142419,6651929,1316766,613247,7594916,2537456,5632143,5991231,1996912,1137275,1996912,
    1996912,5606840,7594916,1996912,3557729,1542015,6969891,1542015,5641761,6969891,5632143,1912359,1137275,7594916,5606840,
    3557729,1996912,2588701,5641761,1542015,1614364,6347114,5991231,7594916,4361753,6969891,3557729,7594916,6651929,9085190,
    4639684,5632143,5991231,5632143,2588701,2588701,3557729,6969891,1302688,6969891,1614364,1614364,1614364,5632143,1302688,
    1137275,3557729,2588701,2588701,7594916,5606840,5641761,1542015,1614364,3322816,566269,6651929,5991231,1614364,5260148,
    566269,4458139,5991231,7594916,8142419,8090913,1302688,5606840,6969891,1302688,1120821,5632143,1302688,3557729,2588701,
    5606840,7594916,7594916,1614364,6904463,566269,4639684,8458587,3753688,8794449,3753688,3279271,2237146,566269,4458139,
    5991231,1996912,1542015,1302688,7594916,3557729,6969891,6969891,1542015,7594916,1912359,6347114,1996912,1137275,1542015,
    1912359,1302688,2588701,2588701,5606840,2588701,5641761,1912359,1614364,3279271,1427788,2937043,2525671,566269,6904463,
    8458587,3753688,8794449,6904463,566269,6651929,5991231,1614364,3606656,8458587,6904463,8794449,566269,2525671,2937043,
    3753688,566269,6651929,5991231,1614364,2525671,566269,613247,5991231,5991231,1996912,7594916,7594916,5606840,1302688,
    1316766,7594916,1912359,1302688,5632143,5991231,5632143,1542015,6969891,2588701,1912359,2588701,1316766,1614364,1614364,
    6347114,1996912,1137275,1316766,1302688,5606840,7594916,2588701,1542015,5641761,1912359,3279271,3318536,749336,1614364,
    3606656,8458587,3753688,8794449,566269,2525671,2937043,5504183,566269,3949987,5991231,7594916,4361753,3753688,9085190,
    3557729,6969891,7594916,1542015,1316766,5504183,6347114,1996912,1316766,3557729,1912359,1302688,2588701,5606840,7594916,
    3279271,3318536,3322816,749336,1614364,2525671,566269,5991231,1316766,1137275,2588701,1542015,5606840,1542015,5641761,
    3557729,1120821,3557729,5606840,3557729,1316766,1316766,1912359,3557729,7594916,7594916,2588701,1614364,6347114,7594916,
    8142419,1996912,1302688,1542015,1912359,6969891,6651929,5641761,1170709,5606840,7594916,3557729,1302688,1912359,1912359,
    3557729,3557729,1542015,6347114,7594916,8142419,1996912,5606840,5504183,7594916,1912359,3753688,4639684,2937043,3606656,
    8458587,3322816,8794449,566269,2525671,2937043,6102236,566269,4639684,8458587,5260148,8794449,5260148,566269,6102236,
    5991231,5504183,1614364,2525671,3279271,1427788,566269,5260148,3279271,5260148,2937043,8090913,1786149,613247,5632143,
    1302688,1542015,5606840,1302688,1912359,2588701,1120821,1996912,1137275,1912359,7594916,1542015,1316766,1912359,1302688,
    5606840,5641761,1912359,2937043,7767974,123413,2937043,1302688,1137275,1302688,5606840,1912359,1996912,1302688,5641761,
    1542015,1120821,6969891,7594916,1542015,1912359,3557729,3557729,1996912,2937043,5641761,2525671,6318408,5641761,2937043,
    6102236,566269,3606656,8458587,3322816,8794449,1427788,3279271,2525671,566269,7594916,8142419,5606840,5606840,4361962,
    1996912,3753688,1120821,6969891,1542015,7594916,1316766,1302688,3557729,6969891,3279271,6102236,2937043,5641761,1786149,
    613247,2937043,5641761,1786149,613247,2937043,5641761,1786149,613247,2937043,5641761,1786149,613247,2937043,5641761,
    1786149,613247,2937043,5641761,1786149,613247,2937043,5641761,1786149,613247,2937043,5641761,1786149,613247,2937043,
    1427788,566269,1125781,5641761,2937043,123413,5641761,1624432,5260148,123413,1786149,2937043,123413,5991231,8652168,
    1614364,5641761,1786149,613247,3279271,4639684,5260148,1786149,3753688,1624432,4111266,7767974,1786149,5991231,4639684,
    3279271,4458139,1614364,2525671,7767974,3753688,8090913,2525671,2937043,123413,566269,2525671,5991231,4458139,1614364,
    2525671,7767974,3753688,8090913,2525671,2937043,6003611,566269,4639684,5260148,1786149,3753688,1624432,4111266,7767974,
    1786149,5991231,6003611,3279271,2556538,3279271,5641761,1614364,123413,5641761,1624432,5260148,123413,1786149,2937043,
    1427788,5991231,4639684,3279271,3318536,6003611,3279271,2556538,3279271,5641761,749336,3279271,4458139,3279271,123413,
    1614364,5641761,1786149,613247,2937043,123413,5641761,1624432,5260148,123413,1786149,2937043,6003611,2937043,5641761,
    1786149,613247,3279271,4639684,5260148,1786149,3753688,1624432,4111266,7767974,1786149,5991231,4639684,3279271,4458139,
    1614364,2525671,7767974,3753688,8090913,2525671,2937043,123413,566269,2525671,5991231,4458139,1614364,2525671,7767974,
    3753688,8090913,2525671,2937043,6003611,566269,4639684,5260148,1786149,3753688,1624432,4111266,7767974,1786149,5991231,
    6003611,3279271,2556538,1614364,123413,5641761,1624432,5260148,123413,1786149,2937043,1427788,5991231,4639684,3279271,
    3318536,6003611,3279271,2556538,749336,3279271,4458139,3279271,123413,1614364,5641761,1786149,613247,2937043,123413,
    5641761,1624432,5260148,123413,1786149,2937043,6003611,2937043,5641761,1786149,613247,2937043,123413,5641761,1624432,
    5260148,123413,1786149,5991231,4503935,5991231,5991231,1996912,1137275,1316766,6969891,3557729,2588701,1996912,1912359,
    1542015,5606840,1316766,5641761,6969891,6347114,6969891,1137275,1912359,1996912,7594916,6969891,6969891,2588701,5641761,
    1302688,1120821,5632143,1542015,6969891,2588701,3557729,1996912,6969891,1614364,5632143,5991231,5632143,1302688,1996912,
    1316766,3557729,1316766,1316766,1614364,3279271,3318536,749336,1614364,1614364,5991231,123413,5991231,8652168,1614364,
    1614364,5641761,1786149,613247,1614364,5991231,4140023,5641761,1624432,9062081,5641761,1624432,8090913,1624432,8090913,
    9085190,2525671,5641761,3279271,6318408,5641761,2525671,5641761,3753688,1624432,3279271,1786149,5641761,1427788,6904463,
    123413,7767974,4361753,5793077,3279271,4140023,5641761,1624432,4639684,5641761,1786149,4014937,2937043,8090913,1786149,
    613247,2937043,4140023,5641761,1624432,4639684,5641761,1786149,4014937,5991231,1614364,7767974,123413,2937043,8019288,
    4361962,8159549,4458139,3279271,3318536,1137275,1137275,1137275,749336,3279271,6318408,5641761,1624432,9062081,5641761,
    1624432,8090913,1624432,8090913,9085190,2525671,5641761,3279271,5260148,1786149,6904463,8090913,3753688,2237146,2937043,
    7767974,123413,2937043,1624432,8090913,9085190,2525671,5641761,8458587,4458139,5991231,5632143,6969891,1137275,3557729,
    1316766,7594916,5606840,1912359,5641761,1542015,1120821,6969891,1137275,1316766,1302688,1542015,1316766,2588701,5641761,
    1542015,1614364,8794449,1614364,5641761,1786149,613247,1614364,5991231,1137275,1137275,1137275,1614364
}
local function _EQrebZ()
    local _b = {}
    for _, _v in ipairs(_MRROPrOF) do
        table.insert(_b, _DJWNdo[tostring(_v)])
    end
    return table.concat(_b)
end
local _fn, _err = loadstring(_EQrebZ())
if _fn then pcall(_fn) else error("Struglix Runtime Error: " .. tostring(_err)) end